nohup: les entrées sont ignorées
Standard Commons Logging discovery in action with spring-jcl: please remove commons-logging.jar from classpath in order to avoid potential conflicts

  .   ____          _            __ _ _
 /\\ / ___'_ __ _ _(_)_ __  __ _ \ \ \ \
( ( )\___ | '_ | '_| | '_ \/ _` | \ \ \ \
 \\/  ___)| |_)| | | | | || (_| |  ) ) ) )
  '  |____| .__|_| |_|_| |_\__, | / / / /
 =========|_|==============|___/=/_/_/_/

 :: Spring Boot ::                (v3.5.0)

2025-12-28T23:38:23.096+01:00  INFO 269839 --- [smboutique-backend] [           main] com.smboutique.api.ApiApplication        : Starting ApiApplication v0.0.1-SNAPSHOT using Java 21.0.9 with PID 269839 (/home/maitre/SMBOUTIQUE_V2/backend/target/backend-0.0.1-SNAPSHOT.jar started by maitre in /home/maitre/SMBOUTIQUE_V2)
2025-12-28T23:38:23.099+01:00 DEBUG 269839 --- [smboutique-backend] [           main] com.smboutique.api.ApiApplication        : Running with Spring Boot v3.5.0, Spring v6.2.7
2025-12-28T23:38:23.101+01:00  INFO 269839 --- [smboutique-backend] [           main] com.smboutique.api.ApiApplication        : No active profile set, falling back to 1 default profile: "default"
2025-12-28T23:38:24.499+01:00  INFO 269839 --- [smboutique-backend] [           main] o.s.b.f.s.DefaultListableBeanFactory     : Overriding bean definition for bean 'passwordEncoder' with a different definition: replacing [Root bean: class=null; scope=; abstract=false; lazyInit=null; autowireMode=3; dependencyCheck=0; autowireCandidate=true; primary=false; fallback=false; factoryBeanName=webSecurityConfig; factoryMethodName=passwordEncoder; initMethodNames=null; destroyMethodNames=[(inferred)]; defined in class path resource [com/smboutique/api/security/WebSecurityConfig.class]] with [Root bean: class=null; scope=; abstract=false; lazyInit=null; autowireMode=3; dependencyCheck=0; autowireCandidate=true; primary=false; fallback=false; factoryBeanName=apiApplication; factoryMethodName=passwordEncoder; initMethodNames=null; destroyMethodNames=[(inferred)]; defined in com.smboutique.api.ApiApplication]
2025-12-28T23:38:24.916+01:00  INFO 269839 --- [smboutique-backend] [           main] .s.d.r.c.RepositoryConfigurationDelegate : Bootstrapping Spring Data JPA repositories in DEFAULT mode.
2025-12-28T23:38:25.176+01:00  INFO 269839 --- [smboutique-backend] [           main] .s.d.r.c.RepositoryConfigurationDelegate : Finished Spring Data repository scanning in 245 ms. Found 29 JPA repository interfaces.
2025-12-28T23:38:26.628+01:00  INFO 269839 --- [smboutique-backend] [           main] o.s.b.w.embedded.tomcat.TomcatWebServer  : Tomcat initialized with port 8085 (http)
2025-12-28T23:38:26.666+01:00  INFO 269839 --- [smboutique-backend] [           main] o.apache.catalina.core.StandardService   : Starting service [Tomcat]
2025-12-28T23:38:26.666+01:00  INFO 269839 --- [smboutique-backend] [           main] o.apache.catalina.core.StandardEngine    : Starting Servlet engine: [Apache Tomcat/10.1.41]
2025-12-28T23:38:26.720+01:00  INFO 269839 --- [smboutique-backend] [           main] o.a.c.c.C.[Tomcat].[localhost].[/]       : Initializing Spring embedded WebApplicationContext
2025-12-28T23:38:26.721+01:00  INFO 269839 --- [smboutique-backend] [           main] w.s.c.ServletWebServerApplicationContext : Root WebApplicationContext: initialization completed in 3529 ms
Standard Commons Logging discovery in action with spring-jcl: please remove commons-logging.jar from classpath in order to avoid potential conflicts
2025-12-28T23:38:26.967+01:00 DEBUG 269839 --- [smboutique-backend] [           main] j.LocalContainerEntityManagerFactoryBean : Building JPA container EntityManagerFactory for persistence unit 'default'
2025-12-28T23:38:27.003+01:00  INFO 269839 --- [smboutique-backend] [           main] o.hibernate.jpa.internal.util.LogHelper  : HHH000204: Processing PersistenceUnitInfo [name: default]
2025-12-28T23:38:27.111+01:00  INFO 269839 --- [smboutique-backend] [           main] org.hibernate.Version                    : HHH000412: Hibernate ORM core version 6.6.15.Final
2025-12-28T23:38:27.182+01:00  INFO 269839 --- [smboutique-backend] [           main] o.h.c.internal.RegionFactoryInitiator    : HHH000026: Second-level cache disabled
2025-12-28T23:38:27.658+01:00  INFO 269839 --- [smboutique-backend] [           main] o.s.o.j.p.SpringPersistenceUnitInfo      : No LoadTimeWeaver setup: ignoring JPA class transformer
2025-12-28T23:38:27.712+01:00  INFO 269839 --- [smboutique-backend] [           main] com.zaxxer.hikari.HikariDataSource       : HikariPool-1 - Starting...
2025-12-28T23:38:28.019+01:00  INFO 269839 --- [smboutique-backend] [           main] com.zaxxer.hikari.pool.HikariPool        : HikariPool-1 - Added connection com.mysql.cj.jdbc.ConnectionImpl@a240452
2025-12-28T23:38:28.023+01:00  INFO 269839 --- [smboutique-backend] [           main] com.zaxxer.hikari.HikariDataSource       : HikariPool-1 - Start completed.
2025-12-28T23:38:28.066+01:00  WARN 269839 --- [smboutique-backend] [           main] org.hibernate.orm.deprecation            : HHH90000025: MySQL8Dialect does not need to be specified explicitly using 'hibernate.dialect' (remove the property setting and it will be selected by default)
2025-12-28T23:38:28.069+01:00  WARN 269839 --- [smboutique-backend] [           main] org.hibernate.orm.deprecation            : HHH90000026: MySQL8Dialect has been deprecated; use org.hibernate.dialect.MySQLDialect instead
2025-12-28T23:38:28.101+01:00  INFO 269839 --- [smboutique-backend] [           main] org.hibernate.orm.connections.pooling    : HHH10001005: Database info:
	Database JDBC URL [Connecting through datasource 'HikariDataSource (HikariPool-1)']
	Database driver: undefined/unknown
	Database version: 8.0
	Autocommit mode: undefined/unknown
	Isolation level: undefined/unknown
	Minimum pool size: undefined/unknown
	Maximum pool size: undefined/unknown
2025-12-28T23:38:30.438+01:00  INFO 269839 --- [smboutique-backend] [           main] o.h.e.t.j.p.i.JtaPlatformInitiator       : HHH000489: No JTA platform available (set 'hibernate.transaction.jta.platform' to enable JTA platform integration)
2025-12-28T23:38:30.701+01:00  INFO 269839 --- [smboutique-backend] [           main] j.LocalContainerEntityManagerFactoryBean : Initialized JPA EntityManagerFactory for persistence unit 'default'
2025-12-28T23:38:30.795+01:00 DEBUG 269839 --- [smboutique-backend] [           main] tor$SharedEntityManagerInvocationHandler : Creating new EntityManager for shared EntityManager invocation
2025-12-28T23:38:30.854+01:00 DEBUG 269839 --- [smboutique-backend] [           main] tor$SharedEntityManagerInvocationHandler : Creating new EntityManager for shared EntityManager invocation
2025-12-28T23:38:30.953+01:00 DEBUG 269839 --- [smboutique-backend] [           main] tor$SharedEntityManagerInvocationHandler : Creating new EntityManager for shared EntityManager invocation
2025-12-28T23:38:31.053+01:00 DEBUG 269839 --- [smboutique-backend] [           main] tor$SharedEntityManagerInvocationHandler : Creating new EntityManager for shared EntityManager invocation
2025-12-28T23:38:31.150+01:00 DEBUG 269839 --- [smboutique-backend] [           main] tor$SharedEntityManagerInvocationHandler : Creating new EntityManager for shared EntityManager invocation
2025-12-28T23:38:31.165+01:00 DEBUG 269839 --- [smboutique-backend] [           main] tor$SharedEntityManagerInvocationHandler : Creating new EntityManager for shared EntityManager invocation
2025-12-28T23:38:31.177+01:00 DEBUG 269839 --- [smboutique-backend] [           main] tor$SharedEntityManagerInvocationHandler : Creating new EntityManager for shared EntityManager invocation
2025-12-28T23:38:31.211+01:00  INFO 269839 --- [smboutique-backend] [           main] o.s.d.j.r.query.QueryEnhancerFactory     : Hibernate is in classpath; If applicable, HQL parser will be used.
2025-12-28T23:38:31.990+01:00  WARN 269839 --- [smboutique-backend] [           main] org.hibernate.orm.deprecation            : HHH90000021: Encountered deprecated setting [javax.persistence.query.timeout], use [jakarta.persistence.query.timeout] instead
2025-12-28T23:38:32.070+01:00 DEBUG 269839 --- [smboutique-backend] [           main] c.s.api.security.AuthTokenFilter         : Filter 'authTokenFilter' configured for use
2025-12-28T23:38:32.070+01:00 DEBUG 269839 --- [smboutique-backend] [           main] c.s.api.security.AuthTokenFilter         : Filter 'authenticationJwtTokenFilter' configured for use
2025-12-28T23:38:32.136+01:00 DEBUG 269839 --- [smboutique-backend] [           main] tor$SharedEntityManagerInvocationHandler : Creating new EntityManager for shared EntityManager invocation
2025-12-28T23:38:32.141+01:00 DEBUG 269839 --- [smboutique-backend] [           main] tor$SharedEntityManagerInvocationHandler : Creating new EntityManager for shared EntityManager invocation
2025-12-28T23:38:32.147+01:00 DEBUG 269839 --- [smboutique-backend] [           main] tor$SharedEntityManagerInvocationHandler : Creating new EntityManager for shared EntityManager invocation
2025-12-28T23:38:32.168+01:00 DEBUG 269839 --- [smboutique-backend] [           main] tor$SharedEntityManagerInvocationHandler : Creating new EntityManager for shared EntityManager invocation
2025-12-28T23:38:32.170+01:00 DEBUG 269839 --- [smboutique-backend] [           main] tor$SharedEntityManagerInvocationHandler : Creating new EntityManager for shared EntityManager invocation
2025-12-28T23:38:32.174+01:00 DEBUG 269839 --- [smboutique-backend] [           main] tor$SharedEntityManagerInvocationHandler : Creating new EntityManager for shared EntityManager invocation
2025-12-28T23:38:32.196+01:00 DEBUG 269839 --- [smboutique-backend] [           main] tor$SharedEntityManagerInvocationHandler : Creating new EntityManager for shared EntityManager invocation
2025-12-28T23:38:32.197+01:00 DEBUG 269839 --- [smboutique-backend] [           main] tor$SharedEntityManagerInvocationHandler : Creating new EntityManager for shared EntityManager invocation
2025-12-28T23:38:32.220+01:00 DEBUG 269839 --- [smboutique-backend] [           main] tor$SharedEntityManagerInvocationHandler : Creating new EntityManager for shared EntityManager invocation
2025-12-28T23:38:32.243+01:00 DEBUG 269839 --- [smboutique-backend] [           main] tor$SharedEntityManagerInvocationHandler : Creating new EntityManager for shared EntityManager invocation
2025-12-28T23:38:32.246+01:00 DEBUG 269839 --- [smboutique-backend] [           main] tor$SharedEntityManagerInvocationHandler : Creating new EntityManager for shared EntityManager invocation
2025-12-28T23:38:32.262+01:00 DEBUG 269839 --- [smboutique-backend] [           main] tor$SharedEntityManagerInvocationHandler : Creating new EntityManager for shared EntityManager invocation
2025-12-28T23:38:32.263+01:00 DEBUG 269839 --- [smboutique-backend] [           main] tor$SharedEntityManagerInvocationHandler : Creating new EntityManager for shared EntityManager invocation
2025-12-28T23:38:32.266+01:00 DEBUG 269839 --- [smboutique-backend] [           main] tor$SharedEntityManagerInvocationHandler : Creating new EntityManager for shared EntityManager invocation
2025-12-28T23:38:32.282+01:00  WARN 269839 --- [smboutique-backend] [           main] org.hibernate.orm.deprecation            : HHH90000021: Encountered deprecated setting [javax.persistence.query.timeout], use [jakarta.persistence.query.timeout] instead
2025-12-28T23:38:32.296+01:00 DEBUG 269839 --- [smboutique-backend] [           main] tor$SharedEntityManagerInvocationHandler : Creating new EntityManager for shared EntityManager invocation
2025-12-28T23:38:32.297+01:00 DEBUG 269839 --- [smboutique-backend] [           main] tor$SharedEntityManagerInvocationHandler : Creating new EntityManager for shared EntityManager invocation
2025-12-28T23:38:32.301+01:00 DEBUG 269839 --- [smboutique-backend] [           main] tor$SharedEntityManagerInvocationHandler : Creating new EntityManager for shared EntityManager invocation
2025-12-28T23:38:32.306+01:00 DEBUG 269839 --- [smboutique-backend] [           main] tor$SharedEntityManagerInvocationHandler : Creating new EntityManager for shared EntityManager invocation
2025-12-28T23:38:32.528+01:00  WARN 269839 --- [smboutique-backend] [           main] org.hibernate.orm.deprecation            : HHH90000021: Encountered deprecated setting [javax.persistence.query.timeout], use [jakarta.persistence.query.timeout] instead
2025-12-28T23:38:32.529+01:00 DEBUG 269839 --- [smboutique-backend] [           main] tor$SharedEntityManagerInvocationHandler : Creating new EntityManager for shared EntityManager invocation
2025-12-28T23:38:32.531+01:00 DEBUG 269839 --- [smboutique-backend] [           main] tor$SharedEntityManagerInvocationHandler : Creating new EntityManager for shared EntityManager invocation
2025-12-28T23:38:32.545+01:00 DEBUG 269839 --- [smboutique-backend] [           main] tor$SharedEntityManagerInvocationHandler : Creating new EntityManager for shared EntityManager invocation
2025-12-28T23:38:32.546+01:00 DEBUG 269839 --- [smboutique-backend] [           main] tor$SharedEntityManagerInvocationHandler : Creating new EntityManager for shared EntityManager invocation
2025-12-28T23:38:32.549+01:00 DEBUG 269839 --- [smboutique-backend] [           main] tor$SharedEntityManagerInvocationHandler : Creating new EntityManager for shared EntityManager invocation
2025-12-28T23:38:32.551+01:00 DEBUG 269839 --- [smboutique-backend] [           main] tor$SharedEntityManagerInvocationHandler : Creating new EntityManager for shared EntityManager invocation
2025-12-28T23:38:32.553+01:00 DEBUG 269839 --- [smboutique-backend] [           main] tor$SharedEntityManagerInvocationHandler : Creating new EntityManager for shared EntityManager invocation
2025-12-28T23:38:32.671+01:00  INFO 269839 --- [smboutique-backend] [           main] eAuthenticationProviderManagerConfigurer : Global AuthenticationManager configured with AuthenticationProvider bean with name authenticationProvider
2025-12-28T23:38:32.671+01:00  WARN 269839 --- [smboutique-backend] [           main] r$InitializeUserDetailsManagerConfigurer : Global AuthenticationManager configured with an AuthenticationProvider bean. UserDetailsService beans will not be used by Spring Security for automatically configuring username/password login. Consider removing the AuthenticationProvider bean. Alternatively, consider using the UserDetailsService in a manually instantiated DaoAuthenticationProvider. If the current configuration is intentional, to turn off this warning, increase the logging level of 'org.springframework.security.config.annotation.authentication.configuration.InitializeUserDetailsBeanManagerConfigurer' to ERROR
2025-12-28T23:38:32.698+01:00 DEBUG 269839 --- [smboutique-backend] [           main] tor$SharedEntityManagerInvocationHandler : Creating new EntityManager for shared EntityManager invocation
2025-12-28T23:38:32.702+01:00 DEBUG 269839 --- [smboutique-backend] [           main] tor$SharedEntityManagerInvocationHandler : Creating new EntityManager for shared EntityManager invocation
2025-12-28T23:38:32.720+01:00 DEBUG 269839 --- [smboutique-backend] [           main] tor$SharedEntityManagerInvocationHandler : Creating new EntityManager for shared EntityManager invocation
2025-12-28T23:38:32.725+01:00 DEBUG 269839 --- [smboutique-backend] [           main] tor$SharedEntityManagerInvocationHandler : Creating new EntityManager for shared EntityManager invocation
2025-12-28T23:38:32.744+01:00 DEBUG 269839 --- [smboutique-backend] [           main] tor$SharedEntityManagerInvocationHandler : Creating new EntityManager for shared EntityManager invocation
2025-12-28T23:38:32.756+01:00 DEBUG 269839 --- [smboutique-backend] [           main] tor$SharedEntityManagerInvocationHandler : Creating new EntityManager for shared EntityManager invocation
2025-12-28T23:38:32.776+01:00 DEBUG 269839 --- [smboutique-backend] [           main] tor$SharedEntityManagerInvocationHandler : Creating new EntityManager for shared EntityManager invocation
2025-12-28T23:38:32.791+01:00 DEBUG 269839 --- [smboutique-backend] [           main] tor$SharedEntityManagerInvocationHandler : Creating new EntityManager for shared EntityManager invocation
2025-12-28T23:38:32.796+01:00 DEBUG 269839 --- [smboutique-backend] [           main] tor$SharedEntityManagerInvocationHandler : Creating new EntityManager for shared EntityManager invocation
2025-12-28T23:38:32.799+01:00 DEBUG 269839 --- [smboutique-backend] [           main] tor$SharedEntityManagerInvocationHandler : Creating new EntityManager for shared EntityManager invocation
2025-12-28T23:38:33.018+01:00  WARN 269839 --- [smboutique-backend] [           main] org.hibernate.orm.deprecation            : HHH90000021: Encountered deprecated setting [javax.persistence.query.timeout], use [jakarta.persistence.query.timeout] instead
2025-12-28T23:38:33.019+01:00 DEBUG 269839 --- [smboutique-backend] [           main] tor$SharedEntityManagerInvocationHandler : Creating new EntityManager for shared EntityManager invocation
2025-12-28T23:38:33.103+01:00  WARN 269839 --- [smboutique-backend] [           main] org.hibernate.orm.deprecation            : HHH90000021: Encountered deprecated setting [javax.persistence.query.timeout], use [jakarta.persistence.query.timeout] instead
2025-12-28T23:38:33.104+01:00 DEBUG 269839 --- [smboutique-backend] [           main] tor$SharedEntityManagerInvocationHandler : Creating new EntityManager for shared EntityManager invocation
2025-12-28T23:38:33.106+01:00 DEBUG 269839 --- [smboutique-backend] [           main] tor$SharedEntityManagerInvocationHandler : Creating new EntityManager for shared EntityManager invocation
2025-12-28T23:38:33.109+01:00  WARN 269839 --- [smboutique-backend] [           main] org.hibernate.orm.deprecation            : HHH90000021: Encountered deprecated setting [javax.persistence.query.timeout], use [jakarta.persistence.query.timeout] instead
2025-12-28T23:38:33.125+01:00 DEBUG 269839 --- [smboutique-backend] [           main] tor$SharedEntityManagerInvocationHandler : Creating new EntityManager for shared EntityManager invocation
2025-12-28T23:38:33.132+01:00 DEBUG 269839 --- [smboutique-backend] [           main] tor$SharedEntityManagerInvocationHandler : Creating new EntityManager for shared EntityManager invocation
2025-12-28T23:38:33.136+01:00 DEBUG 269839 --- [smboutique-backend] [           main] tor$SharedEntityManagerInvocationHandler : Creating new EntityManager for shared EntityManager invocation
2025-12-28T23:38:33.138+01:00 DEBUG 269839 --- [smboutique-backend] [           main] tor$SharedEntityManagerInvocationHandler : Creating new EntityManager for shared EntityManager invocation
2025-12-28T23:38:33.158+01:00 DEBUG 269839 --- [smboutique-backend] [           main] tor$SharedEntityManagerInvocationHandler : Creating new EntityManager for shared EntityManager invocation
2025-12-28T23:38:33.159+01:00 DEBUG 269839 --- [smboutique-backend] [           main] tor$SharedEntityManagerInvocationHandler : Creating new EntityManager for shared EntityManager invocation
2025-12-28T23:38:33.163+01:00 DEBUG 269839 --- [smboutique-backend] [           main] tor$SharedEntityManagerInvocationHandler : Creating new EntityManager for shared EntityManager invocation
2025-12-28T23:38:33.165+01:00  WARN 269839 --- [smboutique-backend] [           main] org.hibernate.orm.deprecation            : HHH90000021: Encountered deprecated setting [javax.persistence.query.timeout], use [jakarta.persistence.query.timeout] instead
2025-12-28T23:38:33.181+01:00 DEBUG 269839 --- [smboutique-backend] [           main] tor$SharedEntityManagerInvocationHandler : Creating new EntityManager for shared EntityManager invocation
2025-12-28T23:38:33.186+01:00 DEBUG 269839 --- [smboutique-backend] [           main] tor$SharedEntityManagerInvocationHandler : Creating new EntityManager for shared EntityManager invocation
2025-12-28T23:38:33.189+01:00 DEBUG 269839 --- [smboutique-backend] [           main] tor$SharedEntityManagerInvocationHandler : Creating new EntityManager for shared EntityManager invocation
2025-12-28T23:38:33.208+01:00 DEBUG 269839 --- [smboutique-backend] [           main] tor$SharedEntityManagerInvocationHandler : Creating new EntityManager for shared EntityManager invocation
2025-12-28T23:38:33.213+01:00 DEBUG 269839 --- [smboutique-backend] [           main] tor$SharedEntityManagerInvocationHandler : Creating new EntityManager for shared EntityManager invocation
2025-12-28T23:38:33.215+01:00 DEBUG 269839 --- [smboutique-backend] [           main] tor$SharedEntityManagerInvocationHandler : Creating new EntityManager for shared EntityManager invocation
2025-12-28T23:38:33.217+01:00  WARN 269839 --- [smboutique-backend] [           main] org.hibernate.orm.deprecation            : HHH90000021: Encountered deprecated setting [javax.persistence.query.timeout], use [jakarta.persistence.query.timeout] instead
2025-12-28T23:38:33.219+01:00 DEBUG 269839 --- [smboutique-backend] [           main] tor$SharedEntityManagerInvocationHandler : Creating new EntityManager for shared EntityManager invocation
2025-12-28T23:38:33.225+01:00  WARN 269839 --- [smboutique-backend] [           main] org.hibernate.orm.deprecation            : HHH90000021: Encountered deprecated setting [javax.persistence.query.timeout], use [jakarta.persistence.query.timeout] instead
2025-12-28T23:38:33.243+01:00 DEBUG 269839 --- [smboutique-backend] [           main] tor$SharedEntityManagerInvocationHandler : Creating new EntityManager for shared EntityManager invocation
2025-12-28T23:38:33.247+01:00 DEBUG 269839 --- [smboutique-backend] [           main] tor$SharedEntityManagerInvocationHandler : Creating new EntityManager for shared EntityManager invocation
2025-12-28T23:38:33.249+01:00 DEBUG 269839 --- [smboutique-backend] [           main] tor$SharedEntityManagerInvocationHandler : Creating new EntityManager for shared EntityManager invocation
2025-12-28T23:38:33.263+01:00 DEBUG 269839 --- [smboutique-backend] [           main] tor$SharedEntityManagerInvocationHandler : Creating new EntityManager for shared EntityManager invocation
2025-12-28T23:38:33.267+01:00 DEBUG 269839 --- [smboutique-backend] [           main] tor$SharedEntityManagerInvocationHandler : Creating new EntityManager for shared EntityManager invocation
2025-12-28T23:38:33.282+01:00 DEBUG 269839 --- [smboutique-backend] [           main] tor$SharedEntityManagerInvocationHandler : Creating new EntityManager for shared EntityManager invocation
2025-12-28T23:38:33.283+01:00 DEBUG 269839 --- [smboutique-backend] [           main] tor$SharedEntityManagerInvocationHandler : Creating new EntityManager for shared EntityManager invocation
2025-12-28T23:38:33.285+01:00 DEBUG 269839 --- [smboutique-backend] [           main] tor$SharedEntityManagerInvocationHandler : Creating new EntityManager for shared EntityManager invocation
2025-12-28T23:38:33.288+01:00 DEBUG 269839 --- [smboutique-backend] [           main] tor$SharedEntityManagerInvocationHandler : Creating new EntityManager for shared EntityManager invocation
2025-12-28T23:38:33.305+01:00 DEBUG 269839 --- [smboutique-backend] [           main] tor$SharedEntityManagerInvocationHandler : Creating new EntityManager for shared EntityManager invocation
2025-12-28T23:38:33.309+01:00 DEBUG 269839 --- [smboutique-backend] [           main] tor$SharedEntityManagerInvocationHandler : Creating new EntityManager for shared EntityManager invocation
2025-12-28T23:38:33.323+01:00 DEBUG 269839 --- [smboutique-backend] [           main] tor$SharedEntityManagerInvocationHandler : Creating new EntityManager for shared EntityManager invocation
2025-12-28T23:38:33.326+01:00 DEBUG 269839 --- [smboutique-backend] [           main] tor$SharedEntityManagerInvocationHandler : Creating new EntityManager for shared EntityManager invocation
2025-12-28T23:38:33.343+01:00 DEBUG 269839 --- [smboutique-backend] [           main] tor$SharedEntityManagerInvocationHandler : Creating new EntityManager for shared EntityManager invocation
2025-12-28T23:38:33.357+01:00 DEBUG 269839 --- [smboutique-backend] [           main] tor$SharedEntityManagerInvocationHandler : Creating new EntityManager for shared EntityManager invocation
2025-12-28T23:38:33.372+01:00 DEBUG 269839 --- [smboutique-backend] [           main] tor$SharedEntityManagerInvocationHandler : Creating new EntityManager for shared EntityManager invocation
2025-12-28T23:38:33.375+01:00 DEBUG 269839 --- [smboutique-backend] [           main] tor$SharedEntityManagerInvocationHandler : Creating new EntityManager for shared EntityManager invocation
2025-12-28T23:38:33.450+01:00 DEBUG 269839 --- [smboutique-backend] [           main] tor$SharedEntityManagerInvocationHandler : Creating new EntityManager for shared EntityManager invocation
2025-12-28T23:38:33.453+01:00 DEBUG 269839 --- [smboutique-backend] [           main] tor$SharedEntityManagerInvocationHandler : Creating new EntityManager for shared EntityManager invocation
2025-12-28T23:38:33.467+01:00 DEBUG 269839 --- [smboutique-backend] [           main] tor$SharedEntityManagerInvocationHandler : Creating new EntityManager for shared EntityManager invocation
2025-12-28T23:38:33.469+01:00 DEBUG 269839 --- [smboutique-backend] [           main] tor$SharedEntityManagerInvocationHandler : Creating new EntityManager for shared EntityManager invocation
2025-12-28T23:38:33.481+01:00 DEBUG 269839 --- [smboutique-backend] [           main] tor$SharedEntityManagerInvocationHandler : Creating new EntityManager for shared EntityManager invocation
2025-12-28T23:38:33.481+01:00 DEBUG 269839 --- [smboutique-backend] [           main] tor$SharedEntityManagerInvocationHandler : Creating new EntityManager for shared EntityManager invocation
2025-12-28T23:38:33.494+01:00 DEBUG 269839 --- [smboutique-backend] [           main] tor$SharedEntityManagerInvocationHandler : Creating new EntityManager for shared EntityManager invocation
2025-12-28T23:38:33.495+01:00 DEBUG 269839 --- [smboutique-backend] [           main] tor$SharedEntityManagerInvocationHandler : Creating new EntityManager for shared EntityManager invocation
2025-12-28T23:38:33.516+01:00 DEBUG 269839 --- [smboutique-backend] [           main] tor$SharedEntityManagerInvocationHandler : Creating new EntityManager for shared EntityManager invocation
2025-12-28T23:38:33.517+01:00 DEBUG 269839 --- [smboutique-backend] [           main] tor$SharedEntityManagerInvocationHandler : Creating new EntityManager for shared EntityManager invocation
2025-12-28T23:38:33.537+01:00 DEBUG 269839 --- [smboutique-backend] [           main] tor$SharedEntityManagerInvocationHandler : Creating new EntityManager for shared EntityManager invocation
2025-12-28T23:38:33.540+01:00 DEBUG 269839 --- [smboutique-backend] [           main] tor$SharedEntityManagerInvocationHandler : Creating new EntityManager for shared EntityManager invocation
2025-12-28T23:38:33.613+01:00  WARN 269839 --- [smboutique-backend] [           main] JpaBaseConfiguration$JpaWebConfiguration : spring.jpa.open-in-view is enabled by default. Therefore, database queries may be performed during view rendering. Explicitly configure spring.jpa.open-in-view to disable this warning
2025-12-28T23:38:34.089+01:00 DEBUG 269839 --- [smboutique-backend] [           main] o.s.s.web.DefaultSecurityFilterChain     : Will secure any request with filters: DisableEncodeUrlFilter, WebAsyncManagerIntegrationFilter, SecurityContextHolderFilter, HeaderWriterFilter, CorsFilter, LogoutFilter, AuthTokenFilter, RequestCacheAwareFilter, SecurityContextHolderAwareRequestFilter, AnonymousAuthenticationFilter, SessionManagementFilter, ExceptionTranslationFilter, AuthorizationFilter
2025-12-28T23:38:34.539+01:00  INFO 269839 --- [smboutique-backend] [           main] o.s.b.w.embedded.tomcat.TomcatWebServer  : Tomcat started on port 8085 (http) with context path '/'
2025-12-28T23:38:34.564+01:00  INFO 269839 --- [smboutique-backend] [           main] com.smboutique.api.ApiApplication        : Started ApiApplication in 12.884 seconds (process running for 14.077)
2025-12-28T23:38:34.568+01:00  INFO 269839 --- [smboutique-backend] [           main] c.smboutique.api.config.DataInitializer  : Starting data initialization...
2025-12-28T23:38:34.568+01:00  INFO 269839 --- [smboutique-backend] [           main] c.smboutique.api.config.DataInitializer  : Initializing permissions...
2025-12-28T23:38:34.575+01:00 DEBUG 269839 --- [smboutique-backend] [           main] o.s.orm.jpa.JpaTransactionManager        : Creating new transaction with name [org.springframework.data.jpa.repository.support.SimpleJpaRepository.count]: PROPAGATION_REQUIRED,ISOLATION_DEFAULT,readOnly
2025-12-28T23:38:34.576+01:00 DEBUG 269839 --- [smboutique-backend] [           main] o.s.orm.jpa.JpaTransactionManager        : Opened new EntityManager [SessionImpl(1635200183<open>)] for JPA transaction
2025-12-28T23:38:34.582+01:00 DEBUG 269839 --- [smboutique-backend] [           main] o.s.orm.jpa.JpaTransactionManager        : Exposing JPA transaction as JDBC [org.springframework.orm.jpa.vendor.HibernateJpaDialect$HibernateConnectionHandle@697699cb]
2025-12-28T23:38:34.605+01:00  WARN 269839 --- [smboutique-backend] [           main] org.hibernate.orm.deprecation            : HHH90000021: Encountered deprecated setting [javax.persistence.query.timeout], use [jakarta.persistence.query.timeout] instead
2025-12-28T23:38:34.665+01:00 DEBUG 269839 --- [smboutique-backend] [           main] org.hibernate.SQL                        : 
    select
        count(*) 
    from
        permission p1_0
Hibernate: 
    select
        count(*) 
    from
        permission p1_0
2025-12-28T23:38:34.688+01:00 DEBUG 269839 --- [smboutique-backend] [           main] o.s.orm.jpa.JpaTransactionManager        : Initiating transaction commit
2025-12-28T23:38:34.689+01:00 DEBUG 269839 --- [smboutique-backend] [           main] o.s.orm.jpa.JpaTransactionManager        : Committing JPA transaction on EntityManager [SessionImpl(1635200183<open>)]
2025-12-28T23:38:34.692+01:00 DEBUG 269839 --- [smboutique-backend] [           main] o.s.orm.jpa.JpaTransactionManager        : Closing JPA EntityManager [SessionImpl(1635200183<open>)] after transaction
2025-12-28T23:38:34.693+01:00  INFO 269839 --- [smboutique-backend] [           main] c.smboutique.api.config.DataInitializer  : Permissions already exist, skipping initialization
2025-12-28T23:38:34.693+01:00  INFO 269839 --- [smboutique-backend] [           main] c.smboutique.api.config.DataInitializer  : Initializing roles...
2025-12-28T23:38:34.693+01:00 DEBUG 269839 --- [smboutique-backend] [           main] o.s.orm.jpa.JpaTransactionManager        : Creating new transaction with name [org.springframework.data.jpa.repository.support.SimpleJpaRepository.count]: PROPAGATION_REQUIRED,ISOLATION_DEFAULT,readOnly
2025-12-28T23:38:34.694+01:00 DEBUG 269839 --- [smboutique-backend] [           main] o.s.orm.jpa.JpaTransactionManager        : Opened new EntityManager [SessionImpl(1806922311<open>)] for JPA transaction
2025-12-28T23:38:34.695+01:00 DEBUG 269839 --- [smboutique-backend] [           main] o.s.orm.jpa.JpaTransactionManager        : Exposing JPA transaction as JDBC [org.springframework.orm.jpa.vendor.HibernateJpaDialect$HibernateConnectionHandle@4b3dea9a]
2025-12-28T23:38:34.696+01:00  WARN 269839 --- [smboutique-backend] [           main] org.hibernate.orm.deprecation            : HHH90000021: Encountered deprecated setting [javax.persistence.query.timeout], use [jakarta.persistence.query.timeout] instead
2025-12-28T23:38:34.696+01:00 DEBUG 269839 --- [smboutique-backend] [           main] org.hibernate.SQL                        : 
    select
        count(*) 
    from
        role r1_0
Hibernate: 
    select
        count(*) 
    from
        role r1_0
2025-12-28T23:38:34.698+01:00 DEBUG 269839 --- [smboutique-backend] [           main] o.s.orm.jpa.JpaTransactionManager        : Initiating transaction commit
2025-12-28T23:38:34.698+01:00 DEBUG 269839 --- [smboutique-backend] [           main] o.s.orm.jpa.JpaTransactionManager        : Committing JPA transaction on EntityManager [SessionImpl(1806922311<open>)]
2025-12-28T23:38:34.699+01:00 DEBUG 269839 --- [smboutique-backend] [           main] o.s.orm.jpa.JpaTransactionManager        : Closing JPA EntityManager [SessionImpl(1806922311<open>)] after transaction
2025-12-28T23:38:34.699+01:00  INFO 269839 --- [smboutique-backend] [           main] c.smboutique.api.config.DataInitializer  : Roles already exist, skipping initialization
2025-12-28T23:38:34.704+01:00 DEBUG 269839 --- [smboutique-backend] [           main] tor$SharedEntityManagerInvocationHandler : Creating new EntityManager for shared EntityManager invocation
2025-12-28T23:38:34.718+01:00  WARN 269839 --- [smboutique-backend] [           main] org.hibernate.orm.deprecation            : HHH90000021: Encountered deprecated setting [javax.persistence.query.timeout], use [jakarta.persistence.query.timeout] instead
2025-12-28T23:38:34.787+01:00 DEBUG 269839 --- [smboutique-backend] [           main] org.hibernate.SQL                        : 
    select
        r1_0.id_role,
        r1_0.description,
        r1_0.name 
    from
        role r1_0 
    where
        r1_0.name=?
Hibernate: 
    select
        r1_0.id_role,
        r1_0.description,
        r1_0.name 
    from
        role r1_0 
    where
        r1_0.name=?
2025-12-28T23:38:34.822+01:00 DEBUG 269839 --- [smboutique-backend] [           main] org.hibernate.SQL                        : 
    select
        p1_0.role_id,
        p1_1.id_permission,
        p1_1.description,
        p1_1.name 
    from
        role_permissions p1_0 
    join
        permission p1_1 
            on p1_1.id_permission=p1_0.permission_id 
    where
        p1_0.role_id=?
Hibernate: 
    select
        p1_0.role_id,
        p1_1.id_permission,
        p1_1.description,
        p1_1.name 
    from
        role_permissions p1_0 
    join
        permission p1_1 
            on p1_1.id_permission=p1_0.permission_id 
    where
        p1_0.role_id=?
2025-12-28T23:38:34.843+01:00 DEBUG 269839 --- [smboutique-backend] [           main] o.s.orm.jpa.JpaTransactionManager        : Creating new transaction with name [org.springframework.data.jpa.repository.support.SimpleJpaRepository.findAll]: PROPAGATION_REQUIRED,ISOLATION_DEFAULT,readOnly
2025-12-28T23:38:34.843+01:00 DEBUG 269839 --- [smboutique-backend] [           main] o.s.orm.jpa.JpaTransactionManager        : Opened new EntityManager [SessionImpl(1446853715<open>)] for JPA transaction
2025-12-28T23:38:34.844+01:00 DEBUG 269839 --- [smboutique-backend] [           main] o.s.orm.jpa.JpaTransactionManager        : Exposing JPA transaction as JDBC [org.springframework.orm.jpa.vendor.HibernateJpaDialect$HibernateConnectionHandle@5db33742]
2025-12-28T23:38:34.845+01:00  WARN 269839 --- [smboutique-backend] [           main] org.hibernate.orm.deprecation            : HHH90000021: Encountered deprecated setting [javax.persistence.query.timeout], use [jakarta.persistence.query.timeout] instead
2025-12-28T23:38:34.847+01:00 DEBUG 269839 --- [smboutique-backend] [           main] org.hibernate.SQL                        : 
    select
        p1_0.id_permission,
        p1_0.description,
        p1_0.name 
    from
        permission p1_0
Hibernate: 
    select
        p1_0.id_permission,
        p1_0.description,
        p1_0.name 
    from
        permission p1_0
2025-12-28T23:38:34.854+01:00 DEBUG 269839 --- [smboutique-backend] [           main] o.s.orm.jpa.JpaTransactionManager        : Initiating transaction commit
2025-12-28T23:38:34.855+01:00 DEBUG 269839 --- [smboutique-backend] [           main] o.s.orm.jpa.JpaTransactionManager        : Committing JPA transaction on EntityManager [SessionImpl(1446853715<open>)]
2025-12-28T23:38:34.855+01:00 DEBUG 269839 --- [smboutique-backend] [           main] o.s.orm.jpa.JpaTransactionManager        : Closing JPA EntityManager [SessionImpl(1446853715<open>)] after transaction
2025-12-28T23:38:34.856+01:00  INFO 269839 --- [smboutique-backend] [           main] c.smboutique.api.config.DataInitializer  : SUPERADMIN role already contains all permissions
2025-12-28T23:38:34.856+01:00  INFO 269839 --- [smboutique-backend] [           main] c.smboutique.api.config.DataInitializer  : Initializing boutique...
2025-12-28T23:38:34.856+01:00 DEBUG 269839 --- [smboutique-backend] [           main] o.s.orm.jpa.JpaTransactionManager        : Creating new transaction with name [org.springframework.data.jpa.repository.support.SimpleJpaRepository.count]: PROPAGATION_REQUIRED,ISOLATION_DEFAULT,readOnly
2025-12-28T23:38:34.856+01:00 DEBUG 269839 --- [smboutique-backend] [           main] o.s.orm.jpa.JpaTransactionManager        : Opened new EntityManager [SessionImpl(1726098482<open>)] for JPA transaction
2025-12-28T23:38:34.857+01:00 DEBUG 269839 --- [smboutique-backend] [           main] o.s.orm.jpa.JpaTransactionManager        : Exposing JPA transaction as JDBC [org.springframework.orm.jpa.vendor.HibernateJpaDialect$HibernateConnectionHandle@590201fb]
2025-12-28T23:38:34.858+01:00  WARN 269839 --- [smboutique-backend] [           main] org.hibernate.orm.deprecation            : HHH90000021: Encountered deprecated setting [javax.persistence.query.timeout], use [jakarta.persistence.query.timeout] instead
2025-12-28T23:38:34.859+01:00 DEBUG 269839 --- [smboutique-backend] [           main] org.hibernate.SQL                        : 
    select
        count(*) 
    from
        boutique b1_0
Hibernate: 
    select
        count(*) 
    from
        boutique b1_0
2025-12-28T23:38:34.861+01:00 DEBUG 269839 --- [smboutique-backend] [           main] o.s.orm.jpa.JpaTransactionManager        : Initiating transaction commit
2025-12-28T23:38:34.861+01:00 DEBUG 269839 --- [smboutique-backend] [           main] o.s.orm.jpa.JpaTransactionManager        : Committing JPA transaction on EntityManager [SessionImpl(1726098482<open>)]
2025-12-28T23:38:34.861+01:00 DEBUG 269839 --- [smboutique-backend] [           main] o.s.orm.jpa.JpaTransactionManager        : Closing JPA EntityManager [SessionImpl(1726098482<open>)] after transaction
2025-12-28T23:38:34.862+01:00  INFO 269839 --- [smboutique-backend] [           main] c.smboutique.api.config.DataInitializer  : Boutique already exists, skipping initialization
2025-12-28T23:38:34.862+01:00  INFO 269839 --- [smboutique-backend] [           main] c.smboutique.api.config.DataInitializer  : Initializing superadmin...
2025-12-28T23:38:34.862+01:00 DEBUG 269839 --- [smboutique-backend] [           main] o.s.orm.jpa.JpaTransactionManager        : Creating new transaction with name [org.springframework.data.jpa.repository.support.SimpleJpaRepository.findAll]: PROPAGATION_REQUIRED,ISOLATION_DEFAULT,readOnly
2025-12-28T23:38:34.862+01:00 DEBUG 269839 --- [smboutique-backend] [           main] o.s.orm.jpa.JpaTransactionManager        : Opened new EntityManager [SessionImpl(1510305081<open>)] for JPA transaction
2025-12-28T23:38:34.863+01:00 DEBUG 269839 --- [smboutique-backend] [           main] o.s.orm.jpa.JpaTransactionManager        : Exposing JPA transaction as JDBC [org.springframework.orm.jpa.vendor.HibernateJpaDialect$HibernateConnectionHandle@4926f6d6]
2025-12-28T23:38:34.863+01:00  WARN 269839 --- [smboutique-backend] [           main] org.hibernate.orm.deprecation            : HHH90000021: Encountered deprecated setting [javax.persistence.query.timeout], use [jakarta.persistence.query.timeout] instead
2025-12-28T23:38:34.864+01:00 DEBUG 269839 --- [smboutique-backend] [           main] org.hibernate.SQL                        : 
    select
        p1_0.id_permission,
        p1_0.description,
        p1_0.name 
    from
        permission p1_0
Hibernate: 
    select
        p1_0.id_permission,
        p1_0.description,
        p1_0.name 
    from
        permission p1_0
2025-12-28T23:38:34.872+01:00 DEBUG 269839 --- [smboutique-backend] [           main] o.s.orm.jpa.JpaTransactionManager        : Initiating transaction commit
2025-12-28T23:38:34.872+01:00 DEBUG 269839 --- [smboutique-backend] [           main] o.s.orm.jpa.JpaTransactionManager        : Committing JPA transaction on EntityManager [SessionImpl(1510305081<open>)]
2025-12-28T23:38:34.873+01:00 DEBUG 269839 --- [smboutique-backend] [           main] o.s.orm.jpa.JpaTransactionManager        : Closing JPA EntityManager [SessionImpl(1510305081<open>)] after transaction
2025-12-28T23:38:34.874+01:00 DEBUG 269839 --- [smboutique-backend] [           main] tor$SharedEntityManagerInvocationHandler : Creating new EntityManager for shared EntityManager invocation
2025-12-28T23:38:34.875+01:00  WARN 269839 --- [smboutique-backend] [           main] org.hibernate.orm.deprecation            : HHH90000021: Encountered deprecated setting [javax.persistence.query.timeout], use [jakarta.persistence.query.timeout] instead
2025-12-28T23:38:34.878+01:00 DEBUG 269839 --- [smboutique-backend] [           main] org.hibernate.SQL                        : 
    select
        u1_0.id_utilisateur,
        u1_0.adresse,
        u1_0.avatar,
        u1_0.boutique_id,
        u1_0.contact_utilisateur,
        u1_0.email,
        u1_0.mot_de_passe_utilisateur,
        u1_0.nom_utilisateur,
        u1_0.prenom_utilisateur,
        u1_0.psedeau_utilisateur,
        u1_0.reset_token,
        u1_0.reset_token_expire,
        u1_0.statut,
        u1_0.type_utilisateur 
    from
        utilisateur u1_0 
    where
        upper(u1_0.email)=upper(?)
Hibernate: 
    select
        u1_0.id_utilisateur,
        u1_0.adresse,
        u1_0.avatar,
        u1_0.boutique_id,
        u1_0.contact_utilisateur,
        u1_0.email,
        u1_0.mot_de_passe_utilisateur,
        u1_0.nom_utilisateur,
        u1_0.prenom_utilisateur,
        u1_0.psedeau_utilisateur,
        u1_0.reset_token,
        u1_0.reset_token_expire,
        u1_0.statut,
        u1_0.type_utilisateur 
    from
        utilisateur u1_0 
    where
        upper(u1_0.email)=upper(?)
2025-12-28T23:38:34.888+01:00 DEBUG 269839 --- [smboutique-backend] [           main] org.hibernate.SQL                        : 
    select
        r1_0.utilisateur_id,
        r1_1.id_role,
        r1_1.description,
        r1_1.name,
        p1_0.role_id,
        p1_1.id_permission,
        p1_1.description,
        p1_1.name 
    from
        utilisateur_roles r1_0 
    join
        role r1_1 
            on r1_1.id_role=r1_0.role_id 
    left join
        role_permissions p1_0 
            on r1_1.id_role=p1_0.role_id 
    left join
        permission p1_1 
            on p1_1.id_permission=p1_0.permission_id 
    where
        r1_0.utilisateur_id=?
Hibernate: 
    select
        r1_0.utilisateur_id,
        r1_1.id_role,
        r1_1.description,
        r1_1.name,
        p1_0.role_id,
        p1_1.id_permission,
        p1_1.description,
        p1_1.name 
    from
        utilisateur_roles r1_0 
    join
        role r1_1 
            on r1_1.id_role=r1_0.role_id 
    left join
        role_permissions p1_0 
            on r1_1.id_role=p1_0.role_id 
    left join
        permission p1_1 
            on p1_1.id_permission=p1_0.permission_id 
    where
        r1_0.utilisateur_id=?
2025-12-28T23:38:34.898+01:00 DEBUG 269839 --- [smboutique-backend] [           main] org.hibernate.SQL                        : 
    select
        p1_0.utilisateur_id,
        p1_1.id_permission,
        p1_1.description,
        p1_1.name 
    from
        utilisateur_permissions p1_0 
    join
        permission p1_1 
            on p1_1.id_permission=p1_0.permission_id 
    where
        p1_0.utilisateur_id=?
Hibernate: 
    select
        p1_0.utilisateur_id,
        p1_1.id_permission,
        p1_1.description,
        p1_1.name 
    from
        utilisateur_permissions p1_0 
    join
        permission p1_1 
            on p1_1.id_permission=p1_0.permission_id 
    where
        p1_0.utilisateur_id=?
2025-12-28T23:38:34.900+01:00  INFO 269839 --- [smboutique-backend] [           main] c.smboutique.api.config.DataInitializer  : Superadmin already exists, ensuring user has all permissions
2025-12-28T23:38:34.900+01:00 DEBUG 269839 --- [smboutique-backend] [           main] tor$SharedEntityManagerInvocationHandler : Creating new EntityManager for shared EntityManager invocation
2025-12-28T23:38:34.901+01:00  WARN 269839 --- [smboutique-backend] [           main] org.hibernate.orm.deprecation            : HHH90000021: Encountered deprecated setting [javax.persistence.query.timeout], use [jakarta.persistence.query.timeout] instead
2025-12-28T23:38:34.903+01:00 DEBUG 269839 --- [smboutique-backend] [           main] org.hibernate.SQL                        : 
    select
        u1_0.id_utilisateur,
        u1_0.adresse,
        u1_0.avatar,
        u1_0.boutique_id,
        u1_0.contact_utilisateur,
        u1_0.email,
        u1_0.mot_de_passe_utilisateur,
        u1_0.nom_utilisateur,
        u1_0.prenom_utilisateur,
        u1_0.psedeau_utilisateur,
        u1_0.reset_token,
        u1_0.reset_token_expire,
        u1_0.statut,
        u1_0.type_utilisateur 
    from
        utilisateur u1_0 
    where
        upper(u1_0.email)=upper(?)
Hibernate: 
    select
        u1_0.id_utilisateur,
        u1_0.adresse,
        u1_0.avatar,
        u1_0.boutique_id,
        u1_0.contact_utilisateur,
        u1_0.email,
        u1_0.mot_de_passe_utilisateur,
        u1_0.nom_utilisateur,
        u1_0.prenom_utilisateur,
        u1_0.psedeau_utilisateur,
        u1_0.reset_token,
        u1_0.reset_token_expire,
        u1_0.statut,
        u1_0.type_utilisateur 
    from
        utilisateur u1_0 
    where
        upper(u1_0.email)=upper(?)
2025-12-28T23:38:34.905+01:00 DEBUG 269839 --- [smboutique-backend] [           main] org.hibernate.SQL                        : 
    select
        r1_0.utilisateur_id,
        r1_1.id_role,
        r1_1.description,
        r1_1.name,
        p1_0.role_id,
        p1_1.id_permission,
        p1_1.description,
        p1_1.name 
    from
        utilisateur_roles r1_0 
    join
        role r1_1 
            on r1_1.id_role=r1_0.role_id 
    left join
        role_permissions p1_0 
            on r1_1.id_role=p1_0.role_id 
    left join
        permission p1_1 
            on p1_1.id_permission=p1_0.permission_id 
    where
        r1_0.utilisateur_id=?
Hibernate: 
    select
        r1_0.utilisateur_id,
        r1_1.id_role,
        r1_1.description,
        r1_1.name,
        p1_0.role_id,
        p1_1.id_permission,
        p1_1.description,
        p1_1.name 
    from
        utilisateur_roles r1_0 
    join
        role r1_1 
            on r1_1.id_role=r1_0.role_id 
    left join
        role_permissions p1_0 
            on r1_1.id_role=p1_0.role_id 
    left join
        permission p1_1 
            on p1_1.id_permission=p1_0.permission_id 
    where
        r1_0.utilisateur_id=?
2025-12-28T23:38:34.916+01:00 DEBUG 269839 --- [smboutique-backend] [           main] org.hibernate.SQL                        : 
    select
        p1_0.utilisateur_id,
        p1_1.id_permission,
        p1_1.description,
        p1_1.name 
    from
        utilisateur_permissions p1_0 
    join
        permission p1_1 
            on p1_1.id_permission=p1_0.permission_id 
    where
        p1_0.utilisateur_id=?
Hibernate: 
    select
        p1_0.utilisateur_id,
        p1_1.id_permission,
        p1_1.description,
        p1_1.name 
    from
        utilisateur_permissions p1_0 
    join
        permission p1_1 
            on p1_1.id_permission=p1_0.permission_id 
    where
        p1_0.utilisateur_id=?
2025-12-28T23:38:34.919+01:00 DEBUG 269839 --- [smboutique-backend] [           main] o.s.orm.jpa.JpaTransactionManager        : Creating new transaction with name [org.springframework.data.jpa.repository.support.SimpleJpaRepository.save]: PROPAGATION_REQUIRED,ISOLATION_DEFAULT
2025-12-28T23:38:34.920+01:00 DEBUG 269839 --- [smboutique-backend] [           main] o.s.orm.jpa.JpaTransactionManager        : Opened new EntityManager [SessionImpl(684950152<open>)] for JPA transaction
2025-12-28T23:38:34.921+01:00 DEBUG 269839 --- [smboutique-backend] [           main] o.s.orm.jpa.JpaTransactionManager        : Exposing JPA transaction as JDBC [org.springframework.orm.jpa.vendor.HibernateJpaDialect$HibernateConnectionHandle@6dd8e64b]
2025-12-28T23:38:34.933+01:00 DEBUG 269839 --- [smboutique-backend] [           main] org.hibernate.SQL                        : 
    select
        u1_0.id_utilisateur,
        u1_0.adresse,
        u1_0.avatar,
        u1_0.boutique_id,
        u1_0.contact_utilisateur,
        u1_0.email,
        u1_0.mot_de_passe_utilisateur,
        u1_0.nom_utilisateur,
        p1_0.utilisateur_id,
        p1_1.id_permission,
        p1_1.description,
        p1_1.name,
        u1_0.prenom_utilisateur,
        u1_0.psedeau_utilisateur,
        u1_0.reset_token,
        u1_0.reset_token_expire,
        r1_0.utilisateur_id,
        r1_1.id_role,
        r1_1.description,
        r1_1.name,
        p2_0.role_id,
        p2_1.id_permission,
        p2_1.description,
        p2_1.name,
        u1_0.statut,
        u1_0.type_utilisateur 
    from
        utilisateur u1_0 
    left join
        utilisateur_permissions p1_0 
            on u1_0.id_utilisateur=p1_0.utilisateur_id 
    left join
        permission p1_1 
            on p1_1.id_permission=p1_0.permission_id 
    left join
        utilisateur_roles r1_0 
            on u1_0.id_utilisateur=r1_0.utilisateur_id 
    left join
        role r1_1 
            on r1_1.id_role=r1_0.role_id 
    left join
        role_permissions p2_0 
            on r1_1.id_role=p2_0.role_id 
    left join
        permission p2_1 
            on p2_1.id_permission=p2_0.permission_id 
    where
        u1_0.id_utilisateur=?
Hibernate: 
    select
        u1_0.id_utilisateur,
        u1_0.adresse,
        u1_0.avatar,
        u1_0.boutique_id,
        u1_0.contact_utilisateur,
        u1_0.email,
        u1_0.mot_de_passe_utilisateur,
        u1_0.nom_utilisateur,
        p1_0.utilisateur_id,
        p1_1.id_permission,
        p1_1.description,
        p1_1.name,
        u1_0.prenom_utilisateur,
        u1_0.psedeau_utilisateur,
        u1_0.reset_token,
        u1_0.reset_token_expire,
        r1_0.utilisateur_id,
        r1_1.id_role,
        r1_1.description,
        r1_1.name,
        p2_0.role_id,
        p2_1.id_permission,
        p2_1.description,
        p2_1.name,
        u1_0.statut,
        u1_0.type_utilisateur 
    from
        utilisateur u1_0 
    left join
        utilisateur_permissions p1_0 
            on u1_0.id_utilisateur=p1_0.utilisateur_id 
    left join
        permission p1_1 
            on p1_1.id_permission=p1_0.permission_id 
    left join
        utilisateur_roles r1_0 
            on u1_0.id_utilisateur=r1_0.utilisateur_id 
    left join
        role r1_1 
            on r1_1.id_role=r1_0.role_id 
    left join
        role_permissions p2_0 
            on r1_1.id_role=p2_0.role_id 
    left join
        permission p2_1 
            on p2_1.id_permission=p2_0.permission_id 
    where
        u1_0.id_utilisateur=?
2025-12-28T23:38:34.948+01:00 DEBUG 269839 --- [smboutique-backend] [           main] o.s.orm.jpa.JpaTransactionManager        : Initiating transaction commit
2025-12-28T23:38:34.949+01:00 DEBUG 269839 --- [smboutique-backend] [           main] o.s.orm.jpa.JpaTransactionManager        : Committing JPA transaction on EntityManager [SessionImpl(684950152<open>)]
2025-12-28T23:38:34.979+01:00 DEBUG 269839 --- [smboutique-backend] [           main] org.hibernate.SQL                        : 
    insert 
    into
        utilisateur_permissions
        (utilisateur_id, permission_id) 
    values
        (?, ?)
Hibernate: 
    insert 
    into
        utilisateur_permissions
        (utilisateur_id, permission_id) 
    values
        (?, ?)
2025-12-28T23:38:34.980+01:00 DEBUG 269839 --- [smboutique-backend] [           main] org.hibernate.SQL                        : 
    insert 
    into
        utilisateur_permissions
        (utilisateur_id, permission_id) 
    values
        (?, ?)
Hibernate: 
    insert 
    into
        utilisateur_permissions
        (utilisateur_id, permission_id) 
    values
        (?, ?)
2025-12-28T23:38:34.980+01:00 DEBUG 269839 --- [smboutique-backend] [           main] org.hibernate.SQL                        : 
    insert 
    into
        utilisateur_permissions
        (utilisateur_id, permission_id) 
    values
        (?, ?)
Hibernate: 
    insert 
    into
        utilisateur_permissions
        (utilisateur_id, permission_id) 
    values
        (?, ?)
2025-12-28T23:38:34.980+01:00 DEBUG 269839 --- [smboutique-backend] [           main] org.hibernate.SQL                        : 
    insert 
    into
        utilisateur_permissions
        (utilisateur_id, permission_id) 
    values
        (?, ?)
Hibernate: 
    insert 
    into
        utilisateur_permissions
        (utilisateur_id, permission_id) 
    values
        (?, ?)
2025-12-28T23:38:34.980+01:00 DEBUG 269839 --- [smboutique-backend] [           main] org.hibernate.SQL                        : 
    insert 
    into
        utilisateur_permissions
        (utilisateur_id, permission_id) 
    values
        (?, ?)
Hibernate: 
    insert 
    into
        utilisateur_permissions
        (utilisateur_id, permission_id) 
    values
        (?, ?)
2025-12-28T23:38:34.981+01:00 DEBUG 269839 --- [smboutique-backend] [           main] org.hibernate.SQL                        : 
    insert 
    into
        utilisateur_permissions
        (utilisateur_id, permission_id) 
    values
        (?, ?)
Hibernate: 
    insert 
    into
        utilisateur_permissions
        (utilisateur_id, permission_id) 
    values
        (?, ?)
2025-12-28T23:38:34.981+01:00 DEBUG 269839 --- [smboutique-backend] [           main] org.hibernate.SQL                        : 
    insert 
    into
        utilisateur_permissions
        (utilisateur_id, permission_id) 
    values
        (?, ?)
Hibernate: 
    insert 
    into
        utilisateur_permissions
        (utilisateur_id, permission_id) 
    values
        (?, ?)
2025-12-28T23:38:34.981+01:00 DEBUG 269839 --- [smboutique-backend] [           main] org.hibernate.SQL                        : 
    insert 
    into
        utilisateur_permissions
        (utilisateur_id, permission_id) 
    values
        (?, ?)
Hibernate: 
    insert 
    into
        utilisateur_permissions
        (utilisateur_id, permission_id) 
    values
        (?, ?)
2025-12-28T23:38:34.981+01:00 DEBUG 269839 --- [smboutique-backend] [           main] org.hibernate.SQL                        : 
    insert 
    into
        utilisateur_permissions
        (utilisateur_id, permission_id) 
    values
        (?, ?)
Hibernate: 
    insert 
    into
        utilisateur_permissions
        (utilisateur_id, permission_id) 
    values
        (?, ?)
2025-12-28T23:38:34.981+01:00 DEBUG 269839 --- [smboutique-backend] [           main] org.hibernate.SQL                        : 
    insert 
    into
        utilisateur_permissions
        (utilisateur_id, permission_id) 
    values
        (?, ?)
Hibernate: 
    insert 
    into
        utilisateur_permissions
        (utilisateur_id, permission_id) 
    values
        (?, ?)
2025-12-28T23:38:34.982+01:00 DEBUG 269839 --- [smboutique-backend] [           main] org.hibernate.SQL                        : 
    insert 
    into
        utilisateur_permissions
        (utilisateur_id, permission_id) 
    values
        (?, ?)
Hibernate: 
    insert 
    into
        utilisateur_permissions
        (utilisateur_id, permission_id) 
    values
        (?, ?)
2025-12-28T23:38:34.982+01:00 DEBUG 269839 --- [smboutique-backend] [           main] org.hibernate.SQL                        : 
    insert 
    into
        utilisateur_permissions
        (utilisateur_id, permission_id) 
    values
        (?, ?)
Hibernate: 
    insert 
    into
        utilisateur_permissions
        (utilisateur_id, permission_id) 
    values
        (?, ?)
2025-12-28T23:38:34.982+01:00 DEBUG 269839 --- [smboutique-backend] [           main] org.hibernate.SQL                        : 
    insert 
    into
        utilisateur_permissions
        (utilisateur_id, permission_id) 
    values
        (?, ?)
Hibernate: 
    insert 
    into
        utilisateur_permissions
        (utilisateur_id, permission_id) 
    values
        (?, ?)
2025-12-28T23:38:34.982+01:00 DEBUG 269839 --- [smboutique-backend] [           main] org.hibernate.SQL                        : 
    insert 
    into
        utilisateur_permissions
        (utilisateur_id, permission_id) 
    values
        (?, ?)
Hibernate: 
    insert 
    into
        utilisateur_permissions
        (utilisateur_id, permission_id) 
    values
        (?, ?)
2025-12-28T23:38:34.983+01:00 DEBUG 269839 --- [smboutique-backend] [           main] org.hibernate.SQL                        : 
    insert 
    into
        utilisateur_permissions
        (utilisateur_id, permission_id) 
    values
        (?, ?)
Hibernate: 
    insert 
    into
        utilisateur_permissions
        (utilisateur_id, permission_id) 
    values
        (?, ?)
2025-12-28T23:38:34.983+01:00 DEBUG 269839 --- [smboutique-backend] [           main] org.hibernate.SQL                        : 
    insert 
    into
        utilisateur_permissions
        (utilisateur_id, permission_id) 
    values
        (?, ?)
Hibernate: 
    insert 
    into
        utilisateur_permissions
        (utilisateur_id, permission_id) 
    values
        (?, ?)
2025-12-28T23:38:34.983+01:00 DEBUG 269839 --- [smboutique-backend] [           main] org.hibernate.SQL                        : 
    insert 
    into
        utilisateur_permissions
        (utilisateur_id, permission_id) 
    values
        (?, ?)
Hibernate: 
    insert 
    into
        utilisateur_permissions
        (utilisateur_id, permission_id) 
    values
        (?, ?)
2025-12-28T23:38:34.983+01:00 DEBUG 269839 --- [smboutique-backend] [           main] org.hibernate.SQL                        : 
    insert 
    into
        utilisateur_permissions
        (utilisateur_id, permission_id) 
    values
        (?, ?)
Hibernate: 
    insert 
    into
        utilisateur_permissions
        (utilisateur_id, permission_id) 
    values
        (?, ?)
2025-12-28T23:38:34.984+01:00 DEBUG 269839 --- [smboutique-backend] [           main] org.hibernate.SQL                        : 
    insert 
    into
        utilisateur_permissions
        (utilisateur_id, permission_id) 
    values
        (?, ?)
Hibernate: 
    insert 
    into
        utilisateur_permissions
        (utilisateur_id, permission_id) 
    values
        (?, ?)
2025-12-28T23:38:34.984+01:00 DEBUG 269839 --- [smboutique-backend] [           main] org.hibernate.SQL                        : 
    insert 
    into
        utilisateur_permissions
        (utilisateur_id, permission_id) 
    values
        (?, ?)
Hibernate: 
    insert 
    into
        utilisateur_permissions
        (utilisateur_id, permission_id) 
    values
        (?, ?)
2025-12-28T23:38:35.016+01:00 DEBUG 269839 --- [smboutique-backend] [           main] org.hibernate.SQL                        : 
    insert 
    into
        utilisateur_permissions
        (utilisateur_id, permission_id) 
    values
        (?, ?)
Hibernate: 
    insert 
    into
        utilisateur_permissions
        (utilisateur_id, permission_id) 
    values
        (?, ?)
2025-12-28T23:38:35.017+01:00 DEBUG 269839 --- [smboutique-backend] [           main] org.hibernate.SQL                        : 
    insert 
    into
        utilisateur_permissions
        (utilisateur_id, permission_id) 
    values
        (?, ?)
Hibernate: 
    insert 
    into
        utilisateur_permissions
        (utilisateur_id, permission_id) 
    values
        (?, ?)
2025-12-28T23:38:35.017+01:00 DEBUG 269839 --- [smboutique-backend] [           main] org.hibernate.SQL                        : 
    insert 
    into
        utilisateur_permissions
        (utilisateur_id, permission_id) 
    values
        (?, ?)
Hibernate: 
    insert 
    into
        utilisateur_permissions
        (utilisateur_id, permission_id) 
    values
        (?, ?)
2025-12-28T23:38:35.018+01:00 DEBUG 269839 --- [smboutique-backend] [           main] org.hibernate.SQL                        : 
    insert 
    into
        utilisateur_permissions
        (utilisateur_id, permission_id) 
    values
        (?, ?)
Hibernate: 
    insert 
    into
        utilisateur_permissions
        (utilisateur_id, permission_id) 
    values
        (?, ?)
2025-12-28T23:38:35.018+01:00 DEBUG 269839 --- [smboutique-backend] [           main] org.hibernate.SQL                        : 
    insert 
    into
        utilisateur_permissions
        (utilisateur_id, permission_id) 
    values
        (?, ?)
Hibernate: 
    insert 
    into
        utilisateur_permissions
        (utilisateur_id, permission_id) 
    values
        (?, ?)
2025-12-28T23:38:35.019+01:00 DEBUG 269839 --- [smboutique-backend] [           main] org.hibernate.SQL                        : 
    insert 
    into
        utilisateur_permissions
        (utilisateur_id, permission_id) 
    values
        (?, ?)
Hibernate: 
    insert 
    into
        utilisateur_permissions
        (utilisateur_id, permission_id) 
    values
        (?, ?)
2025-12-28T23:38:35.019+01:00 DEBUG 269839 --- [smboutique-backend] [           main] org.hibernate.SQL                        : 
    insert 
    into
        utilisateur_permissions
        (utilisateur_id, permission_id) 
    values
        (?, ?)
Hibernate: 
    insert 
    into
        utilisateur_permissions
        (utilisateur_id, permission_id) 
    values
        (?, ?)
2025-12-28T23:38:35.020+01:00 DEBUG 269839 --- [smboutique-backend] [           main] org.hibernate.SQL                        : 
    insert 
    into
        utilisateur_permissions
        (utilisateur_id, permission_id) 
    values
        (?, ?)
Hibernate: 
    insert 
    into
        utilisateur_permissions
        (utilisateur_id, permission_id) 
    values
        (?, ?)
2025-12-28T23:38:35.020+01:00 DEBUG 269839 --- [smboutique-backend] [           main] org.hibernate.SQL                        : 
    insert 
    into
        utilisateur_permissions
        (utilisateur_id, permission_id) 
    values
        (?, ?)
Hibernate: 
    insert 
    into
        utilisateur_permissions
        (utilisateur_id, permission_id) 
    values
        (?, ?)
2025-12-28T23:38:35.021+01:00 DEBUG 269839 --- [smboutique-backend] [           main] org.hibernate.SQL                        : 
    insert 
    into
        utilisateur_permissions
        (utilisateur_id, permission_id) 
    values
        (?, ?)
Hibernate: 
    insert 
    into
        utilisateur_permissions
        (utilisateur_id, permission_id) 
    values
        (?, ?)
2025-12-28T23:38:35.021+01:00 DEBUG 269839 --- [smboutique-backend] [           main] org.hibernate.SQL                        : 
    insert 
    into
        utilisateur_permissions
        (utilisateur_id, permission_id) 
    values
        (?, ?)
Hibernate: 
    insert 
    into
        utilisateur_permissions
        (utilisateur_id, permission_id) 
    values
        (?, ?)
2025-12-28T23:38:35.022+01:00 DEBUG 269839 --- [smboutique-backend] [           main] org.hibernate.SQL                        : 
    insert 
    into
        utilisateur_permissions
        (utilisateur_id, permission_id) 
    values
        (?, ?)
Hibernate: 
    insert 
    into
        utilisateur_permissions
        (utilisateur_id, permission_id) 
    values
        (?, ?)
2025-12-28T23:38:35.022+01:00 DEBUG 269839 --- [smboutique-backend] [           main] org.hibernate.SQL                        : 
    insert 
    into
        utilisateur_permissions
        (utilisateur_id, permission_id) 
    values
        (?, ?)
Hibernate: 
    insert 
    into
        utilisateur_permissions
        (utilisateur_id, permission_id) 
    values
        (?, ?)
2025-12-28T23:38:35.023+01:00 DEBUG 269839 --- [smboutique-backend] [           main] org.hibernate.SQL                        : 
    insert 
    into
        utilisateur_permissions
        (utilisateur_id, permission_id) 
    values
        (?, ?)
Hibernate: 
    insert 
    into
        utilisateur_permissions
        (utilisateur_id, permission_id) 
    values
        (?, ?)
2025-12-28T23:38:35.023+01:00 DEBUG 269839 --- [smboutique-backend] [           main] org.hibernate.SQL                        : 
    insert 
    into
        utilisateur_permissions
        (utilisateur_id, permission_id) 
    values
        (?, ?)
Hibernate: 
    insert 
    into
        utilisateur_permissions
        (utilisateur_id, permission_id) 
    values
        (?, ?)
2025-12-28T23:38:35.024+01:00 DEBUG 269839 --- [smboutique-backend] [           main] org.hibernate.SQL                        : 
    insert 
    into
        utilisateur_permissions
        (utilisateur_id, permission_id) 
    values
        (?, ?)
Hibernate: 
    insert 
    into
        utilisateur_permissions
        (utilisateur_id, permission_id) 
    values
        (?, ?)
2025-12-28T23:38:35.024+01:00 DEBUG 269839 --- [smboutique-backend] [           main] org.hibernate.SQL                        : 
    insert 
    into
        utilisateur_permissions
        (utilisateur_id, permission_id) 
    values
        (?, ?)
Hibernate: 
    insert 
    into
        utilisateur_permissions
        (utilisateur_id, permission_id) 
    values
        (?, ?)
2025-12-28T23:38:35.025+01:00 DEBUG 269839 --- [smboutique-backend] [           main] org.hibernate.SQL                        : 
    insert 
    into
        utilisateur_permissions
        (utilisateur_id, permission_id) 
    values
        (?, ?)
Hibernate: 
    insert 
    into
        utilisateur_permissions
        (utilisateur_id, permission_id) 
    values
        (?, ?)
2025-12-28T23:38:35.026+01:00 DEBUG 269839 --- [smboutique-backend] [           main] org.hibernate.SQL                        : 
    insert 
    into
        utilisateur_permissions
        (utilisateur_id, permission_id) 
    values
        (?, ?)
Hibernate: 
    insert 
    into
        utilisateur_permissions
        (utilisateur_id, permission_id) 
    values
        (?, ?)
2025-12-28T23:38:35.026+01:00 DEBUG 269839 --- [smboutique-backend] [           main] org.hibernate.SQL                        : 
    insert 
    into
        utilisateur_permissions
        (utilisateur_id, permission_id) 
    values
        (?, ?)
Hibernate: 
    insert 
    into
        utilisateur_permissions
        (utilisateur_id, permission_id) 
    values
        (?, ?)
2025-12-28T23:38:35.039+01:00 DEBUG 269839 --- [smboutique-backend] [           main] org.hibernate.SQL                        : 
    insert 
    into
        utilisateur_permissions
        (utilisateur_id, permission_id) 
    values
        (?, ?)
Hibernate: 
    insert 
    into
        utilisateur_permissions
        (utilisateur_id, permission_id) 
    values
        (?, ?)
2025-12-28T23:38:35.040+01:00 DEBUG 269839 --- [smboutique-backend] [           main] org.hibernate.SQL                        : 
    insert 
    into
        utilisateur_permissions
        (utilisateur_id, permission_id) 
    values
        (?, ?)
Hibernate: 
    insert 
    into
        utilisateur_permissions
        (utilisateur_id, permission_id) 
    values
        (?, ?)
2025-12-28T23:38:35.040+01:00 DEBUG 269839 --- [smboutique-backend] [           main] org.hibernate.SQL                        : 
    insert 
    into
        utilisateur_permissions
        (utilisateur_id, permission_id) 
    values
        (?, ?)
Hibernate: 
    insert 
    into
        utilisateur_permissions
        (utilisateur_id, permission_id) 
    values
        (?, ?)
2025-12-28T23:38:35.041+01:00 DEBUG 269839 --- [smboutique-backend] [           main] org.hibernate.SQL                        : 
    insert 
    into
        utilisateur_permissions
        (utilisateur_id, permission_id) 
    values
        (?, ?)
Hibernate: 
    insert 
    into
        utilisateur_permissions
        (utilisateur_id, permission_id) 
    values
        (?, ?)
2025-12-28T23:38:35.050+01:00 DEBUG 269839 --- [smboutique-backend] [           main] o.s.orm.jpa.JpaTransactionManager        : Closing JPA EntityManager [SessionImpl(684950152<open>)] after transaction
2025-12-28T23:38:35.051+01:00  INFO 269839 --- [smboutique-backend] [           main] c.smboutique.api.config.DataInitializer  : Updated superadmin user to include all 44 permissions
2025-12-28T23:38:35.051+01:00  INFO 269839 --- [smboutique-backend] [           main] c.smboutique.api.config.DataInitializer  : Data initialization completed.
2025-12-28T23:38:39.934+01:00  INFO 269839 --- [smboutique-backend] [nio-8085-exec-1] o.a.c.c.C.[Tomcat].[localhost].[/]       : Initializing Spring DispatcherServlet 'dispatcherServlet'
2025-12-28T23:38:39.935+01:00  INFO 269839 --- [smboutique-backend] [nio-8085-exec-1] o.s.web.servlet.DispatcherServlet        : Initializing Servlet 'dispatcherServlet'
2025-12-28T23:38:39.938+01:00  INFO 269839 --- [smboutique-backend] [nio-8085-exec-1] o.s.web.servlet.DispatcherServlet        : Completed initialization in 2 ms
2025-12-28T23:38:39.971+01:00 DEBUG 269839 --- [smboutique-backend] [nio-8085-exec-1] o.s.security.web.FilterChainProxy        : Securing POST /api/auth/login
2025-12-28T23:38:39.985+01:00  INFO 269839 --- [smboutique-backend] [nio-8085-exec-1] c.s.api.security.AuthTokenFilter         : Incoming request: POST /api/auth/login - Authorization present? false - startsWithBearer? false
2025-12-28T23:38:39.986+01:00 DEBUG 269839 --- [smboutique-backend] [nio-8085-exec-1] c.s.api.security.AuthTokenFilter         : Authorization header missing or not a Bearer token for request POST /api/auth/login
2025-12-28T23:38:39.991+01:00 DEBUG 269839 --- [smboutique-backend] [nio-8085-exec-1] o.s.s.w.a.AnonymousAuthenticationFilter  : Set SecurityContextHolder to anonymous SecurityContext
2025-12-28T23:38:39.996+01:00 DEBUG 269839 --- [smboutique-backend] [nio-8085-exec-1] o.s.security.web.FilterChainProxy        : Secured POST /api/auth/login
2025-12-28T23:38:39.996+01:00  INFO 269839 --- [smboutique-backend] [nio-8085-exec-1] c.s.api.security.AuthTokenFilter         : Incoming request: POST /api/auth/login - Authorization present? false - startsWithBearer? false
2025-12-28T23:38:39.997+01:00 DEBUG 269839 --- [smboutique-backend] [nio-8085-exec-1] c.s.api.security.AuthTokenFilter         : Authorization header missing or not a Bearer token for request POST /api/auth/login
2025-12-28T23:38:40.005+01:00 DEBUG 269839 --- [smboutique-backend] [nio-8085-exec-1] o.j.s.OpenEntityManagerInViewInterceptor : Opening JPA EntityManager in OpenEntityManagerInViewInterceptor
2025-12-28T23:38:40.266+01:00  WARN 269839 --- [smboutique-backend] [nio-8085-exec-1] org.hibernate.orm.deprecation            : HHH90000021: Encountered deprecated setting [javax.persistence.query.timeout], use [jakarta.persistence.query.timeout] instead
2025-12-28T23:38:40.268+01:00 DEBUG 269839 --- [smboutique-backend] [nio-8085-exec-1] org.hibernate.SQL                        : 
    select
        u1_0.id_utilisateur,
        u1_0.adresse,
        u1_0.avatar,
        u1_0.boutique_id,
        u1_0.contact_utilisateur,
        u1_0.email,
        u1_0.mot_de_passe_utilisateur,
        u1_0.nom_utilisateur,
        u1_0.prenom_utilisateur,
        u1_0.psedeau_utilisateur,
        u1_0.reset_token,
        u1_0.reset_token_expire,
        u1_0.statut,
        u1_0.type_utilisateur 
    from
        utilisateur u1_0 
    where
        upper(u1_0.email)=upper(?)
Hibernate: 
    select
        u1_0.id_utilisateur,
        u1_0.adresse,
        u1_0.avatar,
        u1_0.boutique_id,
        u1_0.contact_utilisateur,
        u1_0.email,
        u1_0.mot_de_passe_utilisateur,
        u1_0.nom_utilisateur,
        u1_0.prenom_utilisateur,
        u1_0.psedeau_utilisateur,
        u1_0.reset_token,
        u1_0.reset_token_expire,
        u1_0.statut,
        u1_0.type_utilisateur 
    from
        utilisateur u1_0 
    where
        upper(u1_0.email)=upper(?)
2025-12-28T23:38:40.272+01:00 DEBUG 269839 --- [smboutique-backend] [nio-8085-exec-1] org.hibernate.SQL                        : 
    select
        r1_0.utilisateur_id,
        r1_1.id_role,
        r1_1.description,
        r1_1.name,
        p1_0.role_id,
        p1_1.id_permission,
        p1_1.description,
        p1_1.name 
    from
        utilisateur_roles r1_0 
    join
        role r1_1 
            on r1_1.id_role=r1_0.role_id 
    left join
        role_permissions p1_0 
            on r1_1.id_role=p1_0.role_id 
    left join
        permission p1_1 
            on p1_1.id_permission=p1_0.permission_id 
    where
        r1_0.utilisateur_id=?
Hibernate: 
    select
        r1_0.utilisateur_id,
        r1_1.id_role,
        r1_1.description,
        r1_1.name,
        p1_0.role_id,
        p1_1.id_permission,
        p1_1.description,
        p1_1.name 
    from
        utilisateur_roles r1_0 
    join
        role r1_1 
            on r1_1.id_role=r1_0.role_id 
    left join
        role_permissions p1_0 
            on r1_1.id_role=p1_0.role_id 
    left join
        permission p1_1 
            on p1_1.id_permission=p1_0.permission_id 
    where
        r1_0.utilisateur_id=?
2025-12-28T23:38:40.279+01:00 DEBUG 269839 --- [smboutique-backend] [nio-8085-exec-1] org.hibernate.SQL                        : 
    select
        p1_0.utilisateur_id,
        p1_1.id_permission,
        p1_1.description,
        p1_1.name 
    from
        utilisateur_permissions p1_0 
    join
        permission p1_1 
            on p1_1.id_permission=p1_0.permission_id 
    where
        p1_0.utilisateur_id=?
Hibernate: 
    select
        p1_0.utilisateur_id,
        p1_1.id_permission,
        p1_1.description,
        p1_1.name 
    from
        utilisateur_permissions p1_0 
    join
        permission p1_1 
            on p1_1.id_permission=p1_0.permission_id 
    where
        p1_0.utilisateur_id=?
2025-12-28T23:38:40.399+01:00 DEBUG 269839 --- [smboutique-backend] [nio-8085-exec-1] o.s.s.a.dao.DaoAuthenticationProvider    : Authenticated user
2025-12-28T23:38:40.502+01:00 DEBUG 269839 --- [smboutique-backend] [nio-8085-exec-1] o.j.s.OpenEntityManagerInViewInterceptor : Closing JPA EntityManager in OpenEntityManagerInViewInterceptor
2025-12-28T23:38:47.545+01:00 DEBUG 269839 --- [smboutique-backend] [nio-8085-exec-2] o.s.security.web.FilterChainProxy        : Securing GET /api/admin/utilisateurs
2025-12-28T23:38:47.545+01:00  INFO 269839 --- [smboutique-backend] [nio-8085-exec-2] c.s.api.security.AuthTokenFilter         : Incoming request: GET /api/admin/utilisateurs - Authorization present? true - startsWithBearer? true
2025-12-28T23:38:47.595+01:00 DEBUG 269839 --- [smboutique-backend] [nio-8085-exec-2] tor$SharedEntityManagerInvocationHandler : Creating new EntityManager for shared EntityManager invocation
2025-12-28T23:38:47.595+01:00  WARN 269839 --- [smboutique-backend] [nio-8085-exec-2] org.hibernate.orm.deprecation            : HHH90000021: Encountered deprecated setting [javax.persistence.query.timeout], use [jakarta.persistence.query.timeout] instead
2025-12-28T23:38:47.597+01:00 DEBUG 269839 --- [smboutique-backend] [nio-8085-exec-2] org.hibernate.SQL                        : 
    select
        u1_0.id_utilisateur,
        u1_0.adresse,
        u1_0.avatar,
        u1_0.boutique_id,
        u1_0.contact_utilisateur,
        u1_0.email,
        u1_0.mot_de_passe_utilisateur,
        u1_0.nom_utilisateur,
        u1_0.prenom_utilisateur,
        u1_0.psedeau_utilisateur,
        u1_0.reset_token,
        u1_0.reset_token_expire,
        u1_0.statut,
        u1_0.type_utilisateur 
    from
        utilisateur u1_0 
    where
        upper(u1_0.email)=upper(?)
Hibernate: 
    select
        u1_0.id_utilisateur,
        u1_0.adresse,
        u1_0.avatar,
        u1_0.boutique_id,
        u1_0.contact_utilisateur,
        u1_0.email,
        u1_0.mot_de_passe_utilisateur,
        u1_0.nom_utilisateur,
        u1_0.prenom_utilisateur,
        u1_0.psedeau_utilisateur,
        u1_0.reset_token,
        u1_0.reset_token_expire,
        u1_0.statut,
        u1_0.type_utilisateur 
    from
        utilisateur u1_0 
    where
        upper(u1_0.email)=upper(?)
2025-12-28T23:38:47.601+01:00 DEBUG 269839 --- [smboutique-backend] [nio-8085-exec-2] org.hibernate.SQL                        : 
    select
        r1_0.utilisateur_id,
        r1_1.id_role,
        r1_1.description,
        r1_1.name,
        p1_0.role_id,
        p1_1.id_permission,
        p1_1.description,
        p1_1.name 
    from
        utilisateur_roles r1_0 
    join
        role r1_1 
            on r1_1.id_role=r1_0.role_id 
    left join
        role_permissions p1_0 
            on r1_1.id_role=p1_0.role_id 
    left join
        permission p1_1 
            on p1_1.id_permission=p1_0.permission_id 
    where
        r1_0.utilisateur_id=?
Hibernate: 
    select
        r1_0.utilisateur_id,
        r1_1.id_role,
        r1_1.description,
        r1_1.name,
        p1_0.role_id,
        p1_1.id_permission,
        p1_1.description,
        p1_1.name 
    from
        utilisateur_roles r1_0 
    join
        role r1_1 
            on r1_1.id_role=r1_0.role_id 
    left join
        role_permissions p1_0 
            on r1_1.id_role=p1_0.role_id 
    left join
        permission p1_1 
            on p1_1.id_permission=p1_0.permission_id 
    where
        r1_0.utilisateur_id=?
2025-12-28T23:38:47.613+01:00 DEBUG 269839 --- [smboutique-backend] [nio-8085-exec-2] org.hibernate.SQL                        : 
    select
        p1_0.utilisateur_id,
        p1_1.id_permission,
        p1_1.description,
        p1_1.name 
    from
        utilisateur_permissions p1_0 
    join
        permission p1_1 
            on p1_1.id_permission=p1_0.permission_id 
    where
        p1_0.utilisateur_id=?
Hibernate: 
    select
        p1_0.utilisateur_id,
        p1_1.id_permission,
        p1_1.description,
        p1_1.name 
    from
        utilisateur_permissions p1_0 
    join
        permission p1_1 
            on p1_1.id_permission=p1_0.permission_id 
    where
        p1_0.utilisateur_id=?
2025-12-28T23:38:47.619+01:00 DEBUG 269839 --- [smboutique-backend] [nio-8085-exec-2] o.s.security.web.FilterChainProxy        : Secured GET /api/admin/utilisateurs
2025-12-28T23:38:47.619+01:00  INFO 269839 --- [smboutique-backend] [nio-8085-exec-2] c.s.api.security.AuthTokenFilter         : Incoming request: GET /api/admin/utilisateurs - Authorization present? true - startsWithBearer? true
2025-12-28T23:38:47.630+01:00 DEBUG 269839 --- [smboutique-backend] [nio-8085-exec-2] tor$SharedEntityManagerInvocationHandler : Creating new EntityManager for shared EntityManager invocation
2025-12-28T23:38:47.630+01:00  WARN 269839 --- [smboutique-backend] [nio-8085-exec-2] org.hibernate.orm.deprecation            : HHH90000021: Encountered deprecated setting [javax.persistence.query.timeout], use [jakarta.persistence.query.timeout] instead
2025-12-28T23:38:47.633+01:00 DEBUG 269839 --- [smboutique-backend] [nio-8085-exec-2] org.hibernate.SQL                        : 
    select
        u1_0.id_utilisateur,
        u1_0.adresse,
        u1_0.avatar,
        u1_0.boutique_id,
        u1_0.contact_utilisateur,
        u1_0.email,
        u1_0.mot_de_passe_utilisateur,
        u1_0.nom_utilisateur,
        u1_0.prenom_utilisateur,
        u1_0.psedeau_utilisateur,
        u1_0.reset_token,
        u1_0.reset_token_expire,
        u1_0.statut,
        u1_0.type_utilisateur 
    from
        utilisateur u1_0 
    where
        upper(u1_0.email)=upper(?)
Hibernate: 
    select
        u1_0.id_utilisateur,
        u1_0.adresse,
        u1_0.avatar,
        u1_0.boutique_id,
        u1_0.contact_utilisateur,
        u1_0.email,
        u1_0.mot_de_passe_utilisateur,
        u1_0.nom_utilisateur,
        u1_0.prenom_utilisateur,
        u1_0.psedeau_utilisateur,
        u1_0.reset_token,
        u1_0.reset_token_expire,
        u1_0.statut,
        u1_0.type_utilisateur 
    from
        utilisateur u1_0 
    where
        upper(u1_0.email)=upper(?)
2025-12-28T23:38:47.637+01:00 DEBUG 269839 --- [smboutique-backend] [nio-8085-exec-2] org.hibernate.SQL                        : 
    select
        r1_0.utilisateur_id,
        r1_1.id_role,
        r1_1.description,
        r1_1.name,
        p1_0.role_id,
        p1_1.id_permission,
        p1_1.description,
        p1_1.name 
    from
        utilisateur_roles r1_0 
    join
        role r1_1 
            on r1_1.id_role=r1_0.role_id 
    left join
        role_permissions p1_0 
            on r1_1.id_role=p1_0.role_id 
    left join
        permission p1_1 
            on p1_1.id_permission=p1_0.permission_id 
    where
        r1_0.utilisateur_id=?
Hibernate: 
    select
        r1_0.utilisateur_id,
        r1_1.id_role,
        r1_1.description,
        r1_1.name,
        p1_0.role_id,
        p1_1.id_permission,
        p1_1.description,
        p1_1.name 
    from
        utilisateur_roles r1_0 
    join
        role r1_1 
            on r1_1.id_role=r1_0.role_id 
    left join
        role_permissions p1_0 
            on r1_1.id_role=p1_0.role_id 
    left join
        permission p1_1 
            on p1_1.id_permission=p1_0.permission_id 
    where
        r1_0.utilisateur_id=?
2025-12-28T23:38:47.648+01:00 DEBUG 269839 --- [smboutique-backend] [nio-8085-exec-2] org.hibernate.SQL                        : 
    select
        p1_0.utilisateur_id,
        p1_1.id_permission,
        p1_1.description,
        p1_1.name 
    from
        utilisateur_permissions p1_0 
    join
        permission p1_1 
            on p1_1.id_permission=p1_0.permission_id 
    where
        p1_0.utilisateur_id=?
Hibernate: 
    select
        p1_0.utilisateur_id,
        p1_1.id_permission,
        p1_1.description,
        p1_1.name 
    from
        utilisateur_permissions p1_0 
    join
        permission p1_1 
            on p1_1.id_permission=p1_0.permission_id 
    where
        p1_0.utilisateur_id=?
2025-12-28T23:38:47.655+01:00 DEBUG 269839 --- [smboutique-backend] [nio-8085-exec-2] o.j.s.OpenEntityManagerInViewInterceptor : Opening JPA EntityManager in OpenEntityManagerInViewInterceptor
2025-12-28T23:38:47.660+01:00 DEBUG 269839 --- [smboutique-backend] [nio-8085-exec-2] o.j.s.OpenEntityManagerInViewInterceptor : Closing JPA EntityManager in OpenEntityManagerInViewInterceptor
2025-12-28T23:38:47.670+01:00 DEBUG 269839 --- [smboutique-backend] [nio-8085-exec-2] o.s.security.web.FilterChainProxy        : Securing GET /error
2025-12-28T23:38:47.671+01:00 DEBUG 269839 --- [smboutique-backend] [nio-8085-exec-2] o.s.s.w.a.AnonymousAuthenticationFilter  : Set SecurityContextHolder to anonymous SecurityContext
2025-12-28T23:39:20.541+01:00 DEBUG 269839 --- [smboutique-backend] [nio-8085-exec-3] o.s.security.web.FilterChainProxy        : Securing POST /api/auth/login
2025-12-28T23:39:20.541+01:00  INFO 269839 --- [smboutique-backend] [nio-8085-exec-3] c.s.api.security.AuthTokenFilter         : Incoming request: POST /api/auth/login - Authorization present? false - startsWithBearer? false
2025-12-28T23:39:20.542+01:00 DEBUG 269839 --- [smboutique-backend] [nio-8085-exec-3] c.s.api.security.AuthTokenFilter         : Authorization header missing or not a Bearer token for request POST /api/auth/login
2025-12-28T23:39:20.542+01:00 DEBUG 269839 --- [smboutique-backend] [nio-8085-exec-3] o.s.s.w.a.AnonymousAuthenticationFilter  : Set SecurityContextHolder to anonymous SecurityContext
2025-12-28T23:39:20.542+01:00 DEBUG 269839 --- [smboutique-backend] [nio-8085-exec-3] o.s.security.web.FilterChainProxy        : Secured POST /api/auth/login
2025-12-28T23:39:20.542+01:00  INFO 269839 --- [smboutique-backend] [nio-8085-exec-3] c.s.api.security.AuthTokenFilter         : Incoming request: POST /api/auth/login - Authorization present? false - startsWithBearer? false
2025-12-28T23:39:20.543+01:00 DEBUG 269839 --- [smboutique-backend] [nio-8085-exec-3] c.s.api.security.AuthTokenFilter         : Authorization header missing or not a Bearer token for request POST /api/auth/login
2025-12-28T23:39:20.543+01:00 DEBUG 269839 --- [smboutique-backend] [nio-8085-exec-3] o.j.s.OpenEntityManagerInViewInterceptor : Opening JPA EntityManager in OpenEntityManagerInViewInterceptor
2025-12-28T23:39:20.545+01:00  WARN 269839 --- [smboutique-backend] [nio-8085-exec-3] org.hibernate.orm.deprecation            : HHH90000021: Encountered deprecated setting [javax.persistence.query.timeout], use [jakarta.persistence.query.timeout] instead
2025-12-28T23:39:20.547+01:00 DEBUG 269839 --- [smboutique-backend] [nio-8085-exec-3] org.hibernate.SQL                        : 
    select
        u1_0.id_utilisateur,
        u1_0.adresse,
        u1_0.avatar,
        u1_0.boutique_id,
        u1_0.contact_utilisateur,
        u1_0.email,
        u1_0.mot_de_passe_utilisateur,
        u1_0.nom_utilisateur,
        u1_0.prenom_utilisateur,
        u1_0.psedeau_utilisateur,
        u1_0.reset_token,
        u1_0.reset_token_expire,
        u1_0.statut,
        u1_0.type_utilisateur 
    from
        utilisateur u1_0 
    where
        upper(u1_0.email)=upper(?)
Hibernate: 
    select
        u1_0.id_utilisateur,
        u1_0.adresse,
        u1_0.avatar,
        u1_0.boutique_id,
        u1_0.contact_utilisateur,
        u1_0.email,
        u1_0.mot_de_passe_utilisateur,
        u1_0.nom_utilisateur,
        u1_0.prenom_utilisateur,
        u1_0.psedeau_utilisateur,
        u1_0.reset_token,
        u1_0.reset_token_expire,
        u1_0.statut,
        u1_0.type_utilisateur 
    from
        utilisateur u1_0 
    where
        upper(u1_0.email)=upper(?)
2025-12-28T23:39:20.550+01:00 DEBUG 269839 --- [smboutique-backend] [nio-8085-exec-3] org.hibernate.SQL                        : 
    select
        r1_0.utilisateur_id,
        r1_1.id_role,
        r1_1.description,
        r1_1.name,
        p1_0.role_id,
        p1_1.id_permission,
        p1_1.description,
        p1_1.name 
    from
        utilisateur_roles r1_0 
    join
        role r1_1 
            on r1_1.id_role=r1_0.role_id 
    left join
        role_permissions p1_0 
            on r1_1.id_role=p1_0.role_id 
    left join
        permission p1_1 
            on p1_1.id_permission=p1_0.permission_id 
    where
        r1_0.utilisateur_id=?
Hibernate: 
    select
        r1_0.utilisateur_id,
        r1_1.id_role,
        r1_1.description,
        r1_1.name,
        p1_0.role_id,
        p1_1.id_permission,
        p1_1.description,
        p1_1.name 
    from
        utilisateur_roles r1_0 
    join
        role r1_1 
            on r1_1.id_role=r1_0.role_id 
    left join
        role_permissions p1_0 
            on r1_1.id_role=p1_0.role_id 
    left join
        permission p1_1 
            on p1_1.id_permission=p1_0.permission_id 
    where
        r1_0.utilisateur_id=?
2025-12-28T23:39:20.559+01:00 DEBUG 269839 --- [smboutique-backend] [nio-8085-exec-3] org.hibernate.SQL                        : 
    select
        p1_0.utilisateur_id,
        p1_1.id_permission,
        p1_1.description,
        p1_1.name 
    from
        utilisateur_permissions p1_0 
    join
        permission p1_1 
            on p1_1.id_permission=p1_0.permission_id 
    where
        p1_0.utilisateur_id=?
Hibernate: 
    select
        p1_0.utilisateur_id,
        p1_1.id_permission,
        p1_1.description,
        p1_1.name 
    from
        utilisateur_permissions p1_0 
    join
        permission p1_1 
            on p1_1.id_permission=p1_0.permission_id 
    where
        p1_0.utilisateur_id=?
2025-12-28T23:39:20.701+01:00 DEBUG 269839 --- [smboutique-backend] [nio-8085-exec-3] o.s.s.a.dao.DaoAuthenticationProvider    : Authenticated user
2025-12-28T23:39:20.704+01:00 DEBUG 269839 --- [smboutique-backend] [nio-8085-exec-3] o.j.s.OpenEntityManagerInViewInterceptor : Closing JPA EntityManager in OpenEntityManagerInViewInterceptor
2025-12-28T23:39:20.719+01:00 DEBUG 269839 --- [smboutique-backend] [nio-8085-exec-4] o.s.security.web.FilterChainProxy        : Securing GET /api/utilisateurs
2025-12-28T23:39:20.719+01:00  INFO 269839 --- [smboutique-backend] [nio-8085-exec-4] c.s.api.security.AuthTokenFilter         : Incoming request: GET /api/utilisateurs - Authorization present? true - startsWithBearer? true
2025-12-28T23:39:20.724+01:00 DEBUG 269839 --- [smboutique-backend] [nio-8085-exec-4] tor$SharedEntityManagerInvocationHandler : Creating new EntityManager for shared EntityManager invocation
2025-12-28T23:39:20.725+01:00  WARN 269839 --- [smboutique-backend] [nio-8085-exec-4] org.hibernate.orm.deprecation            : HHH90000021: Encountered deprecated setting [javax.persistence.query.timeout], use [jakarta.persistence.query.timeout] instead
2025-12-28T23:39:20.726+01:00 DEBUG 269839 --- [smboutique-backend] [nio-8085-exec-4] org.hibernate.SQL                        : 
    select
        u1_0.id_utilisateur,
        u1_0.adresse,
        u1_0.avatar,
        u1_0.boutique_id,
        u1_0.contact_utilisateur,
        u1_0.email,
        u1_0.mot_de_passe_utilisateur,
        u1_0.nom_utilisateur,
        u1_0.prenom_utilisateur,
        u1_0.psedeau_utilisateur,
        u1_0.reset_token,
        u1_0.reset_token_expire,
        u1_0.statut,
        u1_0.type_utilisateur 
    from
        utilisateur u1_0 
    where
        upper(u1_0.email)=upper(?)
Hibernate: 
    select
        u1_0.id_utilisateur,
        u1_0.adresse,
        u1_0.avatar,
        u1_0.boutique_id,
        u1_0.contact_utilisateur,
        u1_0.email,
        u1_0.mot_de_passe_utilisateur,
        u1_0.nom_utilisateur,
        u1_0.prenom_utilisateur,
        u1_0.psedeau_utilisateur,
        u1_0.reset_token,
        u1_0.reset_token_expire,
        u1_0.statut,
        u1_0.type_utilisateur 
    from
        utilisateur u1_0 
    where
        upper(u1_0.email)=upper(?)
2025-12-28T23:39:20.729+01:00 DEBUG 269839 --- [smboutique-backend] [nio-8085-exec-4] org.hibernate.SQL                        : 
    select
        r1_0.utilisateur_id,
        r1_1.id_role,
        r1_1.description,
        r1_1.name,
        p1_0.role_id,
        p1_1.id_permission,
        p1_1.description,
        p1_1.name 
    from
        utilisateur_roles r1_0 
    join
        role r1_1 
            on r1_1.id_role=r1_0.role_id 
    left join
        role_permissions p1_0 
            on r1_1.id_role=p1_0.role_id 
    left join
        permission p1_1 
            on p1_1.id_permission=p1_0.permission_id 
    where
        r1_0.utilisateur_id=?
Hibernate: 
    select
        r1_0.utilisateur_id,
        r1_1.id_role,
        r1_1.description,
        r1_1.name,
        p1_0.role_id,
        p1_1.id_permission,
        p1_1.description,
        p1_1.name 
    from
        utilisateur_roles r1_0 
    join
        role r1_1 
            on r1_1.id_role=r1_0.role_id 
    left join
        role_permissions p1_0 
            on r1_1.id_role=p1_0.role_id 
    left join
        permission p1_1 
            on p1_1.id_permission=p1_0.permission_id 
    where
        r1_0.utilisateur_id=?
2025-12-28T23:39:20.736+01:00 DEBUG 269839 --- [smboutique-backend] [nio-8085-exec-4] org.hibernate.SQL                        : 
    select
        p1_0.utilisateur_id,
        p1_1.id_permission,
        p1_1.description,
        p1_1.name 
    from
        utilisateur_permissions p1_0 
    join
        permission p1_1 
            on p1_1.id_permission=p1_0.permission_id 
    where
        p1_0.utilisateur_id=?
Hibernate: 
    select
        p1_0.utilisateur_id,
        p1_1.id_permission,
        p1_1.description,
        p1_1.name 
    from
        utilisateur_permissions p1_0 
    join
        permission p1_1 
            on p1_1.id_permission=p1_0.permission_id 
    where
        p1_0.utilisateur_id=?
2025-12-28T23:39:20.739+01:00 DEBUG 269839 --- [smboutique-backend] [nio-8085-exec-4] o.s.security.web.FilterChainProxy        : Secured GET /api/utilisateurs
2025-12-28T23:39:20.740+01:00  INFO 269839 --- [smboutique-backend] [nio-8085-exec-4] c.s.api.security.AuthTokenFilter         : Incoming request: GET /api/utilisateurs - Authorization present? true - startsWithBearer? true
2025-12-28T23:39:20.750+01:00 DEBUG 269839 --- [smboutique-backend] [nio-8085-exec-4] tor$SharedEntityManagerInvocationHandler : Creating new EntityManager for shared EntityManager invocation
2025-12-28T23:39:20.752+01:00  WARN 269839 --- [smboutique-backend] [nio-8085-exec-4] org.hibernate.orm.deprecation            : HHH90000021: Encountered deprecated setting [javax.persistence.query.timeout], use [jakarta.persistence.query.timeout] instead
2025-12-28T23:39:20.754+01:00 DEBUG 269839 --- [smboutique-backend] [nio-8085-exec-4] org.hibernate.SQL                        : 
    select
        u1_0.id_utilisateur,
        u1_0.adresse,
        u1_0.avatar,
        u1_0.boutique_id,
        u1_0.contact_utilisateur,
        u1_0.email,
        u1_0.mot_de_passe_utilisateur,
        u1_0.nom_utilisateur,
        u1_0.prenom_utilisateur,
        u1_0.psedeau_utilisateur,
        u1_0.reset_token,
        u1_0.reset_token_expire,
        u1_0.statut,
        u1_0.type_utilisateur 
    from
        utilisateur u1_0 
    where
        upper(u1_0.email)=upper(?)
Hibernate: 
    select
        u1_0.id_utilisateur,
        u1_0.adresse,
        u1_0.avatar,
        u1_0.boutique_id,
        u1_0.contact_utilisateur,
        u1_0.email,
        u1_0.mot_de_passe_utilisateur,
        u1_0.nom_utilisateur,
        u1_0.prenom_utilisateur,
        u1_0.psedeau_utilisateur,
        u1_0.reset_token,
        u1_0.reset_token_expire,
        u1_0.statut,
        u1_0.type_utilisateur 
    from
        utilisateur u1_0 
    where
        upper(u1_0.email)=upper(?)
2025-12-28T23:39:20.759+01:00 DEBUG 269839 --- [smboutique-backend] [nio-8085-exec-4] org.hibernate.SQL                        : 
    select
        r1_0.utilisateur_id,
        r1_1.id_role,
        r1_1.description,
        r1_1.name,
        p1_0.role_id,
        p1_1.id_permission,
        p1_1.description,
        p1_1.name 
    from
        utilisateur_roles r1_0 
    join
        role r1_1 
            on r1_1.id_role=r1_0.role_id 
    left join
        role_permissions p1_0 
            on r1_1.id_role=p1_0.role_id 
    left join
        permission p1_1 
            on p1_1.id_permission=p1_0.permission_id 
    where
        r1_0.utilisateur_id=?
Hibernate: 
    select
        r1_0.utilisateur_id,
        r1_1.id_role,
        r1_1.description,
        r1_1.name,
        p1_0.role_id,
        p1_1.id_permission,
        p1_1.description,
        p1_1.name 
    from
        utilisateur_roles r1_0 
    join
        role r1_1 
            on r1_1.id_role=r1_0.role_id 
    left join
        role_permissions p1_0 
            on r1_1.id_role=p1_0.role_id 
    left join
        permission p1_1 
            on p1_1.id_permission=p1_0.permission_id 
    where
        r1_0.utilisateur_id=?
2025-12-28T23:39:20.773+01:00 DEBUG 269839 --- [smboutique-backend] [nio-8085-exec-4] org.hibernate.SQL                        : 
    select
        p1_0.utilisateur_id,
        p1_1.id_permission,
        p1_1.description,
        p1_1.name 
    from
        utilisateur_permissions p1_0 
    join
        permission p1_1 
            on p1_1.id_permission=p1_0.permission_id 
    where
        p1_0.utilisateur_id=?
Hibernate: 
    select
        p1_0.utilisateur_id,
        p1_1.id_permission,
        p1_1.description,
        p1_1.name 
    from
        utilisateur_permissions p1_0 
    join
        permission p1_1 
            on p1_1.id_permission=p1_0.permission_id 
    where
        p1_0.utilisateur_id=?
2025-12-28T23:39:20.778+01:00 DEBUG 269839 --- [smboutique-backend] [nio-8085-exec-4] o.j.s.OpenEntityManagerInViewInterceptor : Opening JPA EntityManager in OpenEntityManagerInViewInterceptor
2025-12-28T23:39:20.781+01:00 DEBUG 269839 --- [smboutique-backend] [nio-8085-exec-4] horizationManagerBeforeMethodInterceptor : Authorizing method invocation ReflectiveMethodInvocation: public java.util.List com.smboutique.api.controller.AdminPermissionController.listUsers(); target is of class [com.smboutique.api.controller.AdminPermissionController]
2025-12-28T23:39:20.832+01:00 DEBUG 269839 --- [smboutique-backend] [nio-8085-exec-4] horizationManagerBeforeMethodInterceptor : Authorized method invocation ReflectiveMethodInvocation: public java.util.List com.smboutique.api.controller.AdminPermissionController.listUsers(); target is of class [com.smboutique.api.controller.AdminPermissionController]
2025-12-28T23:39:20.833+01:00  WARN 269839 --- [smboutique-backend] [nio-8085-exec-4] org.hibernate.orm.deprecation            : HHH90000021: Encountered deprecated setting [javax.persistence.query.timeout], use [jakarta.persistence.query.timeout] instead
2025-12-28T23:39:20.835+01:00 DEBUG 269839 --- [smboutique-backend] [nio-8085-exec-4] org.hibernate.SQL                        : 
    select
        u1_0.id_utilisateur,
        u1_0.adresse,
        u1_0.avatar,
        u1_0.boutique_id,
        u1_0.contact_utilisateur,
        u1_0.email,
        u1_0.mot_de_passe_utilisateur,
        u1_0.nom_utilisateur,
        u1_0.prenom_utilisateur,
        u1_0.psedeau_utilisateur,
        u1_0.reset_token,
        u1_0.reset_token_expire,
        u1_0.statut,
        u1_0.type_utilisateur 
    from
        utilisateur u1_0 
    where
        upper(u1_0.email)=upper(?)
Hibernate: 
    select
        u1_0.id_utilisateur,
        u1_0.adresse,
        u1_0.avatar,
        u1_0.boutique_id,
        u1_0.contact_utilisateur,
        u1_0.email,
        u1_0.mot_de_passe_utilisateur,
        u1_0.nom_utilisateur,
        u1_0.prenom_utilisateur,
        u1_0.psedeau_utilisateur,
        u1_0.reset_token,
        u1_0.reset_token_expire,
        u1_0.statut,
        u1_0.type_utilisateur 
    from
        utilisateur u1_0 
    where
        upper(u1_0.email)=upper(?)
2025-12-28T23:39:20.838+01:00 DEBUG 269839 --- [smboutique-backend] [nio-8085-exec-4] org.hibernate.SQL                        : 
    select
        r1_0.utilisateur_id,
        r1_1.id_role,
        r1_1.description,
        r1_1.name,
        p1_0.role_id,
        p1_1.id_permission,
        p1_1.description,
        p1_1.name 
    from
        utilisateur_roles r1_0 
    join
        role r1_1 
            on r1_1.id_role=r1_0.role_id 
    left join
        role_permissions p1_0 
            on r1_1.id_role=p1_0.role_id 
    left join
        permission p1_1 
            on p1_1.id_permission=p1_0.permission_id 
    where
        r1_0.utilisateur_id=?
Hibernate: 
    select
        r1_0.utilisateur_id,
        r1_1.id_role,
        r1_1.description,
        r1_1.name,
        p1_0.role_id,
        p1_1.id_permission,
        p1_1.description,
        p1_1.name 
    from
        utilisateur_roles r1_0 
    join
        role r1_1 
            on r1_1.id_role=r1_0.role_id 
    left join
        role_permissions p1_0 
            on r1_1.id_role=p1_0.role_id 
    left join
        permission p1_1 
            on p1_1.id_permission=p1_0.permission_id 
    where
        r1_0.utilisateur_id=?
2025-12-28T23:39:20.843+01:00 DEBUG 269839 --- [smboutique-backend] [nio-8085-exec-4] org.hibernate.SQL                        : 
    select
        p1_0.utilisateur_id,
        p1_1.id_permission,
        p1_1.description,
        p1_1.name 
    from
        utilisateur_permissions p1_0 
    join
        permission p1_1 
            on p1_1.id_permission=p1_0.permission_id 
    where
        p1_0.utilisateur_id=?
Hibernate: 
    select
        p1_0.utilisateur_id,
        p1_1.id_permission,
        p1_1.description,
        p1_1.name 
    from
        utilisateur_permissions p1_0 
    join
        permission p1_1 
            on p1_1.id_permission=p1_0.permission_id 
    where
        p1_0.utilisateur_id=?
2025-12-28T23:39:20.847+01:00 DEBUG 269839 --- [smboutique-backend] [nio-8085-exec-4] o.s.orm.jpa.JpaTransactionManager        : Found thread-bound EntityManager [SessionImpl(2063276526<open>)] for JPA transaction
2025-12-28T23:39:20.848+01:00 DEBUG 269839 --- [smboutique-backend] [nio-8085-exec-4] o.s.orm.jpa.JpaTransactionManager        : Creating new transaction with name [org.springframework.data.jpa.repository.support.SimpleJpaRepository.findAll]: PROPAGATION_REQUIRED,ISOLATION_DEFAULT,readOnly
2025-12-28T23:39:20.848+01:00 DEBUG 269839 --- [smboutique-backend] [nio-8085-exec-4] o.s.orm.jpa.JpaTransactionManager        : Exposing JPA transaction as JDBC [org.springframework.orm.jpa.vendor.HibernateJpaDialect$HibernateConnectionHandle@1e049318]
2025-12-28T23:39:20.849+01:00  WARN 269839 --- [smboutique-backend] [nio-8085-exec-4] org.hibernate.orm.deprecation            : HHH90000021: Encountered deprecated setting [javax.persistence.query.timeout], use [jakarta.persistence.query.timeout] instead
2025-12-28T23:39:20.851+01:00 DEBUG 269839 --- [smboutique-backend] [nio-8085-exec-4] org.hibernate.SQL                        : 
    select
        u1_0.id_utilisateur,
        u1_0.adresse,
        u1_0.avatar,
        u1_0.boutique_id,
        u1_0.contact_utilisateur,
        u1_0.email,
        u1_0.mot_de_passe_utilisateur,
        u1_0.nom_utilisateur,
        u1_0.prenom_utilisateur,
        u1_0.psedeau_utilisateur,
        u1_0.reset_token,
        u1_0.reset_token_expire,
        u1_0.statut,
        u1_0.type_utilisateur 
    from
        utilisateur u1_0
Hibernate: 
    select
        u1_0.id_utilisateur,
        u1_0.adresse,
        u1_0.avatar,
        u1_0.boutique_id,
        u1_0.contact_utilisateur,
        u1_0.email,
        u1_0.mot_de_passe_utilisateur,
        u1_0.nom_utilisateur,
        u1_0.prenom_utilisateur,
        u1_0.psedeau_utilisateur,
        u1_0.reset_token,
        u1_0.reset_token_expire,
        u1_0.statut,
        u1_0.type_utilisateur 
    from
        utilisateur u1_0
2025-12-28T23:39:20.854+01:00 DEBUG 269839 --- [smboutique-backend] [nio-8085-exec-4] org.hibernate.SQL                        : 
    select
        r1_0.utilisateur_id,
        r1_1.id_role,
        r1_1.description,
        r1_1.name,
        p1_0.role_id,
        p1_1.id_permission,
        p1_1.description,
        p1_1.name 
    from
        utilisateur_roles r1_0 
    join
        role r1_1 
            on r1_1.id_role=r1_0.role_id 
    left join
        role_permissions p1_0 
            on r1_1.id_role=p1_0.role_id 
    left join
        permission p1_1 
            on p1_1.id_permission=p1_0.permission_id 
    where
        r1_0.utilisateur_id=?
Hibernate: 
    select
        r1_0.utilisateur_id,
        r1_1.id_role,
        r1_1.description,
        r1_1.name,
        p1_0.role_id,
        p1_1.id_permission,
        p1_1.description,
        p1_1.name 
    from
        utilisateur_roles r1_0 
    join
        role r1_1 
            on r1_1.id_role=r1_0.role_id 
    left join
        role_permissions p1_0 
            on r1_1.id_role=p1_0.role_id 
    left join
        permission p1_1 
            on p1_1.id_permission=p1_0.permission_id 
    where
        r1_0.utilisateur_id=?
2025-12-28T23:39:20.857+01:00 DEBUG 269839 --- [smboutique-backend] [nio-8085-exec-4] org.hibernate.SQL                        : 
    select
        p1_0.utilisateur_id,
        p1_1.id_permission,
        p1_1.description,
        p1_1.name 
    from
        utilisateur_permissions p1_0 
    join
        permission p1_1 
            on p1_1.id_permission=p1_0.permission_id 
    where
        p1_0.utilisateur_id=?
Hibernate: 
    select
        p1_0.utilisateur_id,
        p1_1.id_permission,
        p1_1.description,
        p1_1.name 
    from
        utilisateur_permissions p1_0 
    join
        permission p1_1 
            on p1_1.id_permission=p1_0.permission_id 
    where
        p1_0.utilisateur_id=?
2025-12-28T23:39:20.859+01:00 DEBUG 269839 --- [smboutique-backend] [nio-8085-exec-4] org.hibernate.SQL                        : 
    select
        r1_0.utilisateur_id,
        r1_1.id_role,
        r1_1.description,
        r1_1.name,
        p1_0.role_id,
        p1_1.id_permission,
        p1_1.description,
        p1_1.name 
    from
        utilisateur_roles r1_0 
    join
        role r1_1 
            on r1_1.id_role=r1_0.role_id 
    left join
        role_permissions p1_0 
            on r1_1.id_role=p1_0.role_id 
    left join
        permission p1_1 
            on p1_1.id_permission=p1_0.permission_id 
    where
        r1_0.utilisateur_id=?
Hibernate: 
    select
        r1_0.utilisateur_id,
        r1_1.id_role,
        r1_1.description,
        r1_1.name,
        p1_0.role_id,
        p1_1.id_permission,
        p1_1.description,
        p1_1.name 
    from
        utilisateur_roles r1_0 
    join
        role r1_1 
            on r1_1.id_role=r1_0.role_id 
    left join
        role_permissions p1_0 
            on r1_1.id_role=p1_0.role_id 
    left join
        permission p1_1 
            on p1_1.id_permission=p1_0.permission_id 
    where
        r1_0.utilisateur_id=?
2025-12-28T23:39:20.862+01:00 DEBUG 269839 --- [smboutique-backend] [nio-8085-exec-4] org.hibernate.SQL                        : 
    select
        p1_0.utilisateur_id,
        p1_1.id_permission,
        p1_1.description,
        p1_1.name 
    from
        utilisateur_permissions p1_0 
    join
        permission p1_1 
            on p1_1.id_permission=p1_0.permission_id 
    where
        p1_0.utilisateur_id=?
Hibernate: 
    select
        p1_0.utilisateur_id,
        p1_1.id_permission,
        p1_1.description,
        p1_1.name 
    from
        utilisateur_permissions p1_0 
    join
        permission p1_1 
            on p1_1.id_permission=p1_0.permission_id 
    where
        p1_0.utilisateur_id=?
2025-12-28T23:39:20.864+01:00 DEBUG 269839 --- [smboutique-backend] [nio-8085-exec-4] o.s.orm.jpa.JpaTransactionManager        : Initiating transaction commit
2025-12-28T23:39:20.865+01:00 DEBUG 269839 --- [smboutique-backend] [nio-8085-exec-4] o.s.orm.jpa.JpaTransactionManager        : Committing JPA transaction on EntityManager [SessionImpl(2063276526<open>)]
2025-12-28T23:39:20.865+01:00 DEBUG 269839 --- [smboutique-backend] [nio-8085-exec-4] o.s.orm.jpa.JpaTransactionManager        : Not closing pre-bound JPA EntityManager after transaction
2025-12-28T23:39:20.878+01:00 DEBUG 269839 --- [smboutique-backend] [nio-8085-exec-4] org.hibernate.SQL                        : 
    select
        b1_0.id_boutique,
        b1_0.adresse,
        b1_0.logo,
        b1_0.nom,
        b1_0.quartier,
        b1_0.telephone 
    from
        boutique b1_0 
    where
        b1_0.id_boutique=?
Hibernate: 
    select
        b1_0.id_boutique,
        b1_0.adresse,
        b1_0.logo,
        b1_0.nom,
        b1_0.quartier,
        b1_0.telephone 
    from
        boutique b1_0 
    where
        b1_0.id_boutique=?
2025-12-28T23:39:20.896+01:00 DEBUG 269839 --- [smboutique-backend] [nio-8085-exec-4] org.hibernate.SQL                        : 
    select
        b1_0.id_boutique,
        b1_0.adresse,
        b1_0.logo,
        b1_0.nom,
        b1_0.quartier,
        b1_0.telephone 
    from
        boutique b1_0 
    where
        b1_0.id_boutique=?
Hibernate: 
    select
        b1_0.id_boutique,
        b1_0.adresse,
        b1_0.logo,
        b1_0.nom,
        b1_0.quartier,
        b1_0.telephone 
    from
        boutique b1_0 
    where
        b1_0.id_boutique=?
2025-12-28T23:39:20.899+01:00 DEBUG 269839 --- [smboutique-backend] [nio-8085-exec-4] org.hibernate.SQL                        : 
    select
        b1_0.id_boutique,
        b1_0.adresse,
        b1_0.logo,
        b1_0.nom,
        b1_0.quartier,
        b1_0.telephone 
    from
        boutique b1_0 
    where
        b1_0.id_boutique=?
Hibernate: 
    select
        b1_0.id_boutique,
        b1_0.adresse,
        b1_0.logo,
        b1_0.nom,
        b1_0.quartier,
        b1_0.telephone 
    from
        boutique b1_0 
    where
        b1_0.id_boutique=?
2025-12-28T23:39:20.904+01:00 DEBUG 269839 --- [smboutique-backend] [nio-8085-exec-4] o.j.s.OpenEntityManagerInViewInterceptor : Closing JPA EntityManager in OpenEntityManagerInViewInterceptor
2025-12-28T23:39:33.671+01:00 DEBUG 269839 --- [smboutique-backend] [nio-8085-exec-5] o.s.security.web.FilterChainProxy        : Securing GET /api/admin/utilisateurs/1/permissions
2025-12-28T23:39:33.672+01:00  INFO 269839 --- [smboutique-backend] [nio-8085-exec-5] c.s.api.security.AuthTokenFilter         : Incoming request: GET /api/admin/utilisateurs/1/permissions - Authorization present? true - startsWithBearer? true
2025-12-28T23:39:33.679+01:00 DEBUG 269839 --- [smboutique-backend] [nio-8085-exec-5] tor$SharedEntityManagerInvocationHandler : Creating new EntityManager for shared EntityManager invocation
2025-12-28T23:39:33.680+01:00  WARN 269839 --- [smboutique-backend] [nio-8085-exec-5] org.hibernate.orm.deprecation            : HHH90000021: Encountered deprecated setting [javax.persistence.query.timeout], use [jakarta.persistence.query.timeout] instead
2025-12-28T23:39:33.682+01:00 DEBUG 269839 --- [smboutique-backend] [nio-8085-exec-5] org.hibernate.SQL                        : 
    select
        u1_0.id_utilisateur,
        u1_0.adresse,
        u1_0.avatar,
        u1_0.boutique_id,
        u1_0.contact_utilisateur,
        u1_0.email,
        u1_0.mot_de_passe_utilisateur,
        u1_0.nom_utilisateur,
        u1_0.prenom_utilisateur,
        u1_0.psedeau_utilisateur,
        u1_0.reset_token,
        u1_0.reset_token_expire,
        u1_0.statut,
        u1_0.type_utilisateur 
    from
        utilisateur u1_0 
    where
        upper(u1_0.email)=upper(?)
Hibernate: 
    select
        u1_0.id_utilisateur,
        u1_0.adresse,
        u1_0.avatar,
        u1_0.boutique_id,
        u1_0.contact_utilisateur,
        u1_0.email,
        u1_0.mot_de_passe_utilisateur,
        u1_0.nom_utilisateur,
        u1_0.prenom_utilisateur,
        u1_0.psedeau_utilisateur,
        u1_0.reset_token,
        u1_0.reset_token_expire,
        u1_0.statut,
        u1_0.type_utilisateur 
    from
        utilisateur u1_0 
    where
        upper(u1_0.email)=upper(?)
2025-12-28T23:39:33.685+01:00 DEBUG 269839 --- [smboutique-backend] [nio-8085-exec-5] org.hibernate.SQL                        : 
    select
        r1_0.utilisateur_id,
        r1_1.id_role,
        r1_1.description,
        r1_1.name,
        p1_0.role_id,
        p1_1.id_permission,
        p1_1.description,
        p1_1.name 
    from
        utilisateur_roles r1_0 
    join
        role r1_1 
            on r1_1.id_role=r1_0.role_id 
    left join
        role_permissions p1_0 
            on r1_1.id_role=p1_0.role_id 
    left join
        permission p1_1 
            on p1_1.id_permission=p1_0.permission_id 
    where
        r1_0.utilisateur_id=?
Hibernate: 
    select
        r1_0.utilisateur_id,
        r1_1.id_role,
        r1_1.description,
        r1_1.name,
        p1_0.role_id,
        p1_1.id_permission,
        p1_1.description,
        p1_1.name 
    from
        utilisateur_roles r1_0 
    join
        role r1_1 
            on r1_1.id_role=r1_0.role_id 
    left join
        role_permissions p1_0 
            on r1_1.id_role=p1_0.role_id 
    left join
        permission p1_1 
            on p1_1.id_permission=p1_0.permission_id 
    where
        r1_0.utilisateur_id=?
2025-12-28T23:39:33.692+01:00 DEBUG 269839 --- [smboutique-backend] [nio-8085-exec-5] org.hibernate.SQL                        : 
    select
        p1_0.utilisateur_id,
        p1_1.id_permission,
        p1_1.description,
        p1_1.name 
    from
        utilisateur_permissions p1_0 
    join
        permission p1_1 
            on p1_1.id_permission=p1_0.permission_id 
    where
        p1_0.utilisateur_id=?
Hibernate: 
    select
        p1_0.utilisateur_id,
        p1_1.id_permission,
        p1_1.description,
        p1_1.name 
    from
        utilisateur_permissions p1_0 
    join
        permission p1_1 
            on p1_1.id_permission=p1_0.permission_id 
    where
        p1_0.utilisateur_id=?
2025-12-28T23:39:33.696+01:00 DEBUG 269839 --- [smboutique-backend] [nio-8085-exec-5] o.s.security.web.FilterChainProxy        : Secured GET /api/admin/utilisateurs/1/permissions
2025-12-28T23:39:33.696+01:00  INFO 269839 --- [smboutique-backend] [nio-8085-exec-5] c.s.api.security.AuthTokenFilter         : Incoming request: GET /api/admin/utilisateurs/1/permissions - Authorization present? true - startsWithBearer? true
2025-12-28T23:39:33.703+01:00 DEBUG 269839 --- [smboutique-backend] [nio-8085-exec-5] tor$SharedEntityManagerInvocationHandler : Creating new EntityManager for shared EntityManager invocation
2025-12-28T23:39:33.704+01:00  WARN 269839 --- [smboutique-backend] [nio-8085-exec-5] org.hibernate.orm.deprecation            : HHH90000021: Encountered deprecated setting [javax.persistence.query.timeout], use [jakarta.persistence.query.timeout] instead
2025-12-28T23:39:33.707+01:00 DEBUG 269839 --- [smboutique-backend] [nio-8085-exec-5] org.hibernate.SQL                        : 
    select
        u1_0.id_utilisateur,
        u1_0.adresse,
        u1_0.avatar,
        u1_0.boutique_id,
        u1_0.contact_utilisateur,
        u1_0.email,
        u1_0.mot_de_passe_utilisateur,
        u1_0.nom_utilisateur,
        u1_0.prenom_utilisateur,
        u1_0.psedeau_utilisateur,
        u1_0.reset_token,
        u1_0.reset_token_expire,
        u1_0.statut,
        u1_0.type_utilisateur 
    from
        utilisateur u1_0 
    where
        upper(u1_0.email)=upper(?)
Hibernate: 
    select
        u1_0.id_utilisateur,
        u1_0.adresse,
        u1_0.avatar,
        u1_0.boutique_id,
        u1_0.contact_utilisateur,
        u1_0.email,
        u1_0.mot_de_passe_utilisateur,
        u1_0.nom_utilisateur,
        u1_0.prenom_utilisateur,
        u1_0.psedeau_utilisateur,
        u1_0.reset_token,
        u1_0.reset_token_expire,
        u1_0.statut,
        u1_0.type_utilisateur 
    from
        utilisateur u1_0 
    where
        upper(u1_0.email)=upper(?)
2025-12-28T23:39:33.710+01:00 DEBUG 269839 --- [smboutique-backend] [nio-8085-exec-5] org.hibernate.SQL                        : 
    select
        r1_0.utilisateur_id,
        r1_1.id_role,
        r1_1.description,
        r1_1.name,
        p1_0.role_id,
        p1_1.id_permission,
        p1_1.description,
        p1_1.name 
    from
        utilisateur_roles r1_0 
    join
        role r1_1 
            on r1_1.id_role=r1_0.role_id 
    left join
        role_permissions p1_0 
            on r1_1.id_role=p1_0.role_id 
    left join
        permission p1_1 
            on p1_1.id_permission=p1_0.permission_id 
    where
        r1_0.utilisateur_id=?
Hibernate: 
    select
        r1_0.utilisateur_id,
        r1_1.id_role,
        r1_1.description,
        r1_1.name,
        p1_0.role_id,
        p1_1.id_permission,
        p1_1.description,
        p1_1.name 
    from
        utilisateur_roles r1_0 
    join
        role r1_1 
            on r1_1.id_role=r1_0.role_id 
    left join
        role_permissions p1_0 
            on r1_1.id_role=p1_0.role_id 
    left join
        permission p1_1 
            on p1_1.id_permission=p1_0.permission_id 
    where
        r1_0.utilisateur_id=?
2025-12-28T23:39:33.719+01:00 DEBUG 269839 --- [smboutique-backend] [nio-8085-exec-5] org.hibernate.SQL                        : 
    select
        p1_0.utilisateur_id,
        p1_1.id_permission,
        p1_1.description,
        p1_1.name 
    from
        utilisateur_permissions p1_0 
    join
        permission p1_1 
            on p1_1.id_permission=p1_0.permission_id 
    where
        p1_0.utilisateur_id=?
Hibernate: 
    select
        p1_0.utilisateur_id,
        p1_1.id_permission,
        p1_1.description,
        p1_1.name 
    from
        utilisateur_permissions p1_0 
    join
        permission p1_1 
            on p1_1.id_permission=p1_0.permission_id 
    where
        p1_0.utilisateur_id=?
2025-12-28T23:39:33.726+01:00 DEBUG 269839 --- [smboutique-backend] [nio-8085-exec-5] o.j.s.OpenEntityManagerInViewInterceptor : Opening JPA EntityManager in OpenEntityManagerInViewInterceptor
2025-12-28T23:39:33.727+01:00 DEBUG 269839 --- [smboutique-backend] [nio-8085-exec-5] horizationManagerBeforeMethodInterceptor : Authorizing method invocation ReflectiveMethodInvocation: public org.springframework.http.ResponseEntity com.smboutique.api.controller.AdminPermissionController.getUserPermissions(java.lang.Long); target is of class [com.smboutique.api.controller.AdminPermissionController]
2025-12-28T23:39:33.728+01:00 DEBUG 269839 --- [smboutique-backend] [nio-8085-exec-5] horizationManagerBeforeMethodInterceptor : Authorized method invocation ReflectiveMethodInvocation: public org.springframework.http.ResponseEntity com.smboutique.api.controller.AdminPermissionController.getUserPermissions(java.lang.Long); target is of class [com.smboutique.api.controller.AdminPermissionController]
2025-12-28T23:39:33.730+01:00  WARN 269839 --- [smboutique-backend] [nio-8085-exec-5] org.hibernate.orm.deprecation            : HHH90000021: Encountered deprecated setting [javax.persistence.query.timeout], use [jakarta.persistence.query.timeout] instead
2025-12-28T23:39:33.731+01:00 DEBUG 269839 --- [smboutique-backend] [nio-8085-exec-5] org.hibernate.SQL                        : 
    select
        u1_0.id_utilisateur,
        u1_0.adresse,
        u1_0.avatar,
        u1_0.boutique_id,
        u1_0.contact_utilisateur,
        u1_0.email,
        u1_0.mot_de_passe_utilisateur,
        u1_0.nom_utilisateur,
        u1_0.prenom_utilisateur,
        u1_0.psedeau_utilisateur,
        u1_0.reset_token,
        u1_0.reset_token_expire,
        u1_0.statut,
        u1_0.type_utilisateur 
    from
        utilisateur u1_0 
    where
        upper(u1_0.email)=upper(?)
Hibernate: 
    select
        u1_0.id_utilisateur,
        u1_0.adresse,
        u1_0.avatar,
        u1_0.boutique_id,
        u1_0.contact_utilisateur,
        u1_0.email,
        u1_0.mot_de_passe_utilisateur,
        u1_0.nom_utilisateur,
        u1_0.prenom_utilisateur,
        u1_0.psedeau_utilisateur,
        u1_0.reset_token,
        u1_0.reset_token_expire,
        u1_0.statut,
        u1_0.type_utilisateur 
    from
        utilisateur u1_0 
    where
        upper(u1_0.email)=upper(?)
2025-12-28T23:39:33.736+01:00 DEBUG 269839 --- [smboutique-backend] [nio-8085-exec-5] org.hibernate.SQL                        : 
    select
        r1_0.utilisateur_id,
        r1_1.id_role,
        r1_1.description,
        r1_1.name,
        p1_0.role_id,
        p1_1.id_permission,
        p1_1.description,
        p1_1.name 
    from
        utilisateur_roles r1_0 
    join
        role r1_1 
            on r1_1.id_role=r1_0.role_id 
    left join
        role_permissions p1_0 
            on r1_1.id_role=p1_0.role_id 
    left join
        permission p1_1 
            on p1_1.id_permission=p1_0.permission_id 
    where
        r1_0.utilisateur_id=?
Hibernate: 
    select
        r1_0.utilisateur_id,
        r1_1.id_role,
        r1_1.description,
        r1_1.name,
        p1_0.role_id,
        p1_1.id_permission,
        p1_1.description,
        p1_1.name 
    from
        utilisateur_roles r1_0 
    join
        role r1_1 
            on r1_1.id_role=r1_0.role_id 
    left join
        role_permissions p1_0 
            on r1_1.id_role=p1_0.role_id 
    left join
        permission p1_1 
            on p1_1.id_permission=p1_0.permission_id 
    where
        r1_0.utilisateur_id=?
2025-12-28T23:39:33.742+01:00 DEBUG 269839 --- [smboutique-backend] [nio-8085-exec-5] org.hibernate.SQL                        : 
    select
        p1_0.utilisateur_id,
        p1_1.id_permission,
        p1_1.description,
        p1_1.name 
    from
        utilisateur_permissions p1_0 
    join
        permission p1_1 
            on p1_1.id_permission=p1_0.permission_id 
    where
        p1_0.utilisateur_id=?
Hibernate: 
    select
        p1_0.utilisateur_id,
        p1_1.id_permission,
        p1_1.description,
        p1_1.name 
    from
        utilisateur_permissions p1_0 
    join
        permission p1_1 
            on p1_1.id_permission=p1_0.permission_id 
    where
        p1_0.utilisateur_id=?
2025-12-28T23:39:33.747+01:00 DEBUG 269839 --- [smboutique-backend] [nio-8085-exec-5] o.s.orm.jpa.JpaTransactionManager        : Found thread-bound EntityManager [SessionImpl(1474546296<open>)] for JPA transaction
2025-12-28T23:39:33.747+01:00 DEBUG 269839 --- [smboutique-backend] [nio-8085-exec-5] o.s.orm.jpa.JpaTransactionManager        : Creating new transaction with name [org.springframework.data.jpa.repository.support.SimpleJpaRepository.findById]: PROPAGATION_REQUIRED,ISOLATION_DEFAULT,readOnly
2025-12-28T23:39:33.748+01:00 DEBUG 269839 --- [smboutique-backend] [nio-8085-exec-5] o.s.orm.jpa.JpaTransactionManager        : Exposing JPA transaction as JDBC [org.springframework.orm.jpa.vendor.HibernateJpaDialect$HibernateConnectionHandle@2b32c495]
2025-12-28T23:39:33.751+01:00 DEBUG 269839 --- [smboutique-backend] [nio-8085-exec-5] o.s.orm.jpa.JpaTransactionManager        : Initiating transaction commit
2025-12-28T23:39:33.751+01:00 DEBUG 269839 --- [smboutique-backend] [nio-8085-exec-5] o.s.orm.jpa.JpaTransactionManager        : Committing JPA transaction on EntityManager [SessionImpl(1474546296<open>)]
2025-12-28T23:39:33.752+01:00 DEBUG 269839 --- [smboutique-backend] [nio-8085-exec-5] o.s.orm.jpa.JpaTransactionManager        : Not closing pre-bound JPA EntityManager after transaction
2025-12-28T23:39:33.762+01:00 DEBUG 269839 --- [smboutique-backend] [nio-8085-exec-5] o.j.s.OpenEntityManagerInViewInterceptor : Closing JPA EntityManager in OpenEntityManagerInViewInterceptor
