nohup: les entrées sont ignorées
  .   ____          _            __ _ _
 /\\ / ___'_ __ _ _(_)_ __  __ _ \ \ \ \
( ( )\___ | '_ | '_| | '_ \/ _` | \ \ \ \
 \\/  ___)| |_)| | | | | || (_| |  ) ) ) )
  '  |____| .__|_| |_|_| |_\__, | / / / /
 =========|_|==============|___/=/_/_/_/

 :: Spring Boot ::                (v3.3.0)

2025-12-03T17:26:07.963+01:00  INFO 33721 --- [smboutique-backend] [           main] com.smboutique.api.ApiApplication        : Starting ApiApplication v0.0.1-SNAPSHOT using Java 21.0.8 with PID 33721 (/home/maitre/SMBOUTIQUE_V2/backend/target/backend-0.0.1-SNAPSHOT.jar started by maitre in /home/maitre/SMBOUTIQUE_V2)
2025-12-03T17:26:07.967+01:00 DEBUG 33721 --- [smboutique-backend] [           main] com.smboutique.api.ApiApplication        : Running with Spring Boot v3.3.0, Spring v6.1.8
2025-12-03T17:26:07.971+01:00  INFO 33721 --- [smboutique-backend] [           main] com.smboutique.api.ApiApplication        : No active profile set, falling back to 1 default profile: "default"
2025-12-03T17:26:09.045+01:00  INFO 33721 --- [smboutique-backend] [           main] .s.d.r.c.RepositoryConfigurationDelegate : Bootstrapping Spring Data JPA repositories in DEFAULT mode.
2025-12-03T17:26:09.225+01:00  INFO 33721 --- [smboutique-backend] [           main] .s.d.r.c.RepositoryConfigurationDelegate : Finished Spring Data repository scanning in 170 ms. Found 26 JPA repository interfaces.
2025-12-03T17:26:10.120+01:00  INFO 33721 --- [smboutique-backend] [           main] o.s.b.w.embedded.tomcat.TomcatWebServer  : Tomcat initialized with port 8085 (http)
2025-12-03T17:26:10.138+01:00  INFO 33721 --- [smboutique-backend] [           main] o.apache.catalina.core.StandardService   : Starting service [Tomcat]
2025-12-03T17:26:10.138+01:00  INFO 33721 --- [smboutique-backend] [           main] o.apache.catalina.core.StandardEngine    : Starting Servlet engine: [Apache Tomcat/10.1.24]
2025-12-03T17:26:10.181+01:00  INFO 33721 --- [smboutique-backend] [           main] o.a.c.c.C.[Tomcat].[localhost].[/]       : Initializing Spring embedded WebApplicationContext
2025-12-03T17:26:10.181+01:00  INFO 33721 --- [smboutique-backend] [           main] w.s.c.ServletWebServerApplicationContext : Root WebApplicationContext: initialization completed in 2070 ms
2025-12-03T17:26:10.372+01:00 DEBUG 33721 --- [smboutique-backend] [           main] j.LocalContainerEntityManagerFactoryBean : Building JPA container EntityManagerFactory for persistence unit 'default'
2025-12-03T17:26:10.390+01:00  INFO 33721 --- [smboutique-backend] [           main] o.hibernate.jpa.internal.util.LogHelper  : HHH000204: Processing PersistenceUnitInfo [name: default]
2025-12-03T17:26:10.460+01:00  INFO 33721 --- [smboutique-backend] [           main] org.hibernate.Version                    : HHH000412: Hibernate ORM core version 6.5.2.Final
2025-12-03T17:26:10.507+01:00  INFO 33721 --- [smboutique-backend] [           main] o.h.c.internal.RegionFactoryInitiator    : HHH000026: Second-level cache disabled
2025-12-03T17:26:11.001+01:00  INFO 33721 --- [smboutique-backend] [           main] o.s.o.j.p.SpringPersistenceUnitInfo      : No LoadTimeWeaver setup: ignoring JPA class transformer
2025-12-03T17:26:11.028+01:00  INFO 33721 --- [smboutique-backend] [           main] com.zaxxer.hikari.HikariDataSource       : HikariPool-1 - Starting...
2025-12-03T17:26:11.198+01:00  INFO 33721 --- [smboutique-backend] [           main] com.zaxxer.hikari.pool.HikariPool        : HikariPool-1 - Added connection com.mysql.cj.jdbc.ConnectionImpl@2c08c787
2025-12-03T17:26:11.200+01:00  INFO 33721 --- [smboutique-backend] [           main] com.zaxxer.hikari.HikariDataSource       : HikariPool-1 - Start completed.
2025-12-03T17:26:11.223+01:00  WARN 33721 --- [smboutique-backend] [           main] org.hibernate.orm.deprecation            : HHH90000025: MySQL8Dialect does not need to be specified explicitly using 'hibernate.dialect' (remove the property setting and it will be selected by default)
2025-12-03T17:26:11.224+01:00  WARN 33721 --- [smboutique-backend] [           main] org.hibernate.orm.deprecation            : HHH90000026: MySQL8Dialect has been deprecated; use org.hibernate.dialect.MySQLDialect instead
2025-12-03T17:26:12.291+01:00  INFO 33721 --- [smboutique-backend] [           main] o.h.e.t.j.p.i.JtaPlatformInitiator       : HHH000489: No JTA platform available (set 'hibernate.transaction.jta.platform' to enable JTA platform integration)
2025-12-03T17:26:12.445+01:00  INFO 33721 --- [smboutique-backend] [           main] j.LocalContainerEntityManagerFactoryBean : Initialized JPA EntityManagerFactory for persistence unit 'default'
2025-12-03T17:26:12.504+01:00 DEBUG 33721 --- [smboutique-backend] [           main] tor$SharedEntityManagerInvocationHandler : Creating new EntityManager for shared EntityManager invocation
2025-12-03T17:26:12.528+01:00 DEBUG 33721 --- [smboutique-backend] [           main] tor$SharedEntityManagerInvocationHandler : Creating new EntityManager for shared EntityManager invocation
2025-12-03T17:26:12.588+01:00 DEBUG 33721 --- [smboutique-backend] [           main] tor$SharedEntityManagerInvocationHandler : Creating new EntityManager for shared EntityManager invocation
2025-12-03T17:26:12.652+01:00 DEBUG 33721 --- [smboutique-backend] [           main] tor$SharedEntityManagerInvocationHandler : Creating new EntityManager for shared EntityManager invocation
2025-12-03T17:26:12.713+01:00 DEBUG 33721 --- [smboutique-backend] [           main] tor$SharedEntityManagerInvocationHandler : Creating new EntityManager for shared EntityManager invocation
2025-12-03T17:26:12.776+01:00 DEBUG 33721 --- [smboutique-backend] [           main] c.s.api.security.AuthTokenFilter         : Filter 'authTokenFilter' configured for use
2025-12-03T17:26:12.777+01:00 DEBUG 33721 --- [smboutique-backend] [           main] c.s.api.security.AuthTokenFilter         : Filter 'authenticationJwtTokenFilter' configured for use
2025-12-03T17:26:12.800+01:00 DEBUG 33721 --- [smboutique-backend] [           main] tor$SharedEntityManagerInvocationHandler : Creating new EntityManager for shared EntityManager invocation
2025-12-03T17:26:12.803+01:00 DEBUG 33721 --- [smboutique-backend] [           main] tor$SharedEntityManagerInvocationHandler : Creating new EntityManager for shared EntityManager invocation
2025-12-03T17:26:12.805+01:00 DEBUG 33721 --- [smboutique-backend] [           main] tor$SharedEntityManagerInvocationHandler : Creating new EntityManager for shared EntityManager invocation
2025-12-03T17:26:12.817+01:00 DEBUG 33721 --- [smboutique-backend] [           main] tor$SharedEntityManagerInvocationHandler : Creating new EntityManager for shared EntityManager invocation
2025-12-03T17:26:12.818+01:00 DEBUG 33721 --- [smboutique-backend] [           main] tor$SharedEntityManagerInvocationHandler : Creating new EntityManager for shared EntityManager invocation
2025-12-03T17:26:12.829+01:00 DEBUG 33721 --- [smboutique-backend] [           main] tor$SharedEntityManagerInvocationHandler : Creating new EntityManager for shared EntityManager invocation
2025-12-03T17:26:12.839+01:00 DEBUG 33721 --- [smboutique-backend] [           main] tor$SharedEntityManagerInvocationHandler : Creating new EntityManager for shared EntityManager invocation
2025-12-03T17:26:12.852+01:00 DEBUG 33721 --- [smboutique-backend] [           main] tor$SharedEntityManagerInvocationHandler : Creating new EntityManager for shared EntityManager invocation
2025-12-03T17:26:12.868+01:00 DEBUG 33721 --- [smboutique-backend] [           main] tor$SharedEntityManagerInvocationHandler : Creating new EntityManager for shared EntityManager invocation
2025-12-03T17:26:12.880+01:00 DEBUG 33721 --- [smboutique-backend] [           main] tor$SharedEntityManagerInvocationHandler : Creating new EntityManager for shared EntityManager invocation
2025-12-03T17:26:12.883+01:00 DEBUG 33721 --- [smboutique-backend] [           main] tor$SharedEntityManagerInvocationHandler : Creating new EntityManager for shared EntityManager invocation
2025-12-03T17:26:12.895+01:00 DEBUG 33721 --- [smboutique-backend] [           main] tor$SharedEntityManagerInvocationHandler : Creating new EntityManager for shared EntityManager invocation
2025-12-03T17:26:12.910+01:00 DEBUG 33721 --- [smboutique-backend] [           main] tor$SharedEntityManagerInvocationHandler : Creating new EntityManager for shared EntityManager invocation
2025-12-03T17:26:12.924+01:00 DEBUG 33721 --- [smboutique-backend] [           main] tor$SharedEntityManagerInvocationHandler : Creating new EntityManager for shared EntityManager invocation
2025-12-03T17:26:12.930+01:00 DEBUG 33721 --- [smboutique-backend] [           main] tor$SharedEntityManagerInvocationHandler : Creating new EntityManager for shared EntityManager invocation
2025-12-03T17:26:13.004+01:00  INFO 33721 --- [smboutique-backend] [           main] eAuthenticationProviderManagerConfigurer : Global AuthenticationManager configured with AuthenticationProvider bean with name authenticationProvider
2025-12-03T17:26:13.005+01:00  WARN 33721 --- [smboutique-backend] [           main] r$InitializeUserDetailsManagerConfigurer : Global AuthenticationManager configured with an AuthenticationProvider bean. UserDetailsService beans will not be used for username/password login. Consider removing the AuthenticationProvider bean. Alternatively, consider using the UserDetailsService in a manually instantiated DaoAuthenticationProvider.
2025-12-03T17:26:13.016+01:00 DEBUG 33721 --- [smboutique-backend] [           main] tor$SharedEntityManagerInvocationHandler : Creating new EntityManager for shared EntityManager invocation
2025-12-03T17:26:13.017+01:00 DEBUG 33721 --- [smboutique-backend] [           main] tor$SharedEntityManagerInvocationHandler : Creating new EntityManager for shared EntityManager invocation
2025-12-03T17:26:13.031+01:00 DEBUG 33721 --- [smboutique-backend] [           main] tor$SharedEntityManagerInvocationHandler : Creating new EntityManager for shared EntityManager invocation
2025-12-03T17:26:13.032+01:00 DEBUG 33721 --- [smboutique-backend] [           main] tor$SharedEntityManagerInvocationHandler : Creating new EntityManager for shared EntityManager invocation
2025-12-03T17:26:13.035+01:00 DEBUG 33721 --- [smboutique-backend] [           main] tor$SharedEntityManagerInvocationHandler : Creating new EntityManager for shared EntityManager invocation
2025-12-03T17:26:13.051+01:00 DEBUG 33721 --- [smboutique-backend] [           main] tor$SharedEntityManagerInvocationHandler : Creating new EntityManager for shared EntityManager invocation
2025-12-03T17:26:13.067+01:00 DEBUG 33721 --- [smboutique-backend] [           main] tor$SharedEntityManagerInvocationHandler : Creating new EntityManager for shared EntityManager invocation
2025-12-03T17:26:13.079+01:00 DEBUG 33721 --- [smboutique-backend] [           main] tor$SharedEntityManagerInvocationHandler : Creating new EntityManager for shared EntityManager invocation
2025-12-03T17:26:13.081+01:00 DEBUG 33721 --- [smboutique-backend] [           main] tor$SharedEntityManagerInvocationHandler : Creating new EntityManager for shared EntityManager invocation
2025-12-03T17:26:13.094+01:00 DEBUG 33721 --- [smboutique-backend] [           main] tor$SharedEntityManagerInvocationHandler : Creating new EntityManager for shared EntityManager invocation
2025-12-03T17:26:13.095+01:00 DEBUG 33721 --- [smboutique-backend] [           main] tor$SharedEntityManagerInvocationHandler : Creating new EntityManager for shared EntityManager invocation
2025-12-03T17:26:13.106+01:00 DEBUG 33721 --- [smboutique-backend] [           main] tor$SharedEntityManagerInvocationHandler : Creating new EntityManager for shared EntityManager invocation
2025-12-03T17:26:13.107+01:00 DEBUG 33721 --- [smboutique-backend] [           main] tor$SharedEntityManagerInvocationHandler : Creating new EntityManager for shared EntityManager invocation
2025-12-03T17:26:13.116+01:00 DEBUG 33721 --- [smboutique-backend] [           main] tor$SharedEntityManagerInvocationHandler : Creating new EntityManager for shared EntityManager invocation
2025-12-03T17:26:13.117+01:00 DEBUG 33721 --- [smboutique-backend] [           main] tor$SharedEntityManagerInvocationHandler : Creating new EntityManager for shared EntityManager invocation
2025-12-03T17:26:13.132+01:00 DEBUG 33721 --- [smboutique-backend] [           main] tor$SharedEntityManagerInvocationHandler : Creating new EntityManager for shared EntityManager invocation
2025-12-03T17:26:13.134+01:00 DEBUG 33721 --- [smboutique-backend] [           main] tor$SharedEntityManagerInvocationHandler : Creating new EntityManager for shared EntityManager invocation
2025-12-03T17:26:13.143+01:00 DEBUG 33721 --- [smboutique-backend] [           main] tor$SharedEntityManagerInvocationHandler : Creating new EntityManager for shared EntityManager invocation
2025-12-03T17:26:13.144+01:00 DEBUG 33721 --- [smboutique-backend] [           main] tor$SharedEntityManagerInvocationHandler : Creating new EntityManager for shared EntityManager invocation
2025-12-03T17:26:13.153+01:00 DEBUG 33721 --- [smboutique-backend] [           main] tor$SharedEntityManagerInvocationHandler : Creating new EntityManager for shared EntityManager invocation
2025-12-03T17:26:13.154+01:00 DEBUG 33721 --- [smboutique-backend] [           main] tor$SharedEntityManagerInvocationHandler : Creating new EntityManager for shared EntityManager invocation
2025-12-03T17:26:13.155+01:00 DEBUG 33721 --- [smboutique-backend] [           main] tor$SharedEntityManagerInvocationHandler : Creating new EntityManager for shared EntityManager invocation
2025-12-03T17:26:13.164+01:00 DEBUG 33721 --- [smboutique-backend] [           main] tor$SharedEntityManagerInvocationHandler : Creating new EntityManager for shared EntityManager invocation
2025-12-03T17:26:13.178+01:00 DEBUG 33721 --- [smboutique-backend] [           main] tor$SharedEntityManagerInvocationHandler : Creating new EntityManager for shared EntityManager invocation
2025-12-03T17:26:13.179+01:00 DEBUG 33721 --- [smboutique-backend] [           main] tor$SharedEntityManagerInvocationHandler : Creating new EntityManager for shared EntityManager invocation
2025-12-03T17:26:13.192+01:00 DEBUG 33721 --- [smboutique-backend] [           main] tor$SharedEntityManagerInvocationHandler : Creating new EntityManager for shared EntityManager invocation
2025-12-03T17:26:13.196+01:00 DEBUG 33721 --- [smboutique-backend] [           main] tor$SharedEntityManagerInvocationHandler : Creating new EntityManager for shared EntityManager invocation
2025-12-03T17:26:13.210+01:00 DEBUG 33721 --- [smboutique-backend] [           main] tor$SharedEntityManagerInvocationHandler : Creating new EntityManager for shared EntityManager invocation
2025-12-03T17:26:13.266+01:00 DEBUG 33721 --- [smboutique-backend] [           main] tor$SharedEntityManagerInvocationHandler : Creating new EntityManager for shared EntityManager invocation
2025-12-03T17:26:13.278+01:00 DEBUG 33721 --- [smboutique-backend] [           main] tor$SharedEntityManagerInvocationHandler : Creating new EntityManager for shared EntityManager invocation
2025-12-03T17:26:13.282+01:00 DEBUG 33721 --- [smboutique-backend] [           main] tor$SharedEntityManagerInvocationHandler : Creating new EntityManager for shared EntityManager invocation
2025-12-03T17:26:13.294+01:00 DEBUG 33721 --- [smboutique-backend] [           main] tor$SharedEntityManagerInvocationHandler : Creating new EntityManager for shared EntityManager invocation
2025-12-03T17:26:13.295+01:00 DEBUG 33721 --- [smboutique-backend] [           main] tor$SharedEntityManagerInvocationHandler : Creating new EntityManager for shared EntityManager invocation
2025-12-03T17:26:13.305+01:00 DEBUG 33721 --- [smboutique-backend] [           main] tor$SharedEntityManagerInvocationHandler : Creating new EntityManager for shared EntityManager invocation
2025-12-03T17:26:13.307+01:00 DEBUG 33721 --- [smboutique-backend] [           main] tor$SharedEntityManagerInvocationHandler : Creating new EntityManager for shared EntityManager invocation
2025-12-03T17:26:13.321+01:00 DEBUG 33721 --- [smboutique-backend] [           main] tor$SharedEntityManagerInvocationHandler : Creating new EntityManager for shared EntityManager invocation
2025-12-03T17:26:13.322+01:00 DEBUG 33721 --- [smboutique-backend] [           main] tor$SharedEntityManagerInvocationHandler : Creating new EntityManager for shared EntityManager invocation
2025-12-03T17:26:13.331+01:00 DEBUG 33721 --- [smboutique-backend] [           main] tor$SharedEntityManagerInvocationHandler : Creating new EntityManager for shared EntityManager invocation
2025-12-03T17:26:13.332+01:00 DEBUG 33721 --- [smboutique-backend] [           main] tor$SharedEntityManagerInvocationHandler : Creating new EntityManager for shared EntityManager invocation
2025-12-03T17:26:13.371+01:00  WARN 33721 --- [smboutique-backend] [           main] JpaBaseConfiguration$JpaWebConfiguration : spring.jpa.open-in-view is enabled by default. Therefore, database queries may be performed during view rendering. Explicitly configure spring.jpa.open-in-view to disable this warning
2025-12-03T17:26:13.776+01:00  INFO 33721 --- [smboutique-backend] [           main] o.s.s.web.DefaultSecurityFilterChain     : Will secure any request with [org.springframework.security.web.session.DisableEncodeUrlFilter@4b38d912, org.springframework.security.web.context.request.async.WebAsyncManagerIntegrationFilter@626e5554, org.springframework.security.web.context.SecurityContextHolderFilter@5d18a787, org.springframework.security.web.header.HeaderWriterFilter@6ea4b4b2, org.springframework.web.filter.CorsFilter@6ee34fe4, org.springframework.security.web.authentication.logout.LogoutFilter@4fc9e73d, com.smboutique.api.security.AuthTokenFilter@7927209f, org.springframework.security.web.savedrequest.RequestCacheAwareFilter@4ac7927a, org.springframework.security.web.servletapi.SecurityContextHolderAwareRequestFilter@29422e61, org.springframework.security.web.authentication.AnonymousAuthenticationFilter@5aa0e9c6, org.springframework.security.web.session.SessionManagementFilter@7442be61, org.springframework.security.web.access.ExceptionTranslationFilter@3c5797c6, org.springframework.security.web.access.intercept.AuthorizationFilter@44eda25b]
2025-12-03T17:26:13.991+01:00  INFO 33721 --- [smboutique-backend] [           main] o.s.b.w.embedded.tomcat.TomcatWebServer  : Tomcat started on port 8085 (http) with context path '/'
2025-12-03T17:26:14.005+01:00  INFO 33721 --- [smboutique-backend] [           main] com.smboutique.api.ApiApplication        : Started ApiApplication in 6.624 seconds (process running for 7.038)
2025-12-03T17:26:14.007+01:00  INFO 33721 --- [smboutique-backend] [           main] c.smboutique.api.config.DataInitializer  : Starting data initialization...
2025-12-03T17:26:14.008+01:00  WARN 33721 --- [smboutique-backend] [           main] c.smboutique.api.config.DataInitializer  : app.reset-db=true -> Resetting database content (deleting all rows)...
2025-12-03T17:26:14.014+01:00 DEBUG 33721 --- [smboutique-backend] [           main] o.s.orm.jpa.JpaTransactionManager        : Creating new transaction with name [org.springframework.data.jpa.repository.support.SimpleJpaRepository.deleteAll]: PROPAGATION_REQUIRED,ISOLATION_DEFAULT
2025-12-03T17:26:14.015+01:00 DEBUG 33721 --- [smboutique-backend] [           main] o.s.orm.jpa.JpaTransactionManager        : Opened new EntityManager [SessionImpl(2005222156<open>)] for JPA transaction
2025-12-03T17:26:14.018+01:00 DEBUG 33721 --- [smboutique-backend] [           main] o.s.orm.jpa.JpaTransactionManager        : Exposing JPA transaction as JDBC [org.springframework.orm.jpa.vendor.HibernateJpaDialect$HibernateConnectionHandle@621c7b91]
2025-12-03T17:26:14.049+01:00  WARN 33721 --- [smboutique-backend] [           main] org.hibernate.orm.deprecation            : HHH90000021: Encountered deprecated setting [javax.persistence.query.timeout], use [jakarta.persistence.query.timeout] instead
2025-12-03T17:26:14.098+01:00 DEBUG 33721 --- [smboutique-backend] [           main] org.hibernate.SQL                        : 
    select
        u1_0.id_utilisateur,
        u1_0.adresse,
        u1_0.avatar,
        u1_0.boutique_id,
        u1_0.contact_utilisateur,
        u1_0.email,
        u1_0.mot_de_passe_utilisateur,
        u1_0.nom_utilisateur,
        u1_0.prenom_utilisateur,
        u1_0.psedeau_utilisateur,
        u1_0.reset_token,
        u1_0.reset_token_expire,
        u1_0.statut,
        u1_0.type_utilisateur 
    from
        utilisateur u1_0
Hibernate: 
    select
        u1_0.id_utilisateur,
        u1_0.adresse,
        u1_0.avatar,
        u1_0.boutique_id,
        u1_0.contact_utilisateur,
        u1_0.email,
        u1_0.mot_de_passe_utilisateur,
        u1_0.nom_utilisateur,
        u1_0.prenom_utilisateur,
        u1_0.psedeau_utilisateur,
        u1_0.reset_token,
        u1_0.reset_token_expire,
        u1_0.statut,
        u1_0.type_utilisateur 
    from
        utilisateur u1_0
2025-12-03T17:26:14.118+01:00 DEBUG 33721 --- [smboutique-backend] [           main] org.hibernate.SQL                        : 
    select
        r1_0.utilisateur_id,
        r1_1.id_role,
        r1_1.description,
        r1_1.name,
        p1_0.role_id,
        p1_1.id_permission,
        p1_1.description,
        p1_1.name 
    from
        utilisateur_roles r1_0 
    join
        role r1_1 
            on r1_1.id_role=r1_0.role_id 
    left join
        role_permissions p1_0 
            on r1_1.id_role=p1_0.role_id 
    left join
        permission p1_1 
            on p1_1.id_permission=p1_0.permission_id 
    where
        r1_0.utilisateur_id=?
Hibernate: 
    select
        r1_0.utilisateur_id,
        r1_1.id_role,
        r1_1.description,
        r1_1.name,
        p1_0.role_id,
        p1_1.id_permission,
        p1_1.description,
        p1_1.name 
    from
        utilisateur_roles r1_0 
    join
        role r1_1 
            on r1_1.id_role=r1_0.role_id 
    left join
        role_permissions p1_0 
            on r1_1.id_role=p1_0.role_id 
    left join
        permission p1_1 
            on p1_1.id_permission=p1_0.permission_id 
    where
        r1_0.utilisateur_id=?
2025-12-03T17:26:14.128+01:00 DEBUG 33721 --- [smboutique-backend] [           main] org.hibernate.SQL                        : 
    select
        p1_0.utilisateur_id,
        p1_1.id_permission,
        p1_1.description,
        p1_1.name 
    from
        utilisateur_permissions p1_0 
    join
        permission p1_1 
            on p1_1.id_permission=p1_0.permission_id 
    where
        p1_0.utilisateur_id=?
Hibernate: 
    select
        p1_0.utilisateur_id,
        p1_1.id_permission,
        p1_1.description,
        p1_1.name 
    from
        utilisateur_permissions p1_0 
    join
        permission p1_1 
            on p1_1.id_permission=p1_0.permission_id 
    where
        p1_0.utilisateur_id=?
2025-12-03T17:26:14.140+01:00 DEBUG 33721 --- [smboutique-backend] [           main] o.s.orm.jpa.JpaTransactionManager        : Initiating transaction commit
2025-12-03T17:26:14.141+01:00 DEBUG 33721 --- [smboutique-backend] [           main] o.s.orm.jpa.JpaTransactionManager        : Committing JPA transaction on EntityManager [SessionImpl(2005222156<open>)]
2025-12-03T17:26:14.156+01:00 DEBUG 33721 --- [smboutique-backend] [           main] org.hibernate.SQL                        : 
    delete 
    from
        utilisateur_roles 
    where
        utilisateur_id=?
Hibernate: 
    delete 
    from
        utilisateur_roles 
    where
        utilisateur_id=?
2025-12-03T17:26:14.161+01:00 DEBUG 33721 --- [smboutique-backend] [           main] org.hibernate.SQL                        : 
    delete 
    from
        utilisateur 
    where
        id_utilisateur=?
Hibernate: 
    delete 
    from
        utilisateur 
    where
        id_utilisateur=?
2025-12-03T17:26:14.221+01:00 DEBUG 33721 --- [smboutique-backend] [           main] o.s.orm.jpa.JpaTransactionManager        : Closing JPA EntityManager [SessionImpl(2005222156<open>)] after transaction
2025-12-03T17:26:14.224+01:00 DEBUG 33721 --- [smboutique-backend] [           main] o.s.orm.jpa.JpaTransactionManager        : Creating new transaction with name [org.springframework.data.jpa.repository.support.SimpleJpaRepository.deleteAll]: PROPAGATION_REQUIRED,ISOLATION_DEFAULT
2025-12-03T17:26:14.224+01:00 DEBUG 33721 --- [smboutique-backend] [           main] o.s.orm.jpa.JpaTransactionManager        : Opened new EntityManager [SessionImpl(617194794<open>)] for JPA transaction
2025-12-03T17:26:14.225+01:00 DEBUG 33721 --- [smboutique-backend] [           main] o.s.orm.jpa.JpaTransactionManager        : Exposing JPA transaction as JDBC [org.springframework.orm.jpa.vendor.HibernateJpaDialect$HibernateConnectionHandle@55105271]
2025-12-03T17:26:14.226+01:00  WARN 33721 --- [smboutique-backend] [           main] org.hibernate.orm.deprecation            : HHH90000021: Encountered deprecated setting [javax.persistence.query.timeout], use [jakarta.persistence.query.timeout] instead
2025-12-03T17:26:14.228+01:00 DEBUG 33721 --- [smboutique-backend] [           main] org.hibernate.SQL                        : 
    select
        r1_0.id_role,
        r1_0.description,
        r1_0.name 
    from
        role r1_0
Hibernate: 
    select
        r1_0.id_role,
        r1_0.description,
        r1_0.name 
    from
        role r1_0
2025-12-03T17:26:14.233+01:00 DEBUG 33721 --- [smboutique-backend] [           main] org.hibernate.SQL                        : 
    select
        p1_0.role_id,
        p1_1.id_permission,
        p1_1.description,
        p1_1.name 
    from
        role_permissions p1_0 
    join
        permission p1_1 
            on p1_1.id_permission=p1_0.permission_id 
    where
        p1_0.role_id=?
Hibernate: 
    select
        p1_0.role_id,
        p1_1.id_permission,
        p1_1.description,
        p1_1.name 
    from
        role_permissions p1_0 
    join
        permission p1_1 
            on p1_1.id_permission=p1_0.permission_id 
    where
        p1_0.role_id=?
2025-12-03T17:26:14.238+01:00 DEBUG 33721 --- [smboutique-backend] [           main] org.hibernate.SQL                        : 
    select
        p1_0.role_id,
        p1_1.id_permission,
        p1_1.description,
        p1_1.name 
    from
        role_permissions p1_0 
    join
        permission p1_1 
            on p1_1.id_permission=p1_0.permission_id 
    where
        p1_0.role_id=?
Hibernate: 
    select
        p1_0.role_id,
        p1_1.id_permission,
        p1_1.description,
        p1_1.name 
    from
        role_permissions p1_0 
    join
        permission p1_1 
            on p1_1.id_permission=p1_0.permission_id 
    where
        p1_0.role_id=?
2025-12-03T17:26:14.243+01:00 DEBUG 33721 --- [smboutique-backend] [           main] org.hibernate.SQL                        : 
    select
        p1_0.role_id,
        p1_1.id_permission,
        p1_1.description,
        p1_1.name 
    from
        role_permissions p1_0 
    join
        permission p1_1 
            on p1_1.id_permission=p1_0.permission_id 
    where
        p1_0.role_id=?
Hibernate: 
    select
        p1_0.role_id,
        p1_1.id_permission,
        p1_1.description,
        p1_1.name 
    from
        role_permissions p1_0 
    join
        permission p1_1 
            on p1_1.id_permission=p1_0.permission_id 
    where
        p1_0.role_id=?
2025-12-03T17:26:14.248+01:00 DEBUG 33721 --- [smboutique-backend] [           main] org.hibernate.SQL                        : 
    select
        p1_0.role_id,
        p1_1.id_permission,
        p1_1.description,
        p1_1.name 
    from
        role_permissions p1_0 
    join
        permission p1_1 
            on p1_1.id_permission=p1_0.permission_id 
    where
        p1_0.role_id=?
Hibernate: 
    select
        p1_0.role_id,
        p1_1.id_permission,
        p1_1.description,
        p1_1.name 
    from
        role_permissions p1_0 
    join
        permission p1_1 
            on p1_1.id_permission=p1_0.permission_id 
    where
        p1_0.role_id=?
2025-12-03T17:26:14.255+01:00 DEBUG 33721 --- [smboutique-backend] [           main] org.hibernate.SQL                        : 
    select
        p1_0.role_id,
        p1_1.id_permission,
        p1_1.description,
        p1_1.name 
    from
        role_permissions p1_0 
    join
        permission p1_1 
            on p1_1.id_permission=p1_0.permission_id 
    where
        p1_0.role_id=?
Hibernate: 
    select
        p1_0.role_id,
        p1_1.id_permission,
        p1_1.description,
        p1_1.name 
    from
        role_permissions p1_0 
    join
        permission p1_1 
            on p1_1.id_permission=p1_0.permission_id 
    where
        p1_0.role_id=?
2025-12-03T17:26:14.264+01:00 DEBUG 33721 --- [smboutique-backend] [           main] o.s.orm.jpa.JpaTransactionManager        : Initiating transaction commit
2025-12-03T17:26:14.265+01:00 DEBUG 33721 --- [smboutique-backend] [           main] o.s.orm.jpa.JpaTransactionManager        : Committing JPA transaction on EntityManager [SessionImpl(617194794<open>)]
2025-12-03T17:26:14.272+01:00 DEBUG 33721 --- [smboutique-backend] [           main] org.hibernate.SQL                        : 
    delete 
    from
        role_permissions 
    where
        role_id=?
Hibernate: 
    delete 
    from
        role_permissions 
    where
        role_id=?
2025-12-03T17:26:14.273+01:00 DEBUG 33721 --- [smboutique-backend] [           main] org.hibernate.SQL                        : 
    delete 
    from
        role_permissions 
    where
        role_id=?
Hibernate: 
    delete 
    from
        role_permissions 
    where
        role_id=?
2025-12-03T17:26:14.274+01:00 DEBUG 33721 --- [smboutique-backend] [           main] org.hibernate.SQL                        : 
    delete 
    from
        role_permissions 
    where
        role_id=?
Hibernate: 
    delete 
    from
        role_permissions 
    where
        role_id=?
2025-12-03T17:26:14.274+01:00 DEBUG 33721 --- [smboutique-backend] [           main] org.hibernate.SQL                        : 
    delete 
    from
        role_permissions 
    where
        role_id=?
Hibernate: 
    delete 
    from
        role_permissions 
    where
        role_id=?
2025-12-03T17:26:14.275+01:00 DEBUG 33721 --- [smboutique-backend] [           main] org.hibernate.SQL                        : 
    delete 
    from
        role_permissions 
    where
        role_id=?
Hibernate: 
    delete 
    from
        role_permissions 
    where
        role_id=?
2025-12-03T17:26:14.280+01:00 DEBUG 33721 --- [smboutique-backend] [           main] org.hibernate.SQL                        : 
    delete 
    from
        role 
    where
        id_role=?
Hibernate: 
    delete 
    from
        role 
    where
        id_role=?
2025-12-03T17:26:14.281+01:00 DEBUG 33721 --- [smboutique-backend] [           main] org.hibernate.SQL                        : 
    delete 
    from
        role 
    where
        id_role=?
Hibernate: 
    delete 
    from
        role 
    where
        id_role=?
2025-12-03T17:26:14.282+01:00 DEBUG 33721 --- [smboutique-backend] [           main] org.hibernate.SQL                        : 
    delete 
    from
        role 
    where
        id_role=?
Hibernate: 
    delete 
    from
        role 
    where
        id_role=?
2025-12-03T17:26:14.282+01:00 DEBUG 33721 --- [smboutique-backend] [           main] org.hibernate.SQL                        : 
    delete 
    from
        role 
    where
        id_role=?
Hibernate: 
    delete 
    from
        role 
    where
        id_role=?
2025-12-03T17:26:14.283+01:00 DEBUG 33721 --- [smboutique-backend] [           main] org.hibernate.SQL                        : 
    delete 
    from
        role 
    where
        id_role=?
Hibernate: 
    delete 
    from
        role 
    where
        id_role=?
2025-12-03T17:26:14.292+01:00 DEBUG 33721 --- [smboutique-backend] [           main] o.s.orm.jpa.JpaTransactionManager        : Closing JPA EntityManager [SessionImpl(617194794<open>)] after transaction
2025-12-03T17:26:14.294+01:00 DEBUG 33721 --- [smboutique-backend] [           main] o.s.orm.jpa.JpaTransactionManager        : Creating new transaction with name [org.springframework.data.jpa.repository.support.SimpleJpaRepository.deleteAll]: PROPAGATION_REQUIRED,ISOLATION_DEFAULT
2025-12-03T17:26:14.294+01:00 DEBUG 33721 --- [smboutique-backend] [           main] o.s.orm.jpa.JpaTransactionManager        : Opened new EntityManager [SessionImpl(2033547232<open>)] for JPA transaction
2025-12-03T17:26:14.295+01:00 DEBUG 33721 --- [smboutique-backend] [           main] o.s.orm.jpa.JpaTransactionManager        : Exposing JPA transaction as JDBC [org.springframework.orm.jpa.vendor.HibernateJpaDialect$HibernateConnectionHandle@39e75e88]
2025-12-03T17:26:14.296+01:00  WARN 33721 --- [smboutique-backend] [           main] org.hibernate.orm.deprecation            : HHH90000021: Encountered deprecated setting [javax.persistence.query.timeout], use [jakarta.persistence.query.timeout] instead
2025-12-03T17:26:14.297+01:00 DEBUG 33721 --- [smboutique-backend] [           main] org.hibernate.SQL                        : 
    select
        p1_0.id_permission,
        p1_0.description,
        p1_0.name 
    from
        permission p1_0
Hibernate: 
    select
        p1_0.id_permission,
        p1_0.description,
        p1_0.name 
    from
        permission p1_0
2025-12-03T17:26:14.318+01:00 DEBUG 33721 --- [smboutique-backend] [           main] o.s.orm.jpa.JpaTransactionManager        : Initiating transaction commit
2025-12-03T17:26:14.318+01:00 DEBUG 33721 --- [smboutique-backend] [           main] o.s.orm.jpa.JpaTransactionManager        : Committing JPA transaction on EntityManager [SessionImpl(2033547232<open>)]
2025-12-03T17:26:14.323+01:00 DEBUG 33721 --- [smboutique-backend] [           main] org.hibernate.SQL                        : 
    delete 
    from
        permission 
    where
        id_permission=?
Hibernate: 
    delete 
    from
        permission 
    where
        id_permission=?
2025-12-03T17:26:14.324+01:00 DEBUG 33721 --- [smboutique-backend] [           main] org.hibernate.SQL                        : 
    delete 
    from
        permission 
    where
        id_permission=?
Hibernate: 
    delete 
    from
        permission 
    where
        id_permission=?
2025-12-03T17:26:14.324+01:00 DEBUG 33721 --- [smboutique-backend] [           main] org.hibernate.SQL                        : 
    delete 
    from
        permission 
    where
        id_permission=?
Hibernate: 
    delete 
    from
        permission 
    where
        id_permission=?
2025-12-03T17:26:14.325+01:00 DEBUG 33721 --- [smboutique-backend] [           main] org.hibernate.SQL                        : 
    delete 
    from
        permission 
    where
        id_permission=?
Hibernate: 
    delete 
    from
        permission 
    where
        id_permission=?
2025-12-03T17:26:14.326+01:00 DEBUG 33721 --- [smboutique-backend] [           main] org.hibernate.SQL                        : 
    delete 
    from
        permission 
    where
        id_permission=?
Hibernate: 
    delete 
    from
        permission 
    where
        id_permission=?
2025-12-03T17:26:14.327+01:00 DEBUG 33721 --- [smboutique-backend] [           main] org.hibernate.SQL                        : 
    delete 
    from
        permission 
    where
        id_permission=?
Hibernate: 
    delete 
    from
        permission 
    where
        id_permission=?
2025-12-03T17:26:14.327+01:00 DEBUG 33721 --- [smboutique-backend] [           main] org.hibernate.SQL                        : 
    delete 
    from
        permission 
    where
        id_permission=?
Hibernate: 
    delete 
    from
        permission 
    where
        id_permission=?
2025-12-03T17:26:14.328+01:00 DEBUG 33721 --- [smboutique-backend] [           main] org.hibernate.SQL                        : 
    delete 
    from
        permission 
    where
        id_permission=?
Hibernate: 
    delete 
    from
        permission 
    where
        id_permission=?
2025-12-03T17:26:14.329+01:00 DEBUG 33721 --- [smboutique-backend] [           main] org.hibernate.SQL                        : 
    delete 
    from
        permission 
    where
        id_permission=?
Hibernate: 
    delete 
    from
        permission 
    where
        id_permission=?
2025-12-03T17:26:14.329+01:00 DEBUG 33721 --- [smboutique-backend] [           main] org.hibernate.SQL                        : 
    delete 
    from
        permission 
    where
        id_permission=?
Hibernate: 
    delete 
    from
        permission 
    where
        id_permission=?
2025-12-03T17:26:14.330+01:00 DEBUG 33721 --- [smboutique-backend] [           main] org.hibernate.SQL                        : 
    delete 
    from
        permission 
    where
        id_permission=?
Hibernate: 
    delete 
    from
        permission 
    where
        id_permission=?
2025-12-03T17:26:14.331+01:00 DEBUG 33721 --- [smboutique-backend] [           main] org.hibernate.SQL                        : 
    delete 
    from
        permission 
    where
        id_permission=?
Hibernate: 
    delete 
    from
        permission 
    where
        id_permission=?
2025-12-03T17:26:14.331+01:00 DEBUG 33721 --- [smboutique-backend] [           main] org.hibernate.SQL                        : 
    delete 
    from
        permission 
    where
        id_permission=?
Hibernate: 
    delete 
    from
        permission 
    where
        id_permission=?
2025-12-03T17:26:14.332+01:00 DEBUG 33721 --- [smboutique-backend] [           main] org.hibernate.SQL                        : 
    delete 
    from
        permission 
    where
        id_permission=?
Hibernate: 
    delete 
    from
        permission 
    where
        id_permission=?
2025-12-03T17:26:14.333+01:00 DEBUG 33721 --- [smboutique-backend] [           main] org.hibernate.SQL                        : 
    delete 
    from
        permission 
    where
        id_permission=?
Hibernate: 
    delete 
    from
        permission 
    where
        id_permission=?
2025-12-03T17:26:14.333+01:00 DEBUG 33721 --- [smboutique-backend] [           main] org.hibernate.SQL                        : 
    delete 
    from
        permission 
    where
        id_permission=?
Hibernate: 
    delete 
    from
        permission 
    where
        id_permission=?
2025-12-03T17:26:14.334+01:00 DEBUG 33721 --- [smboutique-backend] [           main] org.hibernate.SQL                        : 
    delete 
    from
        permission 
    where
        id_permission=?
Hibernate: 
    delete 
    from
        permission 
    where
        id_permission=?
2025-12-03T17:26:14.335+01:00 DEBUG 33721 --- [smboutique-backend] [           main] org.hibernate.SQL                        : 
    delete 
    from
        permission 
    where
        id_permission=?
Hibernate: 
    delete 
    from
        permission 
    where
        id_permission=?
2025-12-03T17:26:14.335+01:00 DEBUG 33721 --- [smboutique-backend] [           main] org.hibernate.SQL                        : 
    delete 
    from
        permission 
    where
        id_permission=?
Hibernate: 
    delete 
    from
        permission 
    where
        id_permission=?
2025-12-03T17:26:14.336+01:00 DEBUG 33721 --- [smboutique-backend] [           main] org.hibernate.SQL                        : 
    delete 
    from
        permission 
    where
        id_permission=?
Hibernate: 
    delete 
    from
        permission 
    where
        id_permission=?
2025-12-03T17:26:14.350+01:00 DEBUG 33721 --- [smboutique-backend] [           main] org.hibernate.SQL                        : 
    delete 
    from
        permission 
    where
        id_permission=?
Hibernate: 
    delete 
    from
        permission 
    where
        id_permission=?
2025-12-03T17:26:14.351+01:00 DEBUG 33721 --- [smboutique-backend] [           main] org.hibernate.SQL                        : 
    delete 
    from
        permission 
    where
        id_permission=?
Hibernate: 
    delete 
    from
        permission 
    where
        id_permission=?
2025-12-03T17:26:14.352+01:00 DEBUG 33721 --- [smboutique-backend] [           main] org.hibernate.SQL                        : 
    delete 
    from
        permission 
    where
        id_permission=?
Hibernate: 
    delete 
    from
        permission 
    where
        id_permission=?
2025-12-03T17:26:14.353+01:00 DEBUG 33721 --- [smboutique-backend] [           main] org.hibernate.SQL                        : 
    delete 
    from
        permission 
    where
        id_permission=?
Hibernate: 
    delete 
    from
        permission 
    where
        id_permission=?
2025-12-03T17:26:14.353+01:00 DEBUG 33721 --- [smboutique-backend] [           main] org.hibernate.SQL                        : 
    delete 
    from
        permission 
    where
        id_permission=?
Hibernate: 
    delete 
    from
        permission 
    where
        id_permission=?
2025-12-03T17:26:14.354+01:00 DEBUG 33721 --- [smboutique-backend] [           main] org.hibernate.SQL                        : 
    delete 
    from
        permission 
    where
        id_permission=?
Hibernate: 
    delete 
    from
        permission 
    where
        id_permission=?
2025-12-03T17:26:14.355+01:00 DEBUG 33721 --- [smboutique-backend] [           main] org.hibernate.SQL                        : 
    delete 
    from
        permission 
    where
        id_permission=?
Hibernate: 
    delete 
    from
        permission 
    where
        id_permission=?
2025-12-03T17:26:14.355+01:00 DEBUG 33721 --- [smboutique-backend] [           main] org.hibernate.SQL                        : 
    delete 
    from
        permission 
    where
        id_permission=?
Hibernate: 
    delete 
    from
        permission 
    where
        id_permission=?
2025-12-03T17:26:14.356+01:00 DEBUG 33721 --- [smboutique-backend] [           main] org.hibernate.SQL                        : 
    delete 
    from
        permission 
    where
        id_permission=?
Hibernate: 
    delete 
    from
        permission 
    where
        id_permission=?
2025-12-03T17:26:14.357+01:00 DEBUG 33721 --- [smboutique-backend] [           main] org.hibernate.SQL                        : 
    delete 
    from
        permission 
    where
        id_permission=?
Hibernate: 
    delete 
    from
        permission 
    where
        id_permission=?
2025-12-03T17:26:14.357+01:00 DEBUG 33721 --- [smboutique-backend] [           main] org.hibernate.SQL                        : 
    delete 
    from
        permission 
    where
        id_permission=?
Hibernate: 
    delete 
    from
        permission 
    where
        id_permission=?
2025-12-03T17:26:14.358+01:00 DEBUG 33721 --- [smboutique-backend] [           main] org.hibernate.SQL                        : 
    delete 
    from
        permission 
    where
        id_permission=?
Hibernate: 
    delete 
    from
        permission 
    where
        id_permission=?
2025-12-03T17:26:14.358+01:00 DEBUG 33721 --- [smboutique-backend] [           main] org.hibernate.SQL                        : 
    delete 
    from
        permission 
    where
        id_permission=?
Hibernate: 
    delete 
    from
        permission 
    where
        id_permission=?
2025-12-03T17:26:14.359+01:00 DEBUG 33721 --- [smboutique-backend] [           main] org.hibernate.SQL                        : 
    delete 
    from
        permission 
    where
        id_permission=?
Hibernate: 
    delete 
    from
        permission 
    where
        id_permission=?
2025-12-03T17:26:14.360+01:00 DEBUG 33721 --- [smboutique-backend] [           main] org.hibernate.SQL                        : 
    delete 
    from
        permission 
    where
        id_permission=?
Hibernate: 
    delete 
    from
        permission 
    where
        id_permission=?
2025-12-03T17:26:14.360+01:00 DEBUG 33721 --- [smboutique-backend] [           main] org.hibernate.SQL                        : 
    delete 
    from
        permission 
    where
        id_permission=?
Hibernate: 
    delete 
    from
        permission 
    where
        id_permission=?
2025-12-03T17:26:14.361+01:00 DEBUG 33721 --- [smboutique-backend] [           main] org.hibernate.SQL                        : 
    delete 
    from
        permission 
    where
        id_permission=?
Hibernate: 
    delete 
    from
        permission 
    where
        id_permission=?
2025-12-03T17:26:14.361+01:00 DEBUG 33721 --- [smboutique-backend] [           main] org.hibernate.SQL                        : 
    delete 
    from
        permission 
    where
        id_permission=?
Hibernate: 
    delete 
    from
        permission 
    where
        id_permission=?
2025-12-03T17:26:14.374+01:00 DEBUG 33721 --- [smboutique-backend] [           main] o.s.orm.jpa.JpaTransactionManager        : Closing JPA EntityManager [SessionImpl(2033547232<open>)] after transaction
2025-12-03T17:26:14.375+01:00 DEBUG 33721 --- [smboutique-backend] [           main] o.s.orm.jpa.JpaTransactionManager        : Creating new transaction with name [org.springframework.data.jpa.repository.support.SimpleJpaRepository.deleteAll]: PROPAGATION_REQUIRED,ISOLATION_DEFAULT
2025-12-03T17:26:14.375+01:00 DEBUG 33721 --- [smboutique-backend] [           main] o.s.orm.jpa.JpaTransactionManager        : Opened new EntityManager [SessionImpl(1519716618<open>)] for JPA transaction
2025-12-03T17:26:14.376+01:00 DEBUG 33721 --- [smboutique-backend] [           main] o.s.orm.jpa.JpaTransactionManager        : Exposing JPA transaction as JDBC [org.springframework.orm.jpa.vendor.HibernateJpaDialect$HibernateConnectionHandle@34ccce55]
2025-12-03T17:26:14.377+01:00  WARN 33721 --- [smboutique-backend] [           main] org.hibernate.orm.deprecation            : HHH90000021: Encountered deprecated setting [javax.persistence.query.timeout], use [jakarta.persistence.query.timeout] instead
2025-12-03T17:26:14.379+01:00 DEBUG 33721 --- [smboutique-backend] [           main] org.hibernate.SQL                        : 
    select
        b1_0.id_boutique,
        b1_0.adresse,
        b1_0.logo,
        b1_0.nom,
        b1_0.quartier,
        b1_0.telephone 
    from
        boutique b1_0
Hibernate: 
    select
        b1_0.id_boutique,
        b1_0.adresse,
        b1_0.logo,
        b1_0.nom,
        b1_0.quartier,
        b1_0.telephone 
    from
        boutique b1_0
2025-12-03T17:26:14.382+01:00 DEBUG 33721 --- [smboutique-backend] [           main] o.s.orm.jpa.JpaTransactionManager        : Initiating transaction commit
2025-12-03T17:26:14.382+01:00 DEBUG 33721 --- [smboutique-backend] [           main] o.s.orm.jpa.JpaTransactionManager        : Committing JPA transaction on EntityManager [SessionImpl(1519716618<open>)]
2025-12-03T17:26:14.383+01:00 DEBUG 33721 --- [smboutique-backend] [           main] org.hibernate.SQL                        : 
    delete 
    from
        boutique 
    where
        id_boutique=?
Hibernate: 
    delete 
    from
        boutique 
    where
        id_boutique=?
2025-12-03T17:26:14.386+01:00 DEBUG 33721 --- [smboutique-backend] [           main] o.s.orm.jpa.JpaTransactionManager        : Closing JPA EntityManager [SessionImpl(1519716618<open>)] after transaction
2025-12-03T17:26:14.387+01:00  WARN 33721 --- [smboutique-backend] [           main] c.smboutique.api.config.DataInitializer  : Database reset done. Tables will be re-seeded.
2025-12-03T17:26:14.387+01:00  INFO 33721 --- [smboutique-backend] [           main] c.smboutique.api.config.DataInitializer  : Initializing permissions...
2025-12-03T17:26:14.388+01:00 DEBUG 33721 --- [smboutique-backend] [           main] o.s.orm.jpa.JpaTransactionManager        : Creating new transaction with name [org.springframework.data.jpa.repository.support.SimpleJpaRepository.count]: PROPAGATION_REQUIRED,ISOLATION_DEFAULT,readOnly
2025-12-03T17:26:14.389+01:00 DEBUG 33721 --- [smboutique-backend] [           main] o.s.orm.jpa.JpaTransactionManager        : Opened new EntityManager [SessionImpl(339779942<open>)] for JPA transaction
2025-12-03T17:26:14.392+01:00 DEBUG 33721 --- [smboutique-backend] [           main] o.s.orm.jpa.JpaTransactionManager        : Exposing JPA transaction as JDBC [org.springframework.orm.jpa.vendor.HibernateJpaDialect$HibernateConnectionHandle@78f2cab9]
2025-12-03T17:26:14.581+01:00  WARN 33721 --- [smboutique-backend] [           main] org.hibernate.orm.deprecation            : HHH90000021: Encountered deprecated setting [javax.persistence.query.timeout], use [jakarta.persistence.query.timeout] instead
2025-12-03T17:26:14.584+01:00 DEBUG 33721 --- [smboutique-backend] [           main] org.hibernate.SQL                        : 
    select
        count(*) 
    from
        permission p1_0
Hibernate: 
    select
        count(*) 
    from
        permission p1_0
2025-12-03T17:26:14.586+01:00 DEBUG 33721 --- [smboutique-backend] [           main] o.s.orm.jpa.JpaTransactionManager        : Initiating transaction commit
2025-12-03T17:26:14.586+01:00 DEBUG 33721 --- [smboutique-backend] [           main] o.s.orm.jpa.JpaTransactionManager        : Committing JPA transaction on EntityManager [SessionImpl(339779942<open>)]
2025-12-03T17:26:14.586+01:00 DEBUG 33721 --- [smboutique-backend] [           main] o.s.orm.jpa.JpaTransactionManager        : Closing JPA EntityManager [SessionImpl(339779942<open>)] after transaction
2025-12-03T17:26:14.587+01:00 DEBUG 33721 --- [smboutique-backend] [           main] o.s.orm.jpa.JpaTransactionManager        : Creating new transaction with name [org.springframework.data.jpa.repository.support.SimpleJpaRepository.save]: PROPAGATION_REQUIRED,ISOLATION_DEFAULT
2025-12-03T17:26:14.588+01:00 DEBUG 33721 --- [smboutique-backend] [           main] o.s.orm.jpa.JpaTransactionManager        : Opened new EntityManager [SessionImpl(1548504726<open>)] for JPA transaction
2025-12-03T17:26:14.588+01:00 DEBUG 33721 --- [smboutique-backend] [           main] o.s.orm.jpa.JpaTransactionManager        : Exposing JPA transaction as JDBC [org.springframework.orm.jpa.vendor.HibernateJpaDialect$HibernateConnectionHandle@25d73ca6]
2025-12-03T17:26:14.593+01:00 DEBUG 33721 --- [smboutique-backend] [           main] org.hibernate.SQL                        : 
    insert 
    into
        permission
        (description, name) 
    values
        (?, ?)
Hibernate: 
    insert 
    into
        permission
        (description, name) 
    values
        (?, ?)
2025-12-03T17:26:14.605+01:00 DEBUG 33721 --- [smboutique-backend] [           main] o.s.orm.jpa.JpaTransactionManager        : Initiating transaction commit
2025-12-03T17:26:14.605+01:00 DEBUG 33721 --- [smboutique-backend] [           main] o.s.orm.jpa.JpaTransactionManager        : Committing JPA transaction on EntityManager [SessionImpl(1548504726<open>)]
2025-12-03T17:26:14.662+01:00 DEBUG 33721 --- [smboutique-backend] [           main] o.s.orm.jpa.JpaTransactionManager        : Closing JPA EntityManager [SessionImpl(1548504726<open>)] after transaction
2025-12-03T17:26:14.662+01:00 DEBUG 33721 --- [smboutique-backend] [           main] o.s.orm.jpa.JpaTransactionManager        : Creating new transaction with name [org.springframework.data.jpa.repository.support.SimpleJpaRepository.save]: PROPAGATION_REQUIRED,ISOLATION_DEFAULT
2025-12-03T17:26:14.663+01:00 DEBUG 33721 --- [smboutique-backend] [           main] o.s.orm.jpa.JpaTransactionManager        : Opened new EntityManager [SessionImpl(714368217<open>)] for JPA transaction
2025-12-03T17:26:14.663+01:00 DEBUG 33721 --- [smboutique-backend] [           main] o.s.orm.jpa.JpaTransactionManager        : Exposing JPA transaction as JDBC [org.springframework.orm.jpa.vendor.HibernateJpaDialect$HibernateConnectionHandle@21cb907d]
2025-12-03T17:26:14.664+01:00 DEBUG 33721 --- [smboutique-backend] [           main] org.hibernate.SQL                        : 
    insert 
    into
        permission
        (description, name) 
    values
        (?, ?)
Hibernate: 
    insert 
    into
        permission
        (description, name) 
    values
        (?, ?)
2025-12-03T17:26:14.665+01:00 DEBUG 33721 --- [smboutique-backend] [           main] o.s.orm.jpa.JpaTransactionManager        : Initiating transaction commit
2025-12-03T17:26:14.666+01:00 DEBUG 33721 --- [smboutique-backend] [           main] o.s.orm.jpa.JpaTransactionManager        : Committing JPA transaction on EntityManager [SessionImpl(714368217<open>)]
2025-12-03T17:26:14.667+01:00 DEBUG 33721 --- [smboutique-backend] [           main] o.s.orm.jpa.JpaTransactionManager        : Closing JPA EntityManager [SessionImpl(714368217<open>)] after transaction
2025-12-03T17:26:14.667+01:00 DEBUG 33721 --- [smboutique-backend] [           main] o.s.orm.jpa.JpaTransactionManager        : Creating new transaction with name [org.springframework.data.jpa.repository.support.SimpleJpaRepository.save]: PROPAGATION_REQUIRED,ISOLATION_DEFAULT
2025-12-03T17:26:14.667+01:00 DEBUG 33721 --- [smboutique-backend] [           main] o.s.orm.jpa.JpaTransactionManager        : Opened new EntityManager [SessionImpl(880234640<open>)] for JPA transaction
2025-12-03T17:26:14.668+01:00 DEBUG 33721 --- [smboutique-backend] [           main] o.s.orm.jpa.JpaTransactionManager        : Exposing JPA transaction as JDBC [org.springframework.orm.jpa.vendor.HibernateJpaDialect$HibernateConnectionHandle@7e772d11]
2025-12-03T17:26:14.668+01:00 DEBUG 33721 --- [smboutique-backend] [           main] org.hibernate.SQL                        : 
    insert 
    into
        permission
        (description, name) 
    values
        (?, ?)
Hibernate: 
    insert 
    into
        permission
        (description, name) 
    values
        (?, ?)
2025-12-03T17:26:14.670+01:00 DEBUG 33721 --- [smboutique-backend] [           main] o.s.orm.jpa.JpaTransactionManager        : Initiating transaction commit
2025-12-03T17:26:14.670+01:00 DEBUG 33721 --- [smboutique-backend] [           main] o.s.orm.jpa.JpaTransactionManager        : Committing JPA transaction on EntityManager [SessionImpl(880234640<open>)]
2025-12-03T17:26:14.672+01:00 DEBUG 33721 --- [smboutique-backend] [           main] o.s.orm.jpa.JpaTransactionManager        : Closing JPA EntityManager [SessionImpl(880234640<open>)] after transaction
2025-12-03T17:26:14.673+01:00 DEBUG 33721 --- [smboutique-backend] [           main] o.s.orm.jpa.JpaTransactionManager        : Creating new transaction with name [org.springframework.data.jpa.repository.support.SimpleJpaRepository.save]: PROPAGATION_REQUIRED,ISOLATION_DEFAULT
2025-12-03T17:26:14.673+01:00 DEBUG 33721 --- [smboutique-backend] [           main] o.s.orm.jpa.JpaTransactionManager        : Opened new EntityManager [SessionImpl(115880649<open>)] for JPA transaction
2025-12-03T17:26:14.673+01:00 DEBUG 33721 --- [smboutique-backend] [           main] o.s.orm.jpa.JpaTransactionManager        : Exposing JPA transaction as JDBC [org.springframework.orm.jpa.vendor.HibernateJpaDialect$HibernateConnectionHandle@42f40ad0]
2025-12-03T17:26:14.674+01:00 DEBUG 33721 --- [smboutique-backend] [           main] org.hibernate.SQL                        : 
    insert 
    into
        permission
        (description, name) 
    values
        (?, ?)
Hibernate: 
    insert 
    into
        permission
        (description, name) 
    values
        (?, ?)
2025-12-03T17:26:14.675+01:00 DEBUG 33721 --- [smboutique-backend] [           main] o.s.orm.jpa.JpaTransactionManager        : Initiating transaction commit
2025-12-03T17:26:14.676+01:00 DEBUG 33721 --- [smboutique-backend] [           main] o.s.orm.jpa.JpaTransactionManager        : Committing JPA transaction on EntityManager [SessionImpl(115880649<open>)]
2025-12-03T17:26:14.677+01:00 DEBUG 33721 --- [smboutique-backend] [           main] o.s.orm.jpa.JpaTransactionManager        : Closing JPA EntityManager [SessionImpl(115880649<open>)] after transaction
2025-12-03T17:26:14.677+01:00 DEBUG 33721 --- [smboutique-backend] [           main] o.s.orm.jpa.JpaTransactionManager        : Creating new transaction with name [org.springframework.data.jpa.repository.support.SimpleJpaRepository.save]: PROPAGATION_REQUIRED,ISOLATION_DEFAULT
2025-12-03T17:26:14.678+01:00 DEBUG 33721 --- [smboutique-backend] [           main] o.s.orm.jpa.JpaTransactionManager        : Opened new EntityManager [SessionImpl(1982185405<open>)] for JPA transaction
2025-12-03T17:26:14.678+01:00 DEBUG 33721 --- [smboutique-backend] [           main] o.s.orm.jpa.JpaTransactionManager        : Exposing JPA transaction as JDBC [org.springframework.orm.jpa.vendor.HibernateJpaDialect$HibernateConnectionHandle@3bc2146c]
2025-12-03T17:26:14.679+01:00 DEBUG 33721 --- [smboutique-backend] [           main] org.hibernate.SQL                        : 
    insert 
    into
        permission
        (description, name) 
    values
        (?, ?)
Hibernate: 
    insert 
    into
        permission
        (description, name) 
    values
        (?, ?)
2025-12-03T17:26:14.680+01:00 DEBUG 33721 --- [smboutique-backend] [           main] o.s.orm.jpa.JpaTransactionManager        : Initiating transaction commit
2025-12-03T17:26:14.680+01:00 DEBUG 33721 --- [smboutique-backend] [           main] o.s.orm.jpa.JpaTransactionManager        : Committing JPA transaction on EntityManager [SessionImpl(1982185405<open>)]
2025-12-03T17:26:14.682+01:00 DEBUG 33721 --- [smboutique-backend] [           main] o.s.orm.jpa.JpaTransactionManager        : Closing JPA EntityManager [SessionImpl(1982185405<open>)] after transaction
2025-12-03T17:26:14.683+01:00 DEBUG 33721 --- [smboutique-backend] [           main] o.s.orm.jpa.JpaTransactionManager        : Creating new transaction with name [org.springframework.data.jpa.repository.support.SimpleJpaRepository.save]: PROPAGATION_REQUIRED,ISOLATION_DEFAULT
2025-12-03T17:26:14.683+01:00 DEBUG 33721 --- [smboutique-backend] [           main] o.s.orm.jpa.JpaTransactionManager        : Opened new EntityManager [SessionImpl(59486871<open>)] for JPA transaction
2025-12-03T17:26:14.684+01:00 DEBUG 33721 --- [smboutique-backend] [           main] o.s.orm.jpa.JpaTransactionManager        : Exposing JPA transaction as JDBC [org.springframework.orm.jpa.vendor.HibernateJpaDialect$HibernateConnectionHandle@6c96e1d5]
2025-12-03T17:26:14.684+01:00 DEBUG 33721 --- [smboutique-backend] [           main] org.hibernate.SQL                        : 
    insert 
    into
        permission
        (description, name) 
    values
        (?, ?)
Hibernate: 
    insert 
    into
        permission
        (description, name) 
    values
        (?, ?)
2025-12-03T17:26:14.686+01:00 DEBUG 33721 --- [smboutique-backend] [           main] o.s.orm.jpa.JpaTransactionManager        : Initiating transaction commit
2025-12-03T17:26:14.686+01:00 DEBUG 33721 --- [smboutique-backend] [           main] o.s.orm.jpa.JpaTransactionManager        : Committing JPA transaction on EntityManager [SessionImpl(59486871<open>)]
2025-12-03T17:26:14.687+01:00 DEBUG 33721 --- [smboutique-backend] [           main] o.s.orm.jpa.JpaTransactionManager        : Closing JPA EntityManager [SessionImpl(59486871<open>)] after transaction
2025-12-03T17:26:14.688+01:00 DEBUG 33721 --- [smboutique-backend] [           main] o.s.orm.jpa.JpaTransactionManager        : Creating new transaction with name [org.springframework.data.jpa.repository.support.SimpleJpaRepository.save]: PROPAGATION_REQUIRED,ISOLATION_DEFAULT
2025-12-03T17:26:14.688+01:00 DEBUG 33721 --- [smboutique-backend] [           main] o.s.orm.jpa.JpaTransactionManager        : Opened new EntityManager [SessionImpl(970591815<open>)] for JPA transaction
2025-12-03T17:26:14.688+01:00 DEBUG 33721 --- [smboutique-backend] [           main] o.s.orm.jpa.JpaTransactionManager        : Exposing JPA transaction as JDBC [org.springframework.orm.jpa.vendor.HibernateJpaDialect$HibernateConnectionHandle@55b56db3]
2025-12-03T17:26:14.689+01:00 DEBUG 33721 --- [smboutique-backend] [           main] org.hibernate.SQL                        : 
    insert 
    into
        permission
        (description, name) 
    values
        (?, ?)
Hibernate: 
    insert 
    into
        permission
        (description, name) 
    values
        (?, ?)
2025-12-03T17:26:14.691+01:00 DEBUG 33721 --- [smboutique-backend] [           main] o.s.orm.jpa.JpaTransactionManager        : Initiating transaction commit
2025-12-03T17:26:14.691+01:00 DEBUG 33721 --- [smboutique-backend] [           main] o.s.orm.jpa.JpaTransactionManager        : Committing JPA transaction on EntityManager [SessionImpl(970591815<open>)]
2025-12-03T17:26:14.692+01:00 DEBUG 33721 --- [smboutique-backend] [           main] o.s.orm.jpa.JpaTransactionManager        : Closing JPA EntityManager [SessionImpl(970591815<open>)] after transaction
2025-12-03T17:26:14.693+01:00 DEBUG 33721 --- [smboutique-backend] [           main] o.s.orm.jpa.JpaTransactionManager        : Creating new transaction with name [org.springframework.data.jpa.repository.support.SimpleJpaRepository.save]: PROPAGATION_REQUIRED,ISOLATION_DEFAULT
2025-12-03T17:26:14.693+01:00 DEBUG 33721 --- [smboutique-backend] [           main] o.s.orm.jpa.JpaTransactionManager        : Opened new EntityManager [SessionImpl(667087156<open>)] for JPA transaction
2025-12-03T17:26:14.693+01:00 DEBUG 33721 --- [smboutique-backend] [           main] o.s.orm.jpa.JpaTransactionManager        : Exposing JPA transaction as JDBC [org.springframework.orm.jpa.vendor.HibernateJpaDialect$HibernateConnectionHandle@64bed8b2]
2025-12-03T17:26:14.694+01:00 DEBUG 33721 --- [smboutique-backend] [           main] org.hibernate.SQL                        : 
    insert 
    into
        permission
        (description, name) 
    values
        (?, ?)
Hibernate: 
    insert 
    into
        permission
        (description, name) 
    values
        (?, ?)
2025-12-03T17:26:14.696+01:00 DEBUG 33721 --- [smboutique-backend] [           main] o.s.orm.jpa.JpaTransactionManager        : Initiating transaction commit
2025-12-03T17:26:14.696+01:00 DEBUG 33721 --- [smboutique-backend] [           main] o.s.orm.jpa.JpaTransactionManager        : Committing JPA transaction on EntityManager [SessionImpl(667087156<open>)]
2025-12-03T17:26:14.697+01:00 DEBUG 33721 --- [smboutique-backend] [           main] o.s.orm.jpa.JpaTransactionManager        : Closing JPA EntityManager [SessionImpl(667087156<open>)] after transaction
2025-12-03T17:26:14.698+01:00 DEBUG 33721 --- [smboutique-backend] [           main] o.s.orm.jpa.JpaTransactionManager        : Creating new transaction with name [org.springframework.data.jpa.repository.support.SimpleJpaRepository.save]: PROPAGATION_REQUIRED,ISOLATION_DEFAULT
2025-12-03T17:26:14.698+01:00 DEBUG 33721 --- [smboutique-backend] [           main] o.s.orm.jpa.JpaTransactionManager        : Opened new EntityManager [SessionImpl(835304239<open>)] for JPA transaction
2025-12-03T17:26:14.699+01:00 DEBUG 33721 --- [smboutique-backend] [           main] o.s.orm.jpa.JpaTransactionManager        : Exposing JPA transaction as JDBC [org.springframework.orm.jpa.vendor.HibernateJpaDialect$HibernateConnectionHandle@71e839ee]
2025-12-03T17:26:14.699+01:00 DEBUG 33721 --- [smboutique-backend] [           main] org.hibernate.SQL                        : 
    insert 
    into
        permission
        (description, name) 
    values
        (?, ?)
Hibernate: 
    insert 
    into
        permission
        (description, name) 
    values
        (?, ?)
2025-12-03T17:26:14.700+01:00 DEBUG 33721 --- [smboutique-backend] [           main] o.s.orm.jpa.JpaTransactionManager        : Initiating transaction commit
2025-12-03T17:26:14.701+01:00 DEBUG 33721 --- [smboutique-backend] [           main] o.s.orm.jpa.JpaTransactionManager        : Committing JPA transaction on EntityManager [SessionImpl(835304239<open>)]
2025-12-03T17:26:14.702+01:00 DEBUG 33721 --- [smboutique-backend] [           main] o.s.orm.jpa.JpaTransactionManager        : Closing JPA EntityManager [SessionImpl(835304239<open>)] after transaction
2025-12-03T17:26:14.702+01:00 DEBUG 33721 --- [smboutique-backend] [           main] o.s.orm.jpa.JpaTransactionManager        : Creating new transaction with name [org.springframework.data.jpa.repository.support.SimpleJpaRepository.save]: PROPAGATION_REQUIRED,ISOLATION_DEFAULT
2025-12-03T17:26:14.703+01:00 DEBUG 33721 --- [smboutique-backend] [           main] o.s.orm.jpa.JpaTransactionManager        : Opened new EntityManager [SessionImpl(1570556626<open>)] for JPA transaction
2025-12-03T17:26:14.703+01:00 DEBUG 33721 --- [smboutique-backend] [           main] o.s.orm.jpa.JpaTransactionManager        : Exposing JPA transaction as JDBC [org.springframework.orm.jpa.vendor.HibernateJpaDialect$HibernateConnectionHandle@22fb60f3]
2025-12-03T17:26:14.704+01:00 DEBUG 33721 --- [smboutique-backend] [           main] org.hibernate.SQL                        : 
    insert 
    into
        permission
        (description, name) 
    values
        (?, ?)
Hibernate: 
    insert 
    into
        permission
        (description, name) 
    values
        (?, ?)
2025-12-03T17:26:14.706+01:00 DEBUG 33721 --- [smboutique-backend] [           main] o.s.orm.jpa.JpaTransactionManager        : Initiating transaction commit
2025-12-03T17:26:14.706+01:00 DEBUG 33721 --- [smboutique-backend] [           main] o.s.orm.jpa.JpaTransactionManager        : Committing JPA transaction on EntityManager [SessionImpl(1570556626<open>)]
2025-12-03T17:26:14.708+01:00 DEBUG 33721 --- [smboutique-backend] [           main] o.s.orm.jpa.JpaTransactionManager        : Closing JPA EntityManager [SessionImpl(1570556626<open>)] after transaction
2025-12-03T17:26:14.708+01:00 DEBUG 33721 --- [smboutique-backend] [           main] o.s.orm.jpa.JpaTransactionManager        : Creating new transaction with name [org.springframework.data.jpa.repository.support.SimpleJpaRepository.save]: PROPAGATION_REQUIRED,ISOLATION_DEFAULT
2025-12-03T17:26:14.708+01:00 DEBUG 33721 --- [smboutique-backend] [           main] o.s.orm.jpa.JpaTransactionManager        : Opened new EntityManager [SessionImpl(929100776<open>)] for JPA transaction
2025-12-03T17:26:14.709+01:00 DEBUG 33721 --- [smboutique-backend] [           main] o.s.orm.jpa.JpaTransactionManager        : Exposing JPA transaction as JDBC [org.springframework.orm.jpa.vendor.HibernateJpaDialect$HibernateConnectionHandle@73032867]
2025-12-03T17:26:14.709+01:00 DEBUG 33721 --- [smboutique-backend] [           main] org.hibernate.SQL                        : 
    insert 
    into
        permission
        (description, name) 
    values
        (?, ?)
Hibernate: 
    insert 
    into
        permission
        (description, name) 
    values
        (?, ?)
2025-12-03T17:26:14.711+01:00 DEBUG 33721 --- [smboutique-backend] [           main] o.s.orm.jpa.JpaTransactionManager        : Initiating transaction commit
2025-12-03T17:26:14.711+01:00 DEBUG 33721 --- [smboutique-backend] [           main] o.s.orm.jpa.JpaTransactionManager        : Committing JPA transaction on EntityManager [SessionImpl(929100776<open>)]
2025-12-03T17:26:14.713+01:00 DEBUG 33721 --- [smboutique-backend] [           main] o.s.orm.jpa.JpaTransactionManager        : Closing JPA EntityManager [SessionImpl(929100776<open>)] after transaction
2025-12-03T17:26:14.713+01:00 DEBUG 33721 --- [smboutique-backend] [           main] o.s.orm.jpa.JpaTransactionManager        : Creating new transaction with name [org.springframework.data.jpa.repository.support.SimpleJpaRepository.save]: PROPAGATION_REQUIRED,ISOLATION_DEFAULT
2025-12-03T17:26:14.713+01:00 DEBUG 33721 --- [smboutique-backend] [           main] o.s.orm.jpa.JpaTransactionManager        : Opened new EntityManager [SessionImpl(1847662375<open>)] for JPA transaction
2025-12-03T17:26:14.714+01:00 DEBUG 33721 --- [smboutique-backend] [           main] o.s.orm.jpa.JpaTransactionManager        : Exposing JPA transaction as JDBC [org.springframework.orm.jpa.vendor.HibernateJpaDialect$HibernateConnectionHandle@5b6b5888]
2025-12-03T17:26:14.714+01:00 DEBUG 33721 --- [smboutique-backend] [           main] org.hibernate.SQL                        : 
    insert 
    into
        permission
        (description, name) 
    values
        (?, ?)
Hibernate: 
    insert 
    into
        permission
        (description, name) 
    values
        (?, ?)
2025-12-03T17:26:14.716+01:00 DEBUG 33721 --- [smboutique-backend] [           main] o.s.orm.jpa.JpaTransactionManager        : Initiating transaction commit
2025-12-03T17:26:14.716+01:00 DEBUG 33721 --- [smboutique-backend] [           main] o.s.orm.jpa.JpaTransactionManager        : Committing JPA transaction on EntityManager [SessionImpl(1847662375<open>)]
2025-12-03T17:26:14.717+01:00 DEBUG 33721 --- [smboutique-backend] [           main] o.s.orm.jpa.JpaTransactionManager        : Closing JPA EntityManager [SessionImpl(1847662375<open>)] after transaction
2025-12-03T17:26:14.718+01:00 DEBUG 33721 --- [smboutique-backend] [           main] o.s.orm.jpa.JpaTransactionManager        : Creating new transaction with name [org.springframework.data.jpa.repository.support.SimpleJpaRepository.save]: PROPAGATION_REQUIRED,ISOLATION_DEFAULT
2025-12-03T17:26:14.718+01:00 DEBUG 33721 --- [smboutique-backend] [           main] o.s.orm.jpa.JpaTransactionManager        : Opened new EntityManager [SessionImpl(1688248774<open>)] for JPA transaction
2025-12-03T17:26:14.718+01:00 DEBUG 33721 --- [smboutique-backend] [           main] o.s.orm.jpa.JpaTransactionManager        : Exposing JPA transaction as JDBC [org.springframework.orm.jpa.vendor.HibernateJpaDialect$HibernateConnectionHandle@62df1f0e]
2025-12-03T17:26:14.719+01:00 DEBUG 33721 --- [smboutique-backend] [           main] org.hibernate.SQL                        : 
    insert 
    into
        permission
        (description, name) 
    values
        (?, ?)
Hibernate: 
    insert 
    into
        permission
        (description, name) 
    values
        (?, ?)
2025-12-03T17:26:14.720+01:00 DEBUG 33721 --- [smboutique-backend] [           main] o.s.orm.jpa.JpaTransactionManager        : Initiating transaction commit
2025-12-03T17:26:14.720+01:00 DEBUG 33721 --- [smboutique-backend] [           main] o.s.orm.jpa.JpaTransactionManager        : Committing JPA transaction on EntityManager [SessionImpl(1688248774<open>)]
2025-12-03T17:26:14.721+01:00 DEBUG 33721 --- [smboutique-backend] [           main] o.s.orm.jpa.JpaTransactionManager        : Closing JPA EntityManager [SessionImpl(1688248774<open>)] after transaction
2025-12-03T17:26:14.722+01:00 DEBUG 33721 --- [smboutique-backend] [           main] o.s.orm.jpa.JpaTransactionManager        : Creating new transaction with name [org.springframework.data.jpa.repository.support.SimpleJpaRepository.save]: PROPAGATION_REQUIRED,ISOLATION_DEFAULT
2025-12-03T17:26:14.722+01:00 DEBUG 33721 --- [smboutique-backend] [           main] o.s.orm.jpa.JpaTransactionManager        : Opened new EntityManager [SessionImpl(1553217607<open>)] for JPA transaction
2025-12-03T17:26:14.722+01:00 DEBUG 33721 --- [smboutique-backend] [           main] o.s.orm.jpa.JpaTransactionManager        : Exposing JPA transaction as JDBC [org.springframework.orm.jpa.vendor.HibernateJpaDialect$HibernateConnectionHandle@352b5f3c]
2025-12-03T17:26:14.723+01:00 DEBUG 33721 --- [smboutique-backend] [           main] org.hibernate.SQL                        : 
    insert 
    into
        permission
        (description, name) 
    values
        (?, ?)
Hibernate: 
    insert 
    into
        permission
        (description, name) 
    values
        (?, ?)
2025-12-03T17:26:14.724+01:00 DEBUG 33721 --- [smboutique-backend] [           main] o.s.orm.jpa.JpaTransactionManager        : Initiating transaction commit
2025-12-03T17:26:14.724+01:00 DEBUG 33721 --- [smboutique-backend] [           main] o.s.orm.jpa.JpaTransactionManager        : Committing JPA transaction on EntityManager [SessionImpl(1553217607<open>)]
2025-12-03T17:26:14.725+01:00 DEBUG 33721 --- [smboutique-backend] [           main] o.s.orm.jpa.JpaTransactionManager        : Closing JPA EntityManager [SessionImpl(1553217607<open>)] after transaction
2025-12-03T17:26:14.725+01:00 DEBUG 33721 --- [smboutique-backend] [           main] o.s.orm.jpa.JpaTransactionManager        : Creating new transaction with name [org.springframework.data.jpa.repository.support.SimpleJpaRepository.save]: PROPAGATION_REQUIRED,ISOLATION_DEFAULT
2025-12-03T17:26:14.725+01:00 DEBUG 33721 --- [smboutique-backend] [           main] o.s.orm.jpa.JpaTransactionManager        : Opened new EntityManager [SessionImpl(1791942484<open>)] for JPA transaction
2025-12-03T17:26:14.725+01:00 DEBUG 33721 --- [smboutique-backend] [           main] o.s.orm.jpa.JpaTransactionManager        : Exposing JPA transaction as JDBC [org.springframework.orm.jpa.vendor.HibernateJpaDialect$HibernateConnectionHandle@2a0cc666]
2025-12-03T17:26:14.726+01:00 DEBUG 33721 --- [smboutique-backend] [           main] org.hibernate.SQL                        : 
    insert 
    into
        permission
        (description, name) 
    values
        (?, ?)
Hibernate: 
    insert 
    into
        permission
        (description, name) 
    values
        (?, ?)
2025-12-03T17:26:14.726+01:00 DEBUG 33721 --- [smboutique-backend] [           main] o.s.orm.jpa.JpaTransactionManager        : Initiating transaction commit
2025-12-03T17:26:14.726+01:00 DEBUG 33721 --- [smboutique-backend] [           main] o.s.orm.jpa.JpaTransactionManager        : Committing JPA transaction on EntityManager [SessionImpl(1791942484<open>)]
2025-12-03T17:26:14.727+01:00 DEBUG 33721 --- [smboutique-backend] [           main] o.s.orm.jpa.JpaTransactionManager        : Closing JPA EntityManager [SessionImpl(1791942484<open>)] after transaction
2025-12-03T17:26:14.728+01:00 DEBUG 33721 --- [smboutique-backend] [           main] o.s.orm.jpa.JpaTransactionManager        : Creating new transaction with name [org.springframework.data.jpa.repository.support.SimpleJpaRepository.save]: PROPAGATION_REQUIRED,ISOLATION_DEFAULT
2025-12-03T17:26:14.728+01:00 DEBUG 33721 --- [smboutique-backend] [           main] o.s.orm.jpa.JpaTransactionManager        : Opened new EntityManager [SessionImpl(709360477<open>)] for JPA transaction
2025-12-03T17:26:14.728+01:00 DEBUG 33721 --- [smboutique-backend] [           main] o.s.orm.jpa.JpaTransactionManager        : Exposing JPA transaction as JDBC [org.springframework.orm.jpa.vendor.HibernateJpaDialect$HibernateConnectionHandle@47a9bcf1]
2025-12-03T17:26:14.728+01:00 DEBUG 33721 --- [smboutique-backend] [           main] org.hibernate.SQL                        : 
    insert 
    into
        permission
        (description, name) 
    values
        (?, ?)
Hibernate: 
    insert 
    into
        permission
        (description, name) 
    values
        (?, ?)
2025-12-03T17:26:14.729+01:00 DEBUG 33721 --- [smboutique-backend] [           main] o.s.orm.jpa.JpaTransactionManager        : Initiating transaction commit
2025-12-03T17:26:14.729+01:00 DEBUG 33721 --- [smboutique-backend] [           main] o.s.orm.jpa.JpaTransactionManager        : Committing JPA transaction on EntityManager [SessionImpl(709360477<open>)]
2025-12-03T17:26:14.734+01:00 DEBUG 33721 --- [smboutique-backend] [           main] o.s.orm.jpa.JpaTransactionManager        : Closing JPA EntityManager [SessionImpl(709360477<open>)] after transaction
2025-12-03T17:26:14.735+01:00 DEBUG 33721 --- [smboutique-backend] [           main] o.s.orm.jpa.JpaTransactionManager        : Creating new transaction with name [org.springframework.data.jpa.repository.support.SimpleJpaRepository.save]: PROPAGATION_REQUIRED,ISOLATION_DEFAULT
2025-12-03T17:26:14.735+01:00 DEBUG 33721 --- [smboutique-backend] [           main] o.s.orm.jpa.JpaTransactionManager        : Opened new EntityManager [SessionImpl(842912802<open>)] for JPA transaction
2025-12-03T17:26:14.735+01:00 DEBUG 33721 --- [smboutique-backend] [           main] o.s.orm.jpa.JpaTransactionManager        : Exposing JPA transaction as JDBC [org.springframework.orm.jpa.vendor.HibernateJpaDialect$HibernateConnectionHandle@2f229f60]
2025-12-03T17:26:14.735+01:00 DEBUG 33721 --- [smboutique-backend] [           main] org.hibernate.SQL                        : 
    insert 
    into
        permission
        (description, name) 
    values
        (?, ?)
Hibernate: 
    insert 
    into
        permission
        (description, name) 
    values
        (?, ?)
2025-12-03T17:26:14.736+01:00 DEBUG 33721 --- [smboutique-backend] [           main] o.s.orm.jpa.JpaTransactionManager        : Initiating transaction commit
2025-12-03T17:26:14.737+01:00 DEBUG 33721 --- [smboutique-backend] [           main] o.s.orm.jpa.JpaTransactionManager        : Committing JPA transaction on EntityManager [SessionImpl(842912802<open>)]
2025-12-03T17:26:14.738+01:00 DEBUG 33721 --- [smboutique-backend] [           main] o.s.orm.jpa.JpaTransactionManager        : Closing JPA EntityManager [SessionImpl(842912802<open>)] after transaction
2025-12-03T17:26:14.738+01:00 DEBUG 33721 --- [smboutique-backend] [           main] o.s.orm.jpa.JpaTransactionManager        : Creating new transaction with name [org.springframework.data.jpa.repository.support.SimpleJpaRepository.save]: PROPAGATION_REQUIRED,ISOLATION_DEFAULT
2025-12-03T17:26:14.738+01:00 DEBUG 33721 --- [smboutique-backend] [           main] o.s.orm.jpa.JpaTransactionManager        : Opened new EntityManager [SessionImpl(1379121069<open>)] for JPA transaction
2025-12-03T17:26:14.739+01:00 DEBUG 33721 --- [smboutique-backend] [           main] o.s.orm.jpa.JpaTransactionManager        : Exposing JPA transaction as JDBC [org.springframework.orm.jpa.vendor.HibernateJpaDialect$HibernateConnectionHandle@354d5692]
2025-12-03T17:26:14.739+01:00 DEBUG 33721 --- [smboutique-backend] [           main] org.hibernate.SQL                        : 
    insert 
    into
        permission
        (description, name) 
    values
        (?, ?)
Hibernate: 
    insert 
    into
        permission
        (description, name) 
    values
        (?, ?)
2025-12-03T17:26:14.740+01:00 DEBUG 33721 --- [smboutique-backend] [           main] o.s.orm.jpa.JpaTransactionManager        : Initiating transaction commit
2025-12-03T17:26:14.740+01:00 DEBUG 33721 --- [smboutique-backend] [           main] o.s.orm.jpa.JpaTransactionManager        : Committing JPA transaction on EntityManager [SessionImpl(1379121069<open>)]
2025-12-03T17:26:14.741+01:00 DEBUG 33721 --- [smboutique-backend] [           main] o.s.orm.jpa.JpaTransactionManager        : Closing JPA EntityManager [SessionImpl(1379121069<open>)] after transaction
2025-12-03T17:26:14.741+01:00 DEBUG 33721 --- [smboutique-backend] [           main] o.s.orm.jpa.JpaTransactionManager        : Creating new transaction with name [org.springframework.data.jpa.repository.support.SimpleJpaRepository.save]: PROPAGATION_REQUIRED,ISOLATION_DEFAULT
2025-12-03T17:26:14.742+01:00 DEBUG 33721 --- [smboutique-backend] [           main] o.s.orm.jpa.JpaTransactionManager        : Opened new EntityManager [SessionImpl(1700675404<open>)] for JPA transaction
2025-12-03T17:26:14.742+01:00 DEBUG 33721 --- [smboutique-backend] [           main] o.s.orm.jpa.JpaTransactionManager        : Exposing JPA transaction as JDBC [org.springframework.orm.jpa.vendor.HibernateJpaDialect$HibernateConnectionHandle@26e74d50]
2025-12-03T17:26:14.742+01:00 DEBUG 33721 --- [smboutique-backend] [           main] org.hibernate.SQL                        : 
    insert 
    into
        permission
        (description, name) 
    values
        (?, ?)
Hibernate: 
    insert 
    into
        permission
        (description, name) 
    values
        (?, ?)
2025-12-03T17:26:14.743+01:00 DEBUG 33721 --- [smboutique-backend] [           main] o.s.orm.jpa.JpaTransactionManager        : Initiating transaction commit
2025-12-03T17:26:14.743+01:00 DEBUG 33721 --- [smboutique-backend] [           main] o.s.orm.jpa.JpaTransactionManager        : Committing JPA transaction on EntityManager [SessionImpl(1700675404<open>)]
2025-12-03T17:26:14.745+01:00 DEBUG 33721 --- [smboutique-backend] [           main] o.s.orm.jpa.JpaTransactionManager        : Closing JPA EntityManager [SessionImpl(1700675404<open>)] after transaction
2025-12-03T17:26:14.745+01:00 DEBUG 33721 --- [smboutique-backend] [           main] o.s.orm.jpa.JpaTransactionManager        : Creating new transaction with name [org.springframework.data.jpa.repository.support.SimpleJpaRepository.save]: PROPAGATION_REQUIRED,ISOLATION_DEFAULT
2025-12-03T17:26:14.745+01:00 DEBUG 33721 --- [smboutique-backend] [           main] o.s.orm.jpa.JpaTransactionManager        : Opened new EntityManager [SessionImpl(200027521<open>)] for JPA transaction
2025-12-03T17:26:14.745+01:00 DEBUG 33721 --- [smboutique-backend] [           main] o.s.orm.jpa.JpaTransactionManager        : Exposing JPA transaction as JDBC [org.springframework.orm.jpa.vendor.HibernateJpaDialect$HibernateConnectionHandle@5f04449a]
2025-12-03T17:26:14.746+01:00 DEBUG 33721 --- [smboutique-backend] [           main] org.hibernate.SQL                        : 
    insert 
    into
        permission
        (description, name) 
    values
        (?, ?)
Hibernate: 
    insert 
    into
        permission
        (description, name) 
    values
        (?, ?)
2025-12-03T17:26:14.746+01:00 DEBUG 33721 --- [smboutique-backend] [           main] o.s.orm.jpa.JpaTransactionManager        : Initiating transaction commit
2025-12-03T17:26:14.746+01:00 DEBUG 33721 --- [smboutique-backend] [           main] o.s.orm.jpa.JpaTransactionManager        : Committing JPA transaction on EntityManager [SessionImpl(200027521<open>)]
2025-12-03T17:26:14.748+01:00 DEBUG 33721 --- [smboutique-backend] [           main] o.s.orm.jpa.JpaTransactionManager        : Closing JPA EntityManager [SessionImpl(200027521<open>)] after transaction
2025-12-03T17:26:14.748+01:00 DEBUG 33721 --- [smboutique-backend] [           main] o.s.orm.jpa.JpaTransactionManager        : Creating new transaction with name [org.springframework.data.jpa.repository.support.SimpleJpaRepository.save]: PROPAGATION_REQUIRED,ISOLATION_DEFAULT
2025-12-03T17:26:14.748+01:00 DEBUG 33721 --- [smboutique-backend] [           main] o.s.orm.jpa.JpaTransactionManager        : Opened new EntityManager [SessionImpl(586396179<open>)] for JPA transaction
2025-12-03T17:26:14.748+01:00 DEBUG 33721 --- [smboutique-backend] [           main] o.s.orm.jpa.JpaTransactionManager        : Exposing JPA transaction as JDBC [org.springframework.orm.jpa.vendor.HibernateJpaDialect$HibernateConnectionHandle@e18848d]
2025-12-03T17:26:14.749+01:00 DEBUG 33721 --- [smboutique-backend] [           main] org.hibernate.SQL                        : 
    insert 
    into
        permission
        (description, name) 
    values
        (?, ?)
Hibernate: 
    insert 
    into
        permission
        (description, name) 
    values
        (?, ?)
2025-12-03T17:26:14.749+01:00 DEBUG 33721 --- [smboutique-backend] [           main] o.s.orm.jpa.JpaTransactionManager        : Initiating transaction commit
2025-12-03T17:26:14.749+01:00 DEBUG 33721 --- [smboutique-backend] [           main] o.s.orm.jpa.JpaTransactionManager        : Committing JPA transaction on EntityManager [SessionImpl(586396179<open>)]
2025-12-03T17:26:14.750+01:00 DEBUG 33721 --- [smboutique-backend] [           main] o.s.orm.jpa.JpaTransactionManager        : Closing JPA EntityManager [SessionImpl(586396179<open>)] after transaction
2025-12-03T17:26:14.751+01:00 DEBUG 33721 --- [smboutique-backend] [           main] o.s.orm.jpa.JpaTransactionManager        : Creating new transaction with name [org.springframework.data.jpa.repository.support.SimpleJpaRepository.save]: PROPAGATION_REQUIRED,ISOLATION_DEFAULT
2025-12-03T17:26:14.751+01:00 DEBUG 33721 --- [smboutique-backend] [           main] o.s.orm.jpa.JpaTransactionManager        : Opened new EntityManager [SessionImpl(2029735807<open>)] for JPA transaction
2025-12-03T17:26:14.751+01:00 DEBUG 33721 --- [smboutique-backend] [           main] o.s.orm.jpa.JpaTransactionManager        : Exposing JPA transaction as JDBC [org.springframework.orm.jpa.vendor.HibernateJpaDialect$HibernateConnectionHandle@6a7c1725]
2025-12-03T17:26:14.751+01:00 DEBUG 33721 --- [smboutique-backend] [           main] org.hibernate.SQL                        : 
    insert 
    into
        permission
        (description, name) 
    values
        (?, ?)
Hibernate: 
    insert 
    into
        permission
        (description, name) 
    values
        (?, ?)
2025-12-03T17:26:14.752+01:00 DEBUG 33721 --- [smboutique-backend] [           main] o.s.orm.jpa.JpaTransactionManager        : Initiating transaction commit
2025-12-03T17:26:14.752+01:00 DEBUG 33721 --- [smboutique-backend] [           main] o.s.orm.jpa.JpaTransactionManager        : Committing JPA transaction on EntityManager [SessionImpl(2029735807<open>)]
2025-12-03T17:26:14.753+01:00 DEBUG 33721 --- [smboutique-backend] [           main] o.s.orm.jpa.JpaTransactionManager        : Closing JPA EntityManager [SessionImpl(2029735807<open>)] after transaction
2025-12-03T17:26:14.753+01:00 DEBUG 33721 --- [smboutique-backend] [           main] o.s.orm.jpa.JpaTransactionManager        : Creating new transaction with name [org.springframework.data.jpa.repository.support.SimpleJpaRepository.save]: PROPAGATION_REQUIRED,ISOLATION_DEFAULT
2025-12-03T17:26:14.754+01:00 DEBUG 33721 --- [smboutique-backend] [           main] o.s.orm.jpa.JpaTransactionManager        : Opened new EntityManager [SessionImpl(1078708872<open>)] for JPA transaction
2025-12-03T17:26:14.754+01:00 DEBUG 33721 --- [smboutique-backend] [           main] o.s.orm.jpa.JpaTransactionManager        : Exposing JPA transaction as JDBC [org.springframework.orm.jpa.vendor.HibernateJpaDialect$HibernateConnectionHandle@509cf379]
2025-12-03T17:26:14.754+01:00 DEBUG 33721 --- [smboutique-backend] [           main] org.hibernate.SQL                        : 
    insert 
    into
        permission
        (description, name) 
    values
        (?, ?)
Hibernate: 
    insert 
    into
        permission
        (description, name) 
    values
        (?, ?)
2025-12-03T17:26:14.755+01:00 DEBUG 33721 --- [smboutique-backend] [           main] o.s.orm.jpa.JpaTransactionManager        : Initiating transaction commit
2025-12-03T17:26:14.755+01:00 DEBUG 33721 --- [smboutique-backend] [           main] o.s.orm.jpa.JpaTransactionManager        : Committing JPA transaction on EntityManager [SessionImpl(1078708872<open>)]
2025-12-03T17:26:14.756+01:00 DEBUG 33721 --- [smboutique-backend] [           main] o.s.orm.jpa.JpaTransactionManager        : Closing JPA EntityManager [SessionImpl(1078708872<open>)] after transaction
2025-12-03T17:26:14.757+01:00 DEBUG 33721 --- [smboutique-backend] [           main] o.s.orm.jpa.JpaTransactionManager        : Creating new transaction with name [org.springframework.data.jpa.repository.support.SimpleJpaRepository.save]: PROPAGATION_REQUIRED,ISOLATION_DEFAULT
2025-12-03T17:26:14.757+01:00 DEBUG 33721 --- [smboutique-backend] [           main] o.s.orm.jpa.JpaTransactionManager        : Opened new EntityManager [SessionImpl(256764725<open>)] for JPA transaction
2025-12-03T17:26:14.757+01:00 DEBUG 33721 --- [smboutique-backend] [           main] o.s.orm.jpa.JpaTransactionManager        : Exposing JPA transaction as JDBC [org.springframework.orm.jpa.vendor.HibernateJpaDialect$HibernateConnectionHandle@4ec0c727]
2025-12-03T17:26:14.757+01:00 DEBUG 33721 --- [smboutique-backend] [           main] org.hibernate.SQL                        : 
    insert 
    into
        permission
        (description, name) 
    values
        (?, ?)
Hibernate: 
    insert 
    into
        permission
        (description, name) 
    values
        (?, ?)
2025-12-03T17:26:14.758+01:00 DEBUG 33721 --- [smboutique-backend] [           main] o.s.orm.jpa.JpaTransactionManager        : Initiating transaction commit
2025-12-03T17:26:14.758+01:00 DEBUG 33721 --- [smboutique-backend] [           main] o.s.orm.jpa.JpaTransactionManager        : Committing JPA transaction on EntityManager [SessionImpl(256764725<open>)]
2025-12-03T17:26:14.759+01:00 DEBUG 33721 --- [smboutique-backend] [           main] o.s.orm.jpa.JpaTransactionManager        : Closing JPA EntityManager [SessionImpl(256764725<open>)] after transaction
2025-12-03T17:26:14.759+01:00 DEBUG 33721 --- [smboutique-backend] [           main] o.s.orm.jpa.JpaTransactionManager        : Creating new transaction with name [org.springframework.data.jpa.repository.support.SimpleJpaRepository.save]: PROPAGATION_REQUIRED,ISOLATION_DEFAULT
2025-12-03T17:26:14.759+01:00 DEBUG 33721 --- [smboutique-backend] [           main] o.s.orm.jpa.JpaTransactionManager        : Opened new EntityManager [SessionImpl(2019409466<open>)] for JPA transaction
2025-12-03T17:26:14.760+01:00 DEBUG 33721 --- [smboutique-backend] [           main] o.s.orm.jpa.JpaTransactionManager        : Exposing JPA transaction as JDBC [org.springframework.orm.jpa.vendor.HibernateJpaDialect$HibernateConnectionHandle@58230224]
2025-12-03T17:26:14.760+01:00 DEBUG 33721 --- [smboutique-backend] [           main] org.hibernate.SQL                        : 
    insert 
    into
        permission
        (description, name) 
    values
        (?, ?)
Hibernate: 
    insert 
    into
        permission
        (description, name) 
    values
        (?, ?)
2025-12-03T17:26:14.761+01:00 DEBUG 33721 --- [smboutique-backend] [           main] o.s.orm.jpa.JpaTransactionManager        : Initiating transaction commit
2025-12-03T17:26:14.761+01:00 DEBUG 33721 --- [smboutique-backend] [           main] o.s.orm.jpa.JpaTransactionManager        : Committing JPA transaction on EntityManager [SessionImpl(2019409466<open>)]
2025-12-03T17:26:14.762+01:00 DEBUG 33721 --- [smboutique-backend] [           main] o.s.orm.jpa.JpaTransactionManager        : Closing JPA EntityManager [SessionImpl(2019409466<open>)] after transaction
2025-12-03T17:26:14.762+01:00 DEBUG 33721 --- [smboutique-backend] [           main] o.s.orm.jpa.JpaTransactionManager        : Creating new transaction with name [org.springframework.data.jpa.repository.support.SimpleJpaRepository.save]: PROPAGATION_REQUIRED,ISOLATION_DEFAULT
2025-12-03T17:26:14.762+01:00 DEBUG 33721 --- [smboutique-backend] [           main] o.s.orm.jpa.JpaTransactionManager        : Opened new EntityManager [SessionImpl(1028340628<open>)] for JPA transaction
2025-12-03T17:26:14.762+01:00 DEBUG 33721 --- [smboutique-backend] [           main] o.s.orm.jpa.JpaTransactionManager        : Exposing JPA transaction as JDBC [org.springframework.orm.jpa.vendor.HibernateJpaDialect$HibernateConnectionHandle@28b5cee]
2025-12-03T17:26:14.763+01:00 DEBUG 33721 --- [smboutique-backend] [           main] org.hibernate.SQL                        : 
    insert 
    into
        permission
        (description, name) 
    values
        (?, ?)
Hibernate: 
    insert 
    into
        permission
        (description, name) 
    values
        (?, ?)
2025-12-03T17:26:14.764+01:00 DEBUG 33721 --- [smboutique-backend] [           main] o.s.orm.jpa.JpaTransactionManager        : Initiating transaction commit
2025-12-03T17:26:14.764+01:00 DEBUG 33721 --- [smboutique-backend] [           main] o.s.orm.jpa.JpaTransactionManager        : Committing JPA transaction on EntityManager [SessionImpl(1028340628<open>)]
2025-12-03T17:26:14.768+01:00 DEBUG 33721 --- [smboutique-backend] [           main] o.s.orm.jpa.JpaTransactionManager        : Closing JPA EntityManager [SessionImpl(1028340628<open>)] after transaction
2025-12-03T17:26:14.768+01:00 DEBUG 33721 --- [smboutique-backend] [           main] o.s.orm.jpa.JpaTransactionManager        : Creating new transaction with name [org.springframework.data.jpa.repository.support.SimpleJpaRepository.save]: PROPAGATION_REQUIRED,ISOLATION_DEFAULT
2025-12-03T17:26:14.769+01:00 DEBUG 33721 --- [smboutique-backend] [           main] o.s.orm.jpa.JpaTransactionManager        : Opened new EntityManager [SessionImpl(1397010952<open>)] for JPA transaction
2025-12-03T17:26:14.769+01:00 DEBUG 33721 --- [smboutique-backend] [           main] o.s.orm.jpa.JpaTransactionManager        : Exposing JPA transaction as JDBC [org.springframework.orm.jpa.vendor.HibernateJpaDialect$HibernateConnectionHandle@30769e7a]
2025-12-03T17:26:14.769+01:00 DEBUG 33721 --- [smboutique-backend] [           main] org.hibernate.SQL                        : 
    insert 
    into
        permission
        (description, name) 
    values
        (?, ?)
Hibernate: 
    insert 
    into
        permission
        (description, name) 
    values
        (?, ?)
2025-12-03T17:26:14.770+01:00 DEBUG 33721 --- [smboutique-backend] [           main] o.s.orm.jpa.JpaTransactionManager        : Initiating transaction commit
2025-12-03T17:26:14.770+01:00 DEBUG 33721 --- [smboutique-backend] [           main] o.s.orm.jpa.JpaTransactionManager        : Committing JPA transaction on EntityManager [SessionImpl(1397010952<open>)]
2025-12-03T17:26:14.771+01:00 DEBUG 33721 --- [smboutique-backend] [           main] o.s.orm.jpa.JpaTransactionManager        : Closing JPA EntityManager [SessionImpl(1397010952<open>)] after transaction
2025-12-03T17:26:14.772+01:00 DEBUG 33721 --- [smboutique-backend] [           main] o.s.orm.jpa.JpaTransactionManager        : Creating new transaction with name [org.springframework.data.jpa.repository.support.SimpleJpaRepository.save]: PROPAGATION_REQUIRED,ISOLATION_DEFAULT
2025-12-03T17:26:14.772+01:00 DEBUG 33721 --- [smboutique-backend] [           main] o.s.orm.jpa.JpaTransactionManager        : Opened new EntityManager [SessionImpl(570162645<open>)] for JPA transaction
2025-12-03T17:26:14.772+01:00 DEBUG 33721 --- [smboutique-backend] [           main] o.s.orm.jpa.JpaTransactionManager        : Exposing JPA transaction as JDBC [org.springframework.orm.jpa.vendor.HibernateJpaDialect$HibernateConnectionHandle@656bd8e]
2025-12-03T17:26:14.772+01:00 DEBUG 33721 --- [smboutique-backend] [           main] org.hibernate.SQL                        : 
    insert 
    into
        permission
        (description, name) 
    values
        (?, ?)
Hibernate: 
    insert 
    into
        permission
        (description, name) 
    values
        (?, ?)
2025-12-03T17:26:14.773+01:00 DEBUG 33721 --- [smboutique-backend] [           main] o.s.orm.jpa.JpaTransactionManager        : Initiating transaction commit
2025-12-03T17:26:14.773+01:00 DEBUG 33721 --- [smboutique-backend] [           main] o.s.orm.jpa.JpaTransactionManager        : Committing JPA transaction on EntityManager [SessionImpl(570162645<open>)]
2025-12-03T17:26:14.775+01:00 DEBUG 33721 --- [smboutique-backend] [           main] o.s.orm.jpa.JpaTransactionManager        : Closing JPA EntityManager [SessionImpl(570162645<open>)] after transaction
2025-12-03T17:26:14.775+01:00 DEBUG 33721 --- [smboutique-backend] [           main] o.s.orm.jpa.JpaTransactionManager        : Creating new transaction with name [org.springframework.data.jpa.repository.support.SimpleJpaRepository.save]: PROPAGATION_REQUIRED,ISOLATION_DEFAULT
2025-12-03T17:26:14.775+01:00 DEBUG 33721 --- [smboutique-backend] [           main] o.s.orm.jpa.JpaTransactionManager        : Opened new EntityManager [SessionImpl(1055103516<open>)] for JPA transaction
2025-12-03T17:26:14.775+01:00 DEBUG 33721 --- [smboutique-backend] [           main] o.s.orm.jpa.JpaTransactionManager        : Exposing JPA transaction as JDBC [org.springframework.orm.jpa.vendor.HibernateJpaDialect$HibernateConnectionHandle@6921e251]
2025-12-03T17:26:14.776+01:00 DEBUG 33721 --- [smboutique-backend] [           main] org.hibernate.SQL                        : 
    insert 
    into
        permission
        (description, name) 
    values
        (?, ?)
Hibernate: 
    insert 
    into
        permission
        (description, name) 
    values
        (?, ?)
2025-12-03T17:26:14.776+01:00 DEBUG 33721 --- [smboutique-backend] [           main] o.s.orm.jpa.JpaTransactionManager        : Initiating transaction commit
2025-12-03T17:26:14.776+01:00 DEBUG 33721 --- [smboutique-backend] [           main] o.s.orm.jpa.JpaTransactionManager        : Committing JPA transaction on EntityManager [SessionImpl(1055103516<open>)]
2025-12-03T17:26:14.778+01:00 DEBUG 33721 --- [smboutique-backend] [           main] o.s.orm.jpa.JpaTransactionManager        : Closing JPA EntityManager [SessionImpl(1055103516<open>)] after transaction
2025-12-03T17:26:14.778+01:00 DEBUG 33721 --- [smboutique-backend] [           main] o.s.orm.jpa.JpaTransactionManager        : Creating new transaction with name [org.springframework.data.jpa.repository.support.SimpleJpaRepository.save]: PROPAGATION_REQUIRED,ISOLATION_DEFAULT
2025-12-03T17:26:14.778+01:00 DEBUG 33721 --- [smboutique-backend] [           main] o.s.orm.jpa.JpaTransactionManager        : Opened new EntityManager [SessionImpl(103563693<open>)] for JPA transaction
2025-12-03T17:26:14.778+01:00 DEBUG 33721 --- [smboutique-backend] [           main] o.s.orm.jpa.JpaTransactionManager        : Exposing JPA transaction as JDBC [org.springframework.orm.jpa.vendor.HibernateJpaDialect$HibernateConnectionHandle@3027fe42]
2025-12-03T17:26:14.778+01:00 DEBUG 33721 --- [smboutique-backend] [           main] org.hibernate.SQL                        : 
    insert 
    into
        permission
        (description, name) 
    values
        (?, ?)
Hibernate: 
    insert 
    into
        permission
        (description, name) 
    values
        (?, ?)
2025-12-03T17:26:14.779+01:00 DEBUG 33721 --- [smboutique-backend] [           main] o.s.orm.jpa.JpaTransactionManager        : Initiating transaction commit
2025-12-03T17:26:14.779+01:00 DEBUG 33721 --- [smboutique-backend] [           main] o.s.orm.jpa.JpaTransactionManager        : Committing JPA transaction on EntityManager [SessionImpl(103563693<open>)]
2025-12-03T17:26:14.781+01:00 DEBUG 33721 --- [smboutique-backend] [           main] o.s.orm.jpa.JpaTransactionManager        : Closing JPA EntityManager [SessionImpl(103563693<open>)] after transaction
2025-12-03T17:26:14.781+01:00 DEBUG 33721 --- [smboutique-backend] [           main] o.s.orm.jpa.JpaTransactionManager        : Creating new transaction with name [org.springframework.data.jpa.repository.support.SimpleJpaRepository.save]: PROPAGATION_REQUIRED,ISOLATION_DEFAULT
2025-12-03T17:26:14.781+01:00 DEBUG 33721 --- [smboutique-backend] [           main] o.s.orm.jpa.JpaTransactionManager        : Opened new EntityManager [SessionImpl(1854285798<open>)] for JPA transaction
2025-12-03T17:26:14.781+01:00 DEBUG 33721 --- [smboutique-backend] [           main] o.s.orm.jpa.JpaTransactionManager        : Exposing JPA transaction as JDBC [org.springframework.orm.jpa.vendor.HibernateJpaDialect$HibernateConnectionHandle@36bf903c]
2025-12-03T17:26:14.782+01:00 DEBUG 33721 --- [smboutique-backend] [           main] org.hibernate.SQL                        : 
    insert 
    into
        permission
        (description, name) 
    values
        (?, ?)
Hibernate: 
    insert 
    into
        permission
        (description, name) 
    values
        (?, ?)
2025-12-03T17:26:14.783+01:00 DEBUG 33721 --- [smboutique-backend] [           main] o.s.orm.jpa.JpaTransactionManager        : Initiating transaction commit
2025-12-03T17:26:14.783+01:00 DEBUG 33721 --- [smboutique-backend] [           main] o.s.orm.jpa.JpaTransactionManager        : Committing JPA transaction on EntityManager [SessionImpl(1854285798<open>)]
2025-12-03T17:26:14.784+01:00 DEBUG 33721 --- [smboutique-backend] [           main] o.s.orm.jpa.JpaTransactionManager        : Closing JPA EntityManager [SessionImpl(1854285798<open>)] after transaction
2025-12-03T17:26:14.784+01:00 DEBUG 33721 --- [smboutique-backend] [           main] o.s.orm.jpa.JpaTransactionManager        : Creating new transaction with name [org.springframework.data.jpa.repository.support.SimpleJpaRepository.save]: PROPAGATION_REQUIRED,ISOLATION_DEFAULT
2025-12-03T17:26:14.784+01:00 DEBUG 33721 --- [smboutique-backend] [           main] o.s.orm.jpa.JpaTransactionManager        : Opened new EntityManager [SessionImpl(878783401<open>)] for JPA transaction
2025-12-03T17:26:14.785+01:00 DEBUG 33721 --- [smboutique-backend] [           main] o.s.orm.jpa.JpaTransactionManager        : Exposing JPA transaction as JDBC [org.springframework.orm.jpa.vendor.HibernateJpaDialect$HibernateConnectionHandle@765611c9]
2025-12-03T17:26:14.785+01:00 DEBUG 33721 --- [smboutique-backend] [           main] org.hibernate.SQL                        : 
    insert 
    into
        permission
        (description, name) 
    values
        (?, ?)
Hibernate: 
    insert 
    into
        permission
        (description, name) 
    values
        (?, ?)
2025-12-03T17:26:14.786+01:00 DEBUG 33721 --- [smboutique-backend] [           main] o.s.orm.jpa.JpaTransactionManager        : Initiating transaction commit
2025-12-03T17:26:14.786+01:00 DEBUG 33721 --- [smboutique-backend] [           main] o.s.orm.jpa.JpaTransactionManager        : Committing JPA transaction on EntityManager [SessionImpl(878783401<open>)]
2025-12-03T17:26:14.787+01:00 DEBUG 33721 --- [smboutique-backend] [           main] o.s.orm.jpa.JpaTransactionManager        : Closing JPA EntityManager [SessionImpl(878783401<open>)] after transaction
2025-12-03T17:26:14.787+01:00 DEBUG 33721 --- [smboutique-backend] [           main] o.s.orm.jpa.JpaTransactionManager        : Creating new transaction with name [org.springframework.data.jpa.repository.support.SimpleJpaRepository.save]: PROPAGATION_REQUIRED,ISOLATION_DEFAULT
2025-12-03T17:26:14.787+01:00 DEBUG 33721 --- [smboutique-backend] [           main] o.s.orm.jpa.JpaTransactionManager        : Opened new EntityManager [SessionImpl(730137319<open>)] for JPA transaction
2025-12-03T17:26:14.787+01:00 DEBUG 33721 --- [smboutique-backend] [           main] o.s.orm.jpa.JpaTransactionManager        : Exposing JPA transaction as JDBC [org.springframework.orm.jpa.vendor.HibernateJpaDialect$HibernateConnectionHandle@37669c4]
2025-12-03T17:26:14.788+01:00 DEBUG 33721 --- [smboutique-backend] [           main] org.hibernate.SQL                        : 
    insert 
    into
        permission
        (description, name) 
    values
        (?, ?)
Hibernate: 
    insert 
    into
        permission
        (description, name) 
    values
        (?, ?)
2025-12-03T17:26:14.789+01:00 DEBUG 33721 --- [smboutique-backend] [           main] o.s.orm.jpa.JpaTransactionManager        : Initiating transaction commit
2025-12-03T17:26:14.789+01:00 DEBUG 33721 --- [smboutique-backend] [           main] o.s.orm.jpa.JpaTransactionManager        : Committing JPA transaction on EntityManager [SessionImpl(730137319<open>)]
2025-12-03T17:26:14.790+01:00 DEBUG 33721 --- [smboutique-backend] [           main] o.s.orm.jpa.JpaTransactionManager        : Closing JPA EntityManager [SessionImpl(730137319<open>)] after transaction
2025-12-03T17:26:14.790+01:00 DEBUG 33721 --- [smboutique-backend] [           main] o.s.orm.jpa.JpaTransactionManager        : Creating new transaction with name [org.springframework.data.jpa.repository.support.SimpleJpaRepository.save]: PROPAGATION_REQUIRED,ISOLATION_DEFAULT
2025-12-03T17:26:14.790+01:00 DEBUG 33721 --- [smboutique-backend] [           main] o.s.orm.jpa.JpaTransactionManager        : Opened new EntityManager [SessionImpl(473485349<open>)] for JPA transaction
2025-12-03T17:26:14.790+01:00 DEBUG 33721 --- [smboutique-backend] [           main] o.s.orm.jpa.JpaTransactionManager        : Exposing JPA transaction as JDBC [org.springframework.orm.jpa.vendor.HibernateJpaDialect$HibernateConnectionHandle@48b85dc5]
2025-12-03T17:26:14.791+01:00 DEBUG 33721 --- [smboutique-backend] [           main] org.hibernate.SQL                        : 
    insert 
    into
        permission
        (description, name) 
    values
        (?, ?)
Hibernate: 
    insert 
    into
        permission
        (description, name) 
    values
        (?, ?)
2025-12-03T17:26:14.792+01:00 DEBUG 33721 --- [smboutique-backend] [           main] o.s.orm.jpa.JpaTransactionManager        : Initiating transaction commit
2025-12-03T17:26:14.792+01:00 DEBUG 33721 --- [smboutique-backend] [           main] o.s.orm.jpa.JpaTransactionManager        : Committing JPA transaction on EntityManager [SessionImpl(473485349<open>)]
2025-12-03T17:26:14.793+01:00 DEBUG 33721 --- [smboutique-backend] [           main] o.s.orm.jpa.JpaTransactionManager        : Closing JPA EntityManager [SessionImpl(473485349<open>)] after transaction
2025-12-03T17:26:14.793+01:00 DEBUG 33721 --- [smboutique-backend] [           main] o.s.orm.jpa.JpaTransactionManager        : Creating new transaction with name [org.springframework.data.jpa.repository.support.SimpleJpaRepository.save]: PROPAGATION_REQUIRED,ISOLATION_DEFAULT
2025-12-03T17:26:14.793+01:00 DEBUG 33721 --- [smboutique-backend] [           main] o.s.orm.jpa.JpaTransactionManager        : Opened new EntityManager [SessionImpl(2038152878<open>)] for JPA transaction
2025-12-03T17:26:14.793+01:00 DEBUG 33721 --- [smboutique-backend] [           main] o.s.orm.jpa.JpaTransactionManager        : Exposing JPA transaction as JDBC [org.springframework.orm.jpa.vendor.HibernateJpaDialect$HibernateConnectionHandle@1643e817]
2025-12-03T17:26:14.794+01:00 DEBUG 33721 --- [smboutique-backend] [           main] org.hibernate.SQL                        : 
    insert 
    into
        permission
        (description, name) 
    values
        (?, ?)
Hibernate: 
    insert 
    into
        permission
        (description, name) 
    values
        (?, ?)
2025-12-03T17:26:14.794+01:00 DEBUG 33721 --- [smboutique-backend] [           main] o.s.orm.jpa.JpaTransactionManager        : Initiating transaction commit
2025-12-03T17:26:14.794+01:00 DEBUG 33721 --- [smboutique-backend] [           main] o.s.orm.jpa.JpaTransactionManager        : Committing JPA transaction on EntityManager [SessionImpl(2038152878<open>)]
2025-12-03T17:26:14.795+01:00 DEBUG 33721 --- [smboutique-backend] [           main] o.s.orm.jpa.JpaTransactionManager        : Closing JPA EntityManager [SessionImpl(2038152878<open>)] after transaction
2025-12-03T17:26:14.796+01:00 DEBUG 33721 --- [smboutique-backend] [           main] o.s.orm.jpa.JpaTransactionManager        : Creating new transaction with name [org.springframework.data.jpa.repository.support.SimpleJpaRepository.save]: PROPAGATION_REQUIRED,ISOLATION_DEFAULT
2025-12-03T17:26:14.796+01:00 DEBUG 33721 --- [smboutique-backend] [           main] o.s.orm.jpa.JpaTransactionManager        : Opened new EntityManager [SessionImpl(1135894135<open>)] for JPA transaction
2025-12-03T17:26:14.796+01:00 DEBUG 33721 --- [smboutique-backend] [           main] o.s.orm.jpa.JpaTransactionManager        : Exposing JPA transaction as JDBC [org.springframework.orm.jpa.vendor.HibernateJpaDialect$HibernateConnectionHandle@71639428]
2025-12-03T17:26:14.796+01:00 DEBUG 33721 --- [smboutique-backend] [           main] org.hibernate.SQL                        : 
    insert 
    into
        permission
        (description, name) 
    values
        (?, ?)
Hibernate: 
    insert 
    into
        permission
        (description, name) 
    values
        (?, ?)
2025-12-03T17:26:14.797+01:00 DEBUG 33721 --- [smboutique-backend] [           main] o.s.orm.jpa.JpaTransactionManager        : Initiating transaction commit
2025-12-03T17:26:14.797+01:00 DEBUG 33721 --- [smboutique-backend] [           main] o.s.orm.jpa.JpaTransactionManager        : Committing JPA transaction on EntityManager [SessionImpl(1135894135<open>)]
2025-12-03T17:26:14.799+01:00 DEBUG 33721 --- [smboutique-backend] [           main] o.s.orm.jpa.JpaTransactionManager        : Closing JPA EntityManager [SessionImpl(1135894135<open>)] after transaction
2025-12-03T17:26:14.799+01:00 DEBUG 33721 --- [smboutique-backend] [           main] o.s.orm.jpa.JpaTransactionManager        : Creating new transaction with name [org.springframework.data.jpa.repository.support.SimpleJpaRepository.save]: PROPAGATION_REQUIRED,ISOLATION_DEFAULT
2025-12-03T17:26:14.799+01:00 DEBUG 33721 --- [smboutique-backend] [           main] o.s.orm.jpa.JpaTransactionManager        : Opened new EntityManager [SessionImpl(454234370<open>)] for JPA transaction
2025-12-03T17:26:14.799+01:00 DEBUG 33721 --- [smboutique-backend] [           main] o.s.orm.jpa.JpaTransactionManager        : Exposing JPA transaction as JDBC [org.springframework.orm.jpa.vendor.HibernateJpaDialect$HibernateConnectionHandle@75be3cdf]
2025-12-03T17:26:14.800+01:00 DEBUG 33721 --- [smboutique-backend] [           main] org.hibernate.SQL                        : 
    insert 
    into
        permission
        (description, name) 
    values
        (?, ?)
Hibernate: 
    insert 
    into
        permission
        (description, name) 
    values
        (?, ?)
2025-12-03T17:26:14.800+01:00 DEBUG 33721 --- [smboutique-backend] [           main] o.s.orm.jpa.JpaTransactionManager        : Initiating transaction commit
2025-12-03T17:26:14.801+01:00 DEBUG 33721 --- [smboutique-backend] [           main] o.s.orm.jpa.JpaTransactionManager        : Committing JPA transaction on EntityManager [SessionImpl(454234370<open>)]
2025-12-03T17:26:14.802+01:00 DEBUG 33721 --- [smboutique-backend] [           main] o.s.orm.jpa.JpaTransactionManager        : Closing JPA EntityManager [SessionImpl(454234370<open>)] after transaction
2025-12-03T17:26:14.802+01:00 DEBUG 33721 --- [smboutique-backend] [           main] o.s.orm.jpa.JpaTransactionManager        : Creating new transaction with name [org.springframework.data.jpa.repository.support.SimpleJpaRepository.save]: PROPAGATION_REQUIRED,ISOLATION_DEFAULT
2025-12-03T17:26:14.802+01:00 DEBUG 33721 --- [smboutique-backend] [           main] o.s.orm.jpa.JpaTransactionManager        : Opened new EntityManager [SessionImpl(623080203<open>)] for JPA transaction
2025-12-03T17:26:14.802+01:00 DEBUG 33721 --- [smboutique-backend] [           main] o.s.orm.jpa.JpaTransactionManager        : Exposing JPA transaction as JDBC [org.springframework.orm.jpa.vendor.HibernateJpaDialect$HibernateConnectionHandle@25c887ca]
2025-12-03T17:26:14.803+01:00 DEBUG 33721 --- [smboutique-backend] [           main] org.hibernate.SQL                        : 
    insert 
    into
        permission
        (description, name) 
    values
        (?, ?)
Hibernate: 
    insert 
    into
        permission
        (description, name) 
    values
        (?, ?)
2025-12-03T17:26:14.803+01:00 DEBUG 33721 --- [smboutique-backend] [           main] o.s.orm.jpa.JpaTransactionManager        : Initiating transaction commit
2025-12-03T17:26:14.803+01:00 DEBUG 33721 --- [smboutique-backend] [           main] o.s.orm.jpa.JpaTransactionManager        : Committing JPA transaction on EntityManager [SessionImpl(623080203<open>)]
2025-12-03T17:26:14.804+01:00 DEBUG 33721 --- [smboutique-backend] [           main] o.s.orm.jpa.JpaTransactionManager        : Closing JPA EntityManager [SessionImpl(623080203<open>)] after transaction
2025-12-03T17:26:14.804+01:00  INFO 33721 --- [smboutique-backend] [           main] c.smboutique.api.config.DataInitializer  : Created 38 permissions
2025-12-03T17:26:14.804+01:00  INFO 33721 --- [smboutique-backend] [           main] c.smboutique.api.config.DataInitializer  : Initializing roles...
2025-12-03T17:26:14.805+01:00 DEBUG 33721 --- [smboutique-backend] [           main] o.s.orm.jpa.JpaTransactionManager        : Creating new transaction with name [org.springframework.data.jpa.repository.support.SimpleJpaRepository.count]: PROPAGATION_REQUIRED,ISOLATION_DEFAULT,readOnly
2025-12-03T17:26:14.805+01:00 DEBUG 33721 --- [smboutique-backend] [           main] o.s.orm.jpa.JpaTransactionManager        : Opened new EntityManager [SessionImpl(582953485<open>)] for JPA transaction
2025-12-03T17:26:14.805+01:00 DEBUG 33721 --- [smboutique-backend] [           main] o.s.orm.jpa.JpaTransactionManager        : Exposing JPA transaction as JDBC [org.springframework.orm.jpa.vendor.HibernateJpaDialect$HibernateConnectionHandle@61774805]
2025-12-03T17:26:14.807+01:00  WARN 33721 --- [smboutique-backend] [           main] org.hibernate.orm.deprecation            : HHH90000021: Encountered deprecated setting [javax.persistence.query.timeout], use [jakarta.persistence.query.timeout] instead
2025-12-03T17:26:14.807+01:00 DEBUG 33721 --- [smboutique-backend] [           main] org.hibernate.SQL                        : 
    select
        count(*) 
    from
        role r1_0
Hibernate: 
    select
        count(*) 
    from
        role r1_0
2025-12-03T17:26:14.808+01:00 DEBUG 33721 --- [smboutique-backend] [           main] o.s.orm.jpa.JpaTransactionManager        : Initiating transaction commit
2025-12-03T17:26:14.808+01:00 DEBUG 33721 --- [smboutique-backend] [           main] o.s.orm.jpa.JpaTransactionManager        : Committing JPA transaction on EntityManager [SessionImpl(582953485<open>)]
2025-12-03T17:26:14.808+01:00 DEBUG 33721 --- [smboutique-backend] [           main] o.s.orm.jpa.JpaTransactionManager        : Closing JPA EntityManager [SessionImpl(582953485<open>)] after transaction
2025-12-03T17:26:14.808+01:00 DEBUG 33721 --- [smboutique-backend] [           main] c.smboutique.api.config.DataInitializer  : Creating role: SUPERADMIN
2025-12-03T17:26:14.811+01:00 DEBUG 33721 --- [smboutique-backend] [           main] tor$SharedEntityManagerInvocationHandler : Creating new EntityManager for shared EntityManager invocation
2025-12-03T17:26:14.814+01:00  WARN 33721 --- [smboutique-backend] [           main] org.hibernate.orm.deprecation            : HHH90000021: Encountered deprecated setting [javax.persistence.query.timeout], use [jakarta.persistence.query.timeout] instead
2025-12-03T17:26:14.849+01:00 DEBUG 33721 --- [smboutique-backend] [           main] org.hibernate.SQL                        : 
    select
        p1_0.id_permission,
        p1_0.description,
        p1_0.name 
    from
        permission p1_0 
    where
        p1_0.name=?
Hibernate: 
    select
        p1_0.id_permission,
        p1_0.description,
        p1_0.name 
    from
        permission p1_0 
    where
        p1_0.name=?
2025-12-03T17:26:14.852+01:00 DEBUG 33721 --- [smboutique-backend] [           main] tor$SharedEntityManagerInvocationHandler : Creating new EntityManager for shared EntityManager invocation
2025-12-03T17:26:14.852+01:00  WARN 33721 --- [smboutique-backend] [           main] org.hibernate.orm.deprecation            : HHH90000021: Encountered deprecated setting [javax.persistence.query.timeout], use [jakarta.persistence.query.timeout] instead
2025-12-03T17:26:14.853+01:00 DEBUG 33721 --- [smboutique-backend] [           main] org.hibernate.SQL                        : 
    select
        p1_0.id_permission,
        p1_0.description,
        p1_0.name 
    from
        permission p1_0 
    where
        p1_0.name=?
Hibernate: 
    select
        p1_0.id_permission,
        p1_0.description,
        p1_0.name 
    from
        permission p1_0 
    where
        p1_0.name=?
2025-12-03T17:26:14.854+01:00 DEBUG 33721 --- [smboutique-backend] [           main] tor$SharedEntityManagerInvocationHandler : Creating new EntityManager for shared EntityManager invocation
2025-12-03T17:26:14.854+01:00  WARN 33721 --- [smboutique-backend] [           main] org.hibernate.orm.deprecation            : HHH90000021: Encountered deprecated setting [javax.persistence.query.timeout], use [jakarta.persistence.query.timeout] instead
2025-12-03T17:26:14.855+01:00 DEBUG 33721 --- [smboutique-backend] [           main] org.hibernate.SQL                        : 
    select
        p1_0.id_permission,
        p1_0.description,
        p1_0.name 
    from
        permission p1_0 
    where
        p1_0.name=?
Hibernate: 
    select
        p1_0.id_permission,
        p1_0.description,
        p1_0.name 
    from
        permission p1_0 
    where
        p1_0.name=?
2025-12-03T17:26:14.856+01:00 DEBUG 33721 --- [smboutique-backend] [           main] tor$SharedEntityManagerInvocationHandler : Creating new EntityManager for shared EntityManager invocation
2025-12-03T17:26:14.857+01:00  WARN 33721 --- [smboutique-backend] [           main] org.hibernate.orm.deprecation            : HHH90000021: Encountered deprecated setting [javax.persistence.query.timeout], use [jakarta.persistence.query.timeout] instead
2025-12-03T17:26:14.857+01:00 DEBUG 33721 --- [smboutique-backend] [           main] org.hibernate.SQL                        : 
    select
        p1_0.id_permission,
        p1_0.description,
        p1_0.name 
    from
        permission p1_0 
    where
        p1_0.name=?
Hibernate: 
    select
        p1_0.id_permission,
        p1_0.description,
        p1_0.name 
    from
        permission p1_0 
    where
        p1_0.name=?
2025-12-03T17:26:14.858+01:00 DEBUG 33721 --- [smboutique-backend] [           main] tor$SharedEntityManagerInvocationHandler : Creating new EntityManager for shared EntityManager invocation
2025-12-03T17:26:14.859+01:00  WARN 33721 --- [smboutique-backend] [           main] org.hibernate.orm.deprecation            : HHH90000021: Encountered deprecated setting [javax.persistence.query.timeout], use [jakarta.persistence.query.timeout] instead
2025-12-03T17:26:14.859+01:00 DEBUG 33721 --- [smboutique-backend] [           main] org.hibernate.SQL                        : 
    select
        p1_0.id_permission,
        p1_0.description,
        p1_0.name 
    from
        permission p1_0 
    where
        p1_0.name=?
Hibernate: 
    select
        p1_0.id_permission,
        p1_0.description,
        p1_0.name 
    from
        permission p1_0 
    where
        p1_0.name=?
2025-12-03T17:26:14.860+01:00 DEBUG 33721 --- [smboutique-backend] [           main] tor$SharedEntityManagerInvocationHandler : Creating new EntityManager for shared EntityManager invocation
2025-12-03T17:26:14.861+01:00  WARN 33721 --- [smboutique-backend] [           main] org.hibernate.orm.deprecation            : HHH90000021: Encountered deprecated setting [javax.persistence.query.timeout], use [jakarta.persistence.query.timeout] instead
2025-12-03T17:26:14.861+01:00 DEBUG 33721 --- [smboutique-backend] [           main] org.hibernate.SQL                        : 
    select
        p1_0.id_permission,
        p1_0.description,
        p1_0.name 
    from
        permission p1_0 
    where
        p1_0.name=?
Hibernate: 
    select
        p1_0.id_permission,
        p1_0.description,
        p1_0.name 
    from
        permission p1_0 
    where
        p1_0.name=?
2025-12-03T17:26:14.863+01:00 DEBUG 33721 --- [smboutique-backend] [           main] tor$SharedEntityManagerInvocationHandler : Creating new EntityManager for shared EntityManager invocation
2025-12-03T17:26:14.863+01:00  WARN 33721 --- [smboutique-backend] [           main] org.hibernate.orm.deprecation            : HHH90000021: Encountered deprecated setting [javax.persistence.query.timeout], use [jakarta.persistence.query.timeout] instead
2025-12-03T17:26:14.864+01:00 DEBUG 33721 --- [smboutique-backend] [           main] org.hibernate.SQL                        : 
    select
        p1_0.id_permission,
        p1_0.description,
        p1_0.name 
    from
        permission p1_0 
    where
        p1_0.name=?
Hibernate: 
    select
        p1_0.id_permission,
        p1_0.description,
        p1_0.name 
    from
        permission p1_0 
    where
        p1_0.name=?
2025-12-03T17:26:14.865+01:00 DEBUG 33721 --- [smboutique-backend] [           main] tor$SharedEntityManagerInvocationHandler : Creating new EntityManager for shared EntityManager invocation
2025-12-03T17:26:14.866+01:00  WARN 33721 --- [smboutique-backend] [           main] org.hibernate.orm.deprecation            : HHH90000021: Encountered deprecated setting [javax.persistence.query.timeout], use [jakarta.persistence.query.timeout] instead
2025-12-03T17:26:14.867+01:00 DEBUG 33721 --- [smboutique-backend] [           main] org.hibernate.SQL                        : 
    select
        p1_0.id_permission,
        p1_0.description,
        p1_0.name 
    from
        permission p1_0 
    where
        p1_0.name=?
Hibernate: 
    select
        p1_0.id_permission,
        p1_0.description,
        p1_0.name 
    from
        permission p1_0 
    where
        p1_0.name=?
2025-12-03T17:26:14.868+01:00 DEBUG 33721 --- [smboutique-backend] [           main] tor$SharedEntityManagerInvocationHandler : Creating new EntityManager for shared EntityManager invocation
2025-12-03T17:26:14.868+01:00  WARN 33721 --- [smboutique-backend] [           main] org.hibernate.orm.deprecation            : HHH90000021: Encountered deprecated setting [javax.persistence.query.timeout], use [jakarta.persistence.query.timeout] instead
2025-12-03T17:26:14.869+01:00 DEBUG 33721 --- [smboutique-backend] [           main] org.hibernate.SQL                        : 
    select
        p1_0.id_permission,
        p1_0.description,
        p1_0.name 
    from
        permission p1_0 
    where
        p1_0.name=?
Hibernate: 
    select
        p1_0.id_permission,
        p1_0.description,
        p1_0.name 
    from
        permission p1_0 
    where
        p1_0.name=?
2025-12-03T17:26:14.870+01:00 DEBUG 33721 --- [smboutique-backend] [           main] tor$SharedEntityManagerInvocationHandler : Creating new EntityManager for shared EntityManager invocation
2025-12-03T17:26:14.870+01:00  WARN 33721 --- [smboutique-backend] [           main] org.hibernate.orm.deprecation            : HHH90000021: Encountered deprecated setting [javax.persistence.query.timeout], use [jakarta.persistence.query.timeout] instead
2025-12-03T17:26:14.871+01:00 DEBUG 33721 --- [smboutique-backend] [           main] org.hibernate.SQL                        : 
    select
        p1_0.id_permission,
        p1_0.description,
        p1_0.name 
    from
        permission p1_0 
    where
        p1_0.name=?
Hibernate: 
    select
        p1_0.id_permission,
        p1_0.description,
        p1_0.name 
    from
        permission p1_0 
    where
        p1_0.name=?
2025-12-03T17:26:14.872+01:00 DEBUG 33721 --- [smboutique-backend] [           main] tor$SharedEntityManagerInvocationHandler : Creating new EntityManager for shared EntityManager invocation
2025-12-03T17:26:14.872+01:00  WARN 33721 --- [smboutique-backend] [           main] org.hibernate.orm.deprecation            : HHH90000021: Encountered deprecated setting [javax.persistence.query.timeout], use [jakarta.persistence.query.timeout] instead
2025-12-03T17:26:14.873+01:00 DEBUG 33721 --- [smboutique-backend] [           main] org.hibernate.SQL                        : 
    select
        p1_0.id_permission,
        p1_0.description,
        p1_0.name 
    from
        permission p1_0 
    where
        p1_0.name=?
Hibernate: 
    select
        p1_0.id_permission,
        p1_0.description,
        p1_0.name 
    from
        permission p1_0 
    where
        p1_0.name=?
2025-12-03T17:26:14.874+01:00 DEBUG 33721 --- [smboutique-backend] [           main] tor$SharedEntityManagerInvocationHandler : Creating new EntityManager for shared EntityManager invocation
2025-12-03T17:26:14.874+01:00  WARN 33721 --- [smboutique-backend] [           main] org.hibernate.orm.deprecation            : HHH90000021: Encountered deprecated setting [javax.persistence.query.timeout], use [jakarta.persistence.query.timeout] instead
2025-12-03T17:26:14.875+01:00 DEBUG 33721 --- [smboutique-backend] [           main] org.hibernate.SQL                        : 
    select
        p1_0.id_permission,
        p1_0.description,
        p1_0.name 
    from
        permission p1_0 
    where
        p1_0.name=?
Hibernate: 
    select
        p1_0.id_permission,
        p1_0.description,
        p1_0.name 
    from
        permission p1_0 
    where
        p1_0.name=?
2025-12-03T17:26:14.876+01:00 DEBUG 33721 --- [smboutique-backend] [           main] tor$SharedEntityManagerInvocationHandler : Creating new EntityManager for shared EntityManager invocation
2025-12-03T17:26:14.877+01:00  WARN 33721 --- [smboutique-backend] [           main] org.hibernate.orm.deprecation            : HHH90000021: Encountered deprecated setting [javax.persistence.query.timeout], use [jakarta.persistence.query.timeout] instead
2025-12-03T17:26:14.877+01:00 DEBUG 33721 --- [smboutique-backend] [           main] org.hibernate.SQL                        : 
    select
        p1_0.id_permission,
        p1_0.description,
        p1_0.name 
    from
        permission p1_0 
    where
        p1_0.name=?
Hibernate: 
    select
        p1_0.id_permission,
        p1_0.description,
        p1_0.name 
    from
        permission p1_0 
    where
        p1_0.name=?
2025-12-03T17:26:14.879+01:00 DEBUG 33721 --- [smboutique-backend] [           main] tor$SharedEntityManagerInvocationHandler : Creating new EntityManager for shared EntityManager invocation
2025-12-03T17:26:14.879+01:00  WARN 33721 --- [smboutique-backend] [           main] org.hibernate.orm.deprecation            : HHH90000021: Encountered deprecated setting [javax.persistence.query.timeout], use [jakarta.persistence.query.timeout] instead
2025-12-03T17:26:14.880+01:00 DEBUG 33721 --- [smboutique-backend] [           main] org.hibernate.SQL                        : 
    select
        p1_0.id_permission,
        p1_0.description,
        p1_0.name 
    from
        permission p1_0 
    where
        p1_0.name=?
Hibernate: 
    select
        p1_0.id_permission,
        p1_0.description,
        p1_0.name 
    from
        permission p1_0 
    where
        p1_0.name=?
2025-12-03T17:26:14.882+01:00 DEBUG 33721 --- [smboutique-backend] [           main] tor$SharedEntityManagerInvocationHandler : Creating new EntityManager for shared EntityManager invocation
2025-12-03T17:26:14.882+01:00  WARN 33721 --- [smboutique-backend] [           main] org.hibernate.orm.deprecation            : HHH90000021: Encountered deprecated setting [javax.persistence.query.timeout], use [jakarta.persistence.query.timeout] instead
2025-12-03T17:26:14.883+01:00 DEBUG 33721 --- [smboutique-backend] [           main] org.hibernate.SQL                        : 
    select
        p1_0.id_permission,
        p1_0.description,
        p1_0.name 
    from
        permission p1_0 
    where
        p1_0.name=?
Hibernate: 
    select
        p1_0.id_permission,
        p1_0.description,
        p1_0.name 
    from
        permission p1_0 
    where
        p1_0.name=?
2025-12-03T17:26:14.884+01:00 DEBUG 33721 --- [smboutique-backend] [           main] tor$SharedEntityManagerInvocationHandler : Creating new EntityManager for shared EntityManager invocation
2025-12-03T17:26:14.885+01:00  WARN 33721 --- [smboutique-backend] [           main] org.hibernate.orm.deprecation            : HHH90000021: Encountered deprecated setting [javax.persistence.query.timeout], use [jakarta.persistence.query.timeout] instead
2025-12-03T17:26:14.886+01:00 DEBUG 33721 --- [smboutique-backend] [           main] org.hibernate.SQL                        : 
    select
        p1_0.id_permission,
        p1_0.description,
        p1_0.name 
    from
        permission p1_0 
    where
        p1_0.name=?
Hibernate: 
    select
        p1_0.id_permission,
        p1_0.description,
        p1_0.name 
    from
        permission p1_0 
    where
        p1_0.name=?
2025-12-03T17:26:14.887+01:00 DEBUG 33721 --- [smboutique-backend] [           main] tor$SharedEntityManagerInvocationHandler : Creating new EntityManager for shared EntityManager invocation
2025-12-03T17:26:14.887+01:00  WARN 33721 --- [smboutique-backend] [           main] org.hibernate.orm.deprecation            : HHH90000021: Encountered deprecated setting [javax.persistence.query.timeout], use [jakarta.persistence.query.timeout] instead
2025-12-03T17:26:14.888+01:00 DEBUG 33721 --- [smboutique-backend] [           main] org.hibernate.SQL                        : 
    select
        p1_0.id_permission,
        p1_0.description,
        p1_0.name 
    from
        permission p1_0 
    where
        p1_0.name=?
Hibernate: 
    select
        p1_0.id_permission,
        p1_0.description,
        p1_0.name 
    from
        permission p1_0 
    where
        p1_0.name=?
2025-12-03T17:26:14.889+01:00 DEBUG 33721 --- [smboutique-backend] [           main] tor$SharedEntityManagerInvocationHandler : Creating new EntityManager for shared EntityManager invocation
2025-12-03T17:26:14.890+01:00  WARN 33721 --- [smboutique-backend] [           main] org.hibernate.orm.deprecation            : HHH90000021: Encountered deprecated setting [javax.persistence.query.timeout], use [jakarta.persistence.query.timeout] instead
2025-12-03T17:26:14.890+01:00 DEBUG 33721 --- [smboutique-backend] [           main] org.hibernate.SQL                        : 
    select
        p1_0.id_permission,
        p1_0.description,
        p1_0.name 
    from
        permission p1_0 
    where
        p1_0.name=?
Hibernate: 
    select
        p1_0.id_permission,
        p1_0.description,
        p1_0.name 
    from
        permission p1_0 
    where
        p1_0.name=?
2025-12-03T17:26:14.891+01:00 DEBUG 33721 --- [smboutique-backend] [           main] tor$SharedEntityManagerInvocationHandler : Creating new EntityManager for shared EntityManager invocation
2025-12-03T17:26:14.892+01:00  WARN 33721 --- [smboutique-backend] [           main] org.hibernate.orm.deprecation            : HHH90000021: Encountered deprecated setting [javax.persistence.query.timeout], use [jakarta.persistence.query.timeout] instead
2025-12-03T17:26:14.893+01:00 DEBUG 33721 --- [smboutique-backend] [           main] org.hibernate.SQL                        : 
    select
        p1_0.id_permission,
        p1_0.description,
        p1_0.name 
    from
        permission p1_0 
    where
        p1_0.name=?
Hibernate: 
    select
        p1_0.id_permission,
        p1_0.description,
        p1_0.name 
    from
        permission p1_0 
    where
        p1_0.name=?
2025-12-03T17:26:14.894+01:00 DEBUG 33721 --- [smboutique-backend] [           main] tor$SharedEntityManagerInvocationHandler : Creating new EntityManager for shared EntityManager invocation
2025-12-03T17:26:14.894+01:00  WARN 33721 --- [smboutique-backend] [           main] org.hibernate.orm.deprecation            : HHH90000021: Encountered deprecated setting [javax.persistence.query.timeout], use [jakarta.persistence.query.timeout] instead
2025-12-03T17:26:14.895+01:00 DEBUG 33721 --- [smboutique-backend] [           main] org.hibernate.SQL                        : 
    select
        p1_0.id_permission,
        p1_0.description,
        p1_0.name 
    from
        permission p1_0 
    where
        p1_0.name=?
Hibernate: 
    select
        p1_0.id_permission,
        p1_0.description,
        p1_0.name 
    from
        permission p1_0 
    where
        p1_0.name=?
2025-12-03T17:26:14.896+01:00 DEBUG 33721 --- [smboutique-backend] [           main] tor$SharedEntityManagerInvocationHandler : Creating new EntityManager for shared EntityManager invocation
2025-12-03T17:26:14.896+01:00  WARN 33721 --- [smboutique-backend] [           main] org.hibernate.orm.deprecation            : HHH90000021: Encountered deprecated setting [javax.persistence.query.timeout], use [jakarta.persistence.query.timeout] instead
2025-12-03T17:26:14.897+01:00 DEBUG 33721 --- [smboutique-backend] [           main] org.hibernate.SQL                        : 
    select
        p1_0.id_permission,
        p1_0.description,
        p1_0.name 
    from
        permission p1_0 
    where
        p1_0.name=?
Hibernate: 
    select
        p1_0.id_permission,
        p1_0.description,
        p1_0.name 
    from
        permission p1_0 
    where
        p1_0.name=?
2025-12-03T17:26:14.899+01:00 DEBUG 33721 --- [smboutique-backend] [           main] tor$SharedEntityManagerInvocationHandler : Creating new EntityManager for shared EntityManager invocation
2025-12-03T17:26:14.899+01:00  WARN 33721 --- [smboutique-backend] [           main] org.hibernate.orm.deprecation            : HHH90000021: Encountered deprecated setting [javax.persistence.query.timeout], use [jakarta.persistence.query.timeout] instead
2025-12-03T17:26:14.900+01:00 DEBUG 33721 --- [smboutique-backend] [           main] org.hibernate.SQL                        : 
    select
        p1_0.id_permission,
        p1_0.description,
        p1_0.name 
    from
        permission p1_0 
    where
        p1_0.name=?
Hibernate: 
    select
        p1_0.id_permission,
        p1_0.description,
        p1_0.name 
    from
        permission p1_0 
    where
        p1_0.name=?
2025-12-03T17:26:14.901+01:00 DEBUG 33721 --- [smboutique-backend] [           main] tor$SharedEntityManagerInvocationHandler : Creating new EntityManager for shared EntityManager invocation
2025-12-03T17:26:14.901+01:00  WARN 33721 --- [smboutique-backend] [           main] org.hibernate.orm.deprecation            : HHH90000021: Encountered deprecated setting [javax.persistence.query.timeout], use [jakarta.persistence.query.timeout] instead
2025-12-03T17:26:14.902+01:00 DEBUG 33721 --- [smboutique-backend] [           main] org.hibernate.SQL                        : 
    select
        p1_0.id_permission,
        p1_0.description,
        p1_0.name 
    from
        permission p1_0 
    where
        p1_0.name=?
Hibernate: 
    select
        p1_0.id_permission,
        p1_0.description,
        p1_0.name 
    from
        permission p1_0 
    where
        p1_0.name=?
2025-12-03T17:26:14.903+01:00 DEBUG 33721 --- [smboutique-backend] [           main] tor$SharedEntityManagerInvocationHandler : Creating new EntityManager for shared EntityManager invocation
2025-12-03T17:26:14.903+01:00  WARN 33721 --- [smboutique-backend] [           main] org.hibernate.orm.deprecation            : HHH90000021: Encountered deprecated setting [javax.persistence.query.timeout], use [jakarta.persistence.query.timeout] instead
2025-12-03T17:26:14.904+01:00 DEBUG 33721 --- [smboutique-backend] [           main] org.hibernate.SQL                        : 
    select
        p1_0.id_permission,
        p1_0.description,
        p1_0.name 
    from
        permission p1_0 
    where
        p1_0.name=?
Hibernate: 
    select
        p1_0.id_permission,
        p1_0.description,
        p1_0.name 
    from
        permission p1_0 
    where
        p1_0.name=?
2025-12-03T17:26:14.905+01:00 DEBUG 33721 --- [smboutique-backend] [           main] tor$SharedEntityManagerInvocationHandler : Creating new EntityManager for shared EntityManager invocation
2025-12-03T17:26:14.905+01:00  WARN 33721 --- [smboutique-backend] [           main] org.hibernate.orm.deprecation            : HHH90000021: Encountered deprecated setting [javax.persistence.query.timeout], use [jakarta.persistence.query.timeout] instead
2025-12-03T17:26:14.906+01:00 DEBUG 33721 --- [smboutique-backend] [           main] org.hibernate.SQL                        : 
    select
        p1_0.id_permission,
        p1_0.description,
        p1_0.name 
    from
        permission p1_0 
    where
        p1_0.name=?
Hibernate: 
    select
        p1_0.id_permission,
        p1_0.description,
        p1_0.name 
    from
        permission p1_0 
    where
        p1_0.name=?
2025-12-03T17:26:14.907+01:00 DEBUG 33721 --- [smboutique-backend] [           main] tor$SharedEntityManagerInvocationHandler : Creating new EntityManager for shared EntityManager invocation
2025-12-03T17:26:14.908+01:00  WARN 33721 --- [smboutique-backend] [           main] org.hibernate.orm.deprecation            : HHH90000021: Encountered deprecated setting [javax.persistence.query.timeout], use [jakarta.persistence.query.timeout] instead
2025-12-03T17:26:14.908+01:00 DEBUG 33721 --- [smboutique-backend] [           main] org.hibernate.SQL                        : 
    select
        p1_0.id_permission,
        p1_0.description,
        p1_0.name 
    from
        permission p1_0 
    where
        p1_0.name=?
Hibernate: 
    select
        p1_0.id_permission,
        p1_0.description,
        p1_0.name 
    from
        permission p1_0 
    where
        p1_0.name=?
2025-12-03T17:26:14.910+01:00 DEBUG 33721 --- [smboutique-backend] [           main] tor$SharedEntityManagerInvocationHandler : Creating new EntityManager for shared EntityManager invocation
2025-12-03T17:26:14.910+01:00  WARN 33721 --- [smboutique-backend] [           main] org.hibernate.orm.deprecation            : HHH90000021: Encountered deprecated setting [javax.persistence.query.timeout], use [jakarta.persistence.query.timeout] instead
2025-12-03T17:26:14.911+01:00 DEBUG 33721 --- [smboutique-backend] [           main] org.hibernate.SQL                        : 
    select
        p1_0.id_permission,
        p1_0.description,
        p1_0.name 
    from
        permission p1_0 
    where
        p1_0.name=?
Hibernate: 
    select
        p1_0.id_permission,
        p1_0.description,
        p1_0.name 
    from
        permission p1_0 
    where
        p1_0.name=?
2025-12-03T17:26:14.912+01:00 DEBUG 33721 --- [smboutique-backend] [           main] tor$SharedEntityManagerInvocationHandler : Creating new EntityManager for shared EntityManager invocation
2025-12-03T17:26:14.912+01:00  WARN 33721 --- [smboutique-backend] [           main] org.hibernate.orm.deprecation            : HHH90000021: Encountered deprecated setting [javax.persistence.query.timeout], use [jakarta.persistence.query.timeout] instead
2025-12-03T17:26:14.913+01:00 DEBUG 33721 --- [smboutique-backend] [           main] org.hibernate.SQL                        : 
    select
        p1_0.id_permission,
        p1_0.description,
        p1_0.name 
    from
        permission p1_0 
    where
        p1_0.name=?
Hibernate: 
    select
        p1_0.id_permission,
        p1_0.description,
        p1_0.name 
    from
        permission p1_0 
    where
        p1_0.name=?
2025-12-03T17:26:14.914+01:00 DEBUG 33721 --- [smboutique-backend] [           main] tor$SharedEntityManagerInvocationHandler : Creating new EntityManager for shared EntityManager invocation
2025-12-03T17:26:14.914+01:00  WARN 33721 --- [smboutique-backend] [           main] org.hibernate.orm.deprecation            : HHH90000021: Encountered deprecated setting [javax.persistence.query.timeout], use [jakarta.persistence.query.timeout] instead
2025-12-03T17:26:14.915+01:00 DEBUG 33721 --- [smboutique-backend] [           main] org.hibernate.SQL                        : 
    select
        p1_0.id_permission,
        p1_0.description,
        p1_0.name 
    from
        permission p1_0 
    where
        p1_0.name=?
Hibernate: 
    select
        p1_0.id_permission,
        p1_0.description,
        p1_0.name 
    from
        permission p1_0 
    where
        p1_0.name=?
2025-12-03T17:26:14.916+01:00 DEBUG 33721 --- [smboutique-backend] [           main] tor$SharedEntityManagerInvocationHandler : Creating new EntityManager for shared EntityManager invocation
2025-12-03T17:26:14.917+01:00  WARN 33721 --- [smboutique-backend] [           main] org.hibernate.orm.deprecation            : HHH90000021: Encountered deprecated setting [javax.persistence.query.timeout], use [jakarta.persistence.query.timeout] instead
2025-12-03T17:26:14.917+01:00 DEBUG 33721 --- [smboutique-backend] [           main] org.hibernate.SQL                        : 
    select
        p1_0.id_permission,
        p1_0.description,
        p1_0.name 
    from
        permission p1_0 
    where
        p1_0.name=?
Hibernate: 
    select
        p1_0.id_permission,
        p1_0.description,
        p1_0.name 
    from
        permission p1_0 
    where
        p1_0.name=?
2025-12-03T17:26:14.918+01:00 DEBUG 33721 --- [smboutique-backend] [           main] tor$SharedEntityManagerInvocationHandler : Creating new EntityManager for shared EntityManager invocation
2025-12-03T17:26:14.919+01:00  WARN 33721 --- [smboutique-backend] [           main] org.hibernate.orm.deprecation            : HHH90000021: Encountered deprecated setting [javax.persistence.query.timeout], use [jakarta.persistence.query.timeout] instead
2025-12-03T17:26:14.919+01:00 DEBUG 33721 --- [smboutique-backend] [           main] org.hibernate.SQL                        : 
    select
        p1_0.id_permission,
        p1_0.description,
        p1_0.name 
    from
        permission p1_0 
    where
        p1_0.name=?
Hibernate: 
    select
        p1_0.id_permission,
        p1_0.description,
        p1_0.name 
    from
        permission p1_0 
    where
        p1_0.name=?
2025-12-03T17:26:14.920+01:00 DEBUG 33721 --- [smboutique-backend] [           main] tor$SharedEntityManagerInvocationHandler : Creating new EntityManager for shared EntityManager invocation
2025-12-03T17:26:14.921+01:00  WARN 33721 --- [smboutique-backend] [           main] org.hibernate.orm.deprecation            : HHH90000021: Encountered deprecated setting [javax.persistence.query.timeout], use [jakarta.persistence.query.timeout] instead
2025-12-03T17:26:14.921+01:00 DEBUG 33721 --- [smboutique-backend] [           main] org.hibernate.SQL                        : 
    select
        p1_0.id_permission,
        p1_0.description,
        p1_0.name 
    from
        permission p1_0 
    where
        p1_0.name=?
Hibernate: 
    select
        p1_0.id_permission,
        p1_0.description,
        p1_0.name 
    from
        permission p1_0 
    where
        p1_0.name=?
2025-12-03T17:26:14.923+01:00 DEBUG 33721 --- [smboutique-backend] [           main] tor$SharedEntityManagerInvocationHandler : Creating new EntityManager for shared EntityManager invocation
2025-12-03T17:26:14.923+01:00  WARN 33721 --- [smboutique-backend] [           main] org.hibernate.orm.deprecation            : HHH90000021: Encountered deprecated setting [javax.persistence.query.timeout], use [jakarta.persistence.query.timeout] instead
2025-12-03T17:26:14.924+01:00 DEBUG 33721 --- [smboutique-backend] [           main] org.hibernate.SQL                        : 
    select
        p1_0.id_permission,
        p1_0.description,
        p1_0.name 
    from
        permission p1_0 
    where
        p1_0.name=?
Hibernate: 
    select
        p1_0.id_permission,
        p1_0.description,
        p1_0.name 
    from
        permission p1_0 
    where
        p1_0.name=?
2025-12-03T17:26:14.925+01:00 DEBUG 33721 --- [smboutique-backend] [           main] tor$SharedEntityManagerInvocationHandler : Creating new EntityManager for shared EntityManager invocation
2025-12-03T17:26:14.925+01:00  WARN 33721 --- [smboutique-backend] [           main] org.hibernate.orm.deprecation            : HHH90000021: Encountered deprecated setting [javax.persistence.query.timeout], use [jakarta.persistence.query.timeout] instead
2025-12-03T17:26:14.926+01:00 DEBUG 33721 --- [smboutique-backend] [           main] org.hibernate.SQL                        : 
    select
        p1_0.id_permission,
        p1_0.description,
        p1_0.name 
    from
        permission p1_0 
    where
        p1_0.name=?
Hibernate: 
    select
        p1_0.id_permission,
        p1_0.description,
        p1_0.name 
    from
        permission p1_0 
    where
        p1_0.name=?
2025-12-03T17:26:14.927+01:00 DEBUG 33721 --- [smboutique-backend] [           main] tor$SharedEntityManagerInvocationHandler : Creating new EntityManager for shared EntityManager invocation
2025-12-03T17:26:14.927+01:00  WARN 33721 --- [smboutique-backend] [           main] org.hibernate.orm.deprecation            : HHH90000021: Encountered deprecated setting [javax.persistence.query.timeout], use [jakarta.persistence.query.timeout] instead
2025-12-03T17:26:14.928+01:00 DEBUG 33721 --- [smboutique-backend] [           main] org.hibernate.SQL                        : 
    select
        p1_0.id_permission,
        p1_0.description,
        p1_0.name 
    from
        permission p1_0 
    where
        p1_0.name=?
Hibernate: 
    select
        p1_0.id_permission,
        p1_0.description,
        p1_0.name 
    from
        permission p1_0 
    where
        p1_0.name=?
2025-12-03T17:26:14.929+01:00 DEBUG 33721 --- [smboutique-backend] [           main] tor$SharedEntityManagerInvocationHandler : Creating new EntityManager for shared EntityManager invocation
2025-12-03T17:26:14.930+01:00  WARN 33721 --- [smboutique-backend] [           main] org.hibernate.orm.deprecation            : HHH90000021: Encountered deprecated setting [javax.persistence.query.timeout], use [jakarta.persistence.query.timeout] instead
2025-12-03T17:26:14.930+01:00 DEBUG 33721 --- [smboutique-backend] [           main] org.hibernate.SQL                        : 
    select
        p1_0.id_permission,
        p1_0.description,
        p1_0.name 
    from
        permission p1_0 
    where
        p1_0.name=?
Hibernate: 
    select
        p1_0.id_permission,
        p1_0.description,
        p1_0.name 
    from
        permission p1_0 
    where
        p1_0.name=?
2025-12-03T17:26:14.932+01:00 DEBUG 33721 --- [smboutique-backend] [           main] tor$SharedEntityManagerInvocationHandler : Creating new EntityManager for shared EntityManager invocation
2025-12-03T17:26:14.932+01:00  WARN 33721 --- [smboutique-backend] [           main] org.hibernate.orm.deprecation            : HHH90000021: Encountered deprecated setting [javax.persistence.query.timeout], use [jakarta.persistence.query.timeout] instead
2025-12-03T17:26:14.933+01:00 DEBUG 33721 --- [smboutique-backend] [           main] org.hibernate.SQL                        : 
    select
        p1_0.id_permission,
        p1_0.description,
        p1_0.name 
    from
        permission p1_0 
    where
        p1_0.name=?
Hibernate: 
    select
        p1_0.id_permission,
        p1_0.description,
        p1_0.name 
    from
        permission p1_0 
    where
        p1_0.name=?
2025-12-03T17:26:14.934+01:00 DEBUG 33721 --- [smboutique-backend] [           main] tor$SharedEntityManagerInvocationHandler : Creating new EntityManager for shared EntityManager invocation
2025-12-03T17:26:14.935+01:00  WARN 33721 --- [smboutique-backend] [           main] org.hibernate.orm.deprecation            : HHH90000021: Encountered deprecated setting [javax.persistence.query.timeout], use [jakarta.persistence.query.timeout] instead
2025-12-03T17:26:14.936+01:00 DEBUG 33721 --- [smboutique-backend] [           main] org.hibernate.SQL                        : 
    select
        p1_0.id_permission,
        p1_0.description,
        p1_0.name 
    from
        permission p1_0 
    where
        p1_0.name=?
Hibernate: 
    select
        p1_0.id_permission,
        p1_0.description,
        p1_0.name 
    from
        permission p1_0 
    where
        p1_0.name=?
2025-12-03T17:26:14.937+01:00 DEBUG 33721 --- [smboutique-backend] [           main] o.s.orm.jpa.JpaTransactionManager        : Creating new transaction with name [org.springframework.data.jpa.repository.support.SimpleJpaRepository.save]: PROPAGATION_REQUIRED,ISOLATION_DEFAULT
2025-12-03T17:26:14.938+01:00 DEBUG 33721 --- [smboutique-backend] [           main] o.s.orm.jpa.JpaTransactionManager        : Opened new EntityManager [SessionImpl(970960343<open>)] for JPA transaction
2025-12-03T17:26:14.938+01:00 DEBUG 33721 --- [smboutique-backend] [           main] o.s.orm.jpa.JpaTransactionManager        : Exposing JPA transaction as JDBC [org.springframework.orm.jpa.vendor.HibernateJpaDialect$HibernateConnectionHandle@f64ce35]
2025-12-03T17:26:14.939+01:00 DEBUG 33721 --- [smboutique-backend] [           main] org.hibernate.SQL                        : 
    insert 
    into
        role
        (description, name) 
    values
        (?, ?)
Hibernate: 
    insert 
    into
        role
        (description, name) 
    values
        (?, ?)
2025-12-03T17:26:14.940+01:00 DEBUG 33721 --- [smboutique-backend] [           main] o.s.orm.jpa.JpaTransactionManager        : Initiating transaction commit
2025-12-03T17:26:14.940+01:00 DEBUG 33721 --- [smboutique-backend] [           main] o.s.orm.jpa.JpaTransactionManager        : Committing JPA transaction on EntityManager [SessionImpl(970960343<open>)]
2025-12-03T17:26:14.943+01:00 DEBUG 33721 --- [smboutique-backend] [           main] org.hibernate.SQL                        : 
    insert 
    into
        role_permissions
        (role_id, permission_id) 
    values
        (?, ?)
Hibernate: 
    insert 
    into
        role_permissions
        (role_id, permission_id) 
    values
        (?, ?)
2025-12-03T17:26:14.943+01:00 DEBUG 33721 --- [smboutique-backend] [           main] org.hibernate.SQL                        : 
    insert 
    into
        role_permissions
        (role_id, permission_id) 
    values
        (?, ?)
Hibernate: 
    insert 
    into
        role_permissions
        (role_id, permission_id) 
    values
        (?, ?)
2025-12-03T17:26:14.943+01:00 DEBUG 33721 --- [smboutique-backend] [           main] org.hibernate.SQL                        : 
    insert 
    into
        role_permissions
        (role_id, permission_id) 
    values
        (?, ?)
Hibernate: 
    insert 
    into
        role_permissions
        (role_id, permission_id) 
    values
        (?, ?)
2025-12-03T17:26:14.943+01:00 DEBUG 33721 --- [smboutique-backend] [           main] org.hibernate.SQL                        : 
    insert 
    into
        role_permissions
        (role_id, permission_id) 
    values
        (?, ?)
Hibernate: 
    insert 
    into
        role_permissions
        (role_id, permission_id) 
    values
        (?, ?)
2025-12-03T17:26:14.943+01:00 DEBUG 33721 --- [smboutique-backend] [           main] org.hibernate.SQL                        : 
    insert 
    into
        role_permissions
        (role_id, permission_id) 
    values
        (?, ?)
Hibernate: 
    insert 
    into
        role_permissions
        (role_id, permission_id) 
    values
        (?, ?)
2025-12-03T17:26:14.943+01:00 DEBUG 33721 --- [smboutique-backend] [           main] org.hibernate.SQL                        : 
    insert 
    into
        role_permissions
        (role_id, permission_id) 
    values
        (?, ?)
Hibernate: 
    insert 
    into
        role_permissions
        (role_id, permission_id) 
    values
        (?, ?)
2025-12-03T17:26:14.944+01:00 DEBUG 33721 --- [smboutique-backend] [           main] org.hibernate.SQL                        : 
    insert 
    into
        role_permissions
        (role_id, permission_id) 
    values
        (?, ?)
Hibernate: 
    insert 
    into
        role_permissions
        (role_id, permission_id) 
    values
        (?, ?)
2025-12-03T17:26:14.944+01:00 DEBUG 33721 --- [smboutique-backend] [           main] org.hibernate.SQL                        : 
    insert 
    into
        role_permissions
        (role_id, permission_id) 
    values
        (?, ?)
Hibernate: 
    insert 
    into
        role_permissions
        (role_id, permission_id) 
    values
        (?, ?)
2025-12-03T17:26:14.944+01:00 DEBUG 33721 --- [smboutique-backend] [           main] org.hibernate.SQL                        : 
    insert 
    into
        role_permissions
        (role_id, permission_id) 
    values
        (?, ?)
Hibernate: 
    insert 
    into
        role_permissions
        (role_id, permission_id) 
    values
        (?, ?)
2025-12-03T17:26:14.944+01:00 DEBUG 33721 --- [smboutique-backend] [           main] org.hibernate.SQL                        : 
    insert 
    into
        role_permissions
        (role_id, permission_id) 
    values
        (?, ?)
Hibernate: 
    insert 
    into
        role_permissions
        (role_id, permission_id) 
    values
        (?, ?)
2025-12-03T17:26:14.944+01:00 DEBUG 33721 --- [smboutique-backend] [           main] org.hibernate.SQL                        : 
    insert 
    into
        role_permissions
        (role_id, permission_id) 
    values
        (?, ?)
Hibernate: 
    insert 
    into
        role_permissions
        (role_id, permission_id) 
    values
        (?, ?)
2025-12-03T17:26:14.944+01:00 DEBUG 33721 --- [smboutique-backend] [           main] org.hibernate.SQL                        : 
    insert 
    into
        role_permissions
        (role_id, permission_id) 
    values
        (?, ?)
Hibernate: 
    insert 
    into
        role_permissions
        (role_id, permission_id) 
    values
        (?, ?)
2025-12-03T17:26:14.944+01:00 DEBUG 33721 --- [smboutique-backend] [           main] org.hibernate.SQL                        : 
    insert 
    into
        role_permissions
        (role_id, permission_id) 
    values
        (?, ?)
Hibernate: 
    insert 
    into
        role_permissions
        (role_id, permission_id) 
    values
        (?, ?)
2025-12-03T17:26:14.944+01:00 DEBUG 33721 --- [smboutique-backend] [           main] org.hibernate.SQL                        : 
    insert 
    into
        role_permissions
        (role_id, permission_id) 
    values
        (?, ?)
Hibernate: 
    insert 
    into
        role_permissions
        (role_id, permission_id) 
    values
        (?, ?)
2025-12-03T17:26:14.945+01:00 DEBUG 33721 --- [smboutique-backend] [           main] org.hibernate.SQL                        : 
    insert 
    into
        role_permissions
        (role_id, permission_id) 
    values
        (?, ?)
Hibernate: 
    insert 
    into
        role_permissions
        (role_id, permission_id) 
    values
        (?, ?)
2025-12-03T17:26:14.945+01:00 DEBUG 33721 --- [smboutique-backend] [           main] org.hibernate.SQL                        : 
    insert 
    into
        role_permissions
        (role_id, permission_id) 
    values
        (?, ?)
Hibernate: 
    insert 
    into
        role_permissions
        (role_id, permission_id) 
    values
        (?, ?)
2025-12-03T17:26:14.945+01:00 DEBUG 33721 --- [smboutique-backend] [           main] org.hibernate.SQL                        : 
    insert 
    into
        role_permissions
        (role_id, permission_id) 
    values
        (?, ?)
Hibernate: 
    insert 
    into
        role_permissions
        (role_id, permission_id) 
    values
        (?, ?)
2025-12-03T17:26:14.945+01:00 DEBUG 33721 --- [smboutique-backend] [           main] org.hibernate.SQL                        : 
    insert 
    into
        role_permissions
        (role_id, permission_id) 
    values
        (?, ?)
Hibernate: 
    insert 
    into
        role_permissions
        (role_id, permission_id) 
    values
        (?, ?)
2025-12-03T17:26:14.945+01:00 DEBUG 33721 --- [smboutique-backend] [           main] org.hibernate.SQL                        : 
    insert 
    into
        role_permissions
        (role_id, permission_id) 
    values
        (?, ?)
Hibernate: 
    insert 
    into
        role_permissions
        (role_id, permission_id) 
    values
        (?, ?)
2025-12-03T17:26:14.945+01:00 DEBUG 33721 --- [smboutique-backend] [           main] org.hibernate.SQL                        : 
    insert 
    into
        role_permissions
        (role_id, permission_id) 
    values
        (?, ?)
Hibernate: 
    insert 
    into
        role_permissions
        (role_id, permission_id) 
    values
        (?, ?)
2025-12-03T17:26:14.948+01:00 DEBUG 33721 --- [smboutique-backend] [           main] org.hibernate.SQL                        : 
    insert 
    into
        role_permissions
        (role_id, permission_id) 
    values
        (?, ?)
Hibernate: 
    insert 
    into
        role_permissions
        (role_id, permission_id) 
    values
        (?, ?)
2025-12-03T17:26:14.949+01:00 DEBUG 33721 --- [smboutique-backend] [           main] org.hibernate.SQL                        : 
    insert 
    into
        role_permissions
        (role_id, permission_id) 
    values
        (?, ?)
Hibernate: 
    insert 
    into
        role_permissions
        (role_id, permission_id) 
    values
        (?, ?)
2025-12-03T17:26:14.949+01:00 DEBUG 33721 --- [smboutique-backend] [           main] org.hibernate.SQL                        : 
    insert 
    into
        role_permissions
        (role_id, permission_id) 
    values
        (?, ?)
Hibernate: 
    insert 
    into
        role_permissions
        (role_id, permission_id) 
    values
        (?, ?)
2025-12-03T17:26:14.949+01:00 DEBUG 33721 --- [smboutique-backend] [           main] org.hibernate.SQL                        : 
    insert 
    into
        role_permissions
        (role_id, permission_id) 
    values
        (?, ?)
Hibernate: 
    insert 
    into
        role_permissions
        (role_id, permission_id) 
    values
        (?, ?)
2025-12-03T17:26:14.949+01:00 DEBUG 33721 --- [smboutique-backend] [           main] org.hibernate.SQL                        : 
    insert 
    into
        role_permissions
        (role_id, permission_id) 
    values
        (?, ?)
Hibernate: 
    insert 
    into
        role_permissions
        (role_id, permission_id) 
    values
        (?, ?)
2025-12-03T17:26:14.949+01:00 DEBUG 33721 --- [smboutique-backend] [           main] org.hibernate.SQL                        : 
    insert 
    into
        role_permissions
        (role_id, permission_id) 
    values
        (?, ?)
Hibernate: 
    insert 
    into
        role_permissions
        (role_id, permission_id) 
    values
        (?, ?)
2025-12-03T17:26:14.949+01:00 DEBUG 33721 --- [smboutique-backend] [           main] org.hibernate.SQL                        : 
    insert 
    into
        role_permissions
        (role_id, permission_id) 
    values
        (?, ?)
Hibernate: 
    insert 
    into
        role_permissions
        (role_id, permission_id) 
    values
        (?, ?)
2025-12-03T17:26:14.950+01:00 DEBUG 33721 --- [smboutique-backend] [           main] org.hibernate.SQL                        : 
    insert 
    into
        role_permissions
        (role_id, permission_id) 
    values
        (?, ?)
Hibernate: 
    insert 
    into
        role_permissions
        (role_id, permission_id) 
    values
        (?, ?)
2025-12-03T17:26:14.950+01:00 DEBUG 33721 --- [smboutique-backend] [           main] org.hibernate.SQL                        : 
    insert 
    into
        role_permissions
        (role_id, permission_id) 
    values
        (?, ?)
Hibernate: 
    insert 
    into
        role_permissions
        (role_id, permission_id) 
    values
        (?, ?)
2025-12-03T17:26:14.950+01:00 DEBUG 33721 --- [smboutique-backend] [           main] org.hibernate.SQL                        : 
    insert 
    into
        role_permissions
        (role_id, permission_id) 
    values
        (?, ?)
Hibernate: 
    insert 
    into
        role_permissions
        (role_id, permission_id) 
    values
        (?, ?)
2025-12-03T17:26:14.950+01:00 DEBUG 33721 --- [smboutique-backend] [           main] org.hibernate.SQL                        : 
    insert 
    into
        role_permissions
        (role_id, permission_id) 
    values
        (?, ?)
Hibernate: 
    insert 
    into
        role_permissions
        (role_id, permission_id) 
    values
        (?, ?)
2025-12-03T17:26:14.950+01:00 DEBUG 33721 --- [smboutique-backend] [           main] org.hibernate.SQL                        : 
    insert 
    into
        role_permissions
        (role_id, permission_id) 
    values
        (?, ?)
Hibernate: 
    insert 
    into
        role_permissions
        (role_id, permission_id) 
    values
        (?, ?)
2025-12-03T17:26:14.950+01:00 DEBUG 33721 --- [smboutique-backend] [           main] org.hibernate.SQL                        : 
    insert 
    into
        role_permissions
        (role_id, permission_id) 
    values
        (?, ?)
Hibernate: 
    insert 
    into
        role_permissions
        (role_id, permission_id) 
    values
        (?, ?)
2025-12-03T17:26:14.951+01:00 DEBUG 33721 --- [smboutique-backend] [           main] org.hibernate.SQL                        : 
    insert 
    into
        role_permissions
        (role_id, permission_id) 
    values
        (?, ?)
Hibernate: 
    insert 
    into
        role_permissions
        (role_id, permission_id) 
    values
        (?, ?)
2025-12-03T17:26:14.951+01:00 DEBUG 33721 --- [smboutique-backend] [           main] org.hibernate.SQL                        : 
    insert 
    into
        role_permissions
        (role_id, permission_id) 
    values
        (?, ?)
Hibernate: 
    insert 
    into
        role_permissions
        (role_id, permission_id) 
    values
        (?, ?)
2025-12-03T17:26:14.951+01:00 DEBUG 33721 --- [smboutique-backend] [           main] org.hibernate.SQL                        : 
    insert 
    into
        role_permissions
        (role_id, permission_id) 
    values
        (?, ?)
Hibernate: 
    insert 
    into
        role_permissions
        (role_id, permission_id) 
    values
        (?, ?)
2025-12-03T17:26:14.951+01:00 DEBUG 33721 --- [smboutique-backend] [           main] org.hibernate.SQL                        : 
    insert 
    into
        role_permissions
        (role_id, permission_id) 
    values
        (?, ?)
Hibernate: 
    insert 
    into
        role_permissions
        (role_id, permission_id) 
    values
        (?, ?)
2025-12-03T17:26:14.951+01:00 DEBUG 33721 --- [smboutique-backend] [           main] org.hibernate.SQL                        : 
    insert 
    into
        role_permissions
        (role_id, permission_id) 
    values
        (?, ?)
Hibernate: 
    insert 
    into
        role_permissions
        (role_id, permission_id) 
    values
        (?, ?)
2025-12-03T17:26:15.012+01:00 DEBUG 33721 --- [smboutique-backend] [           main] o.s.orm.jpa.JpaTransactionManager        : Closing JPA EntityManager [SessionImpl(970960343<open>)] after transaction
2025-12-03T17:26:15.013+01:00 DEBUG 33721 --- [smboutique-backend] [           main] c.smboutique.api.config.DataInitializer  : Role SUPERADMIN created with 38 permissions
2025-12-03T17:26:15.013+01:00 DEBUG 33721 --- [smboutique-backend] [           main] c.smboutique.api.config.DataInitializer  : Creating role: ADMIN
2025-12-03T17:26:15.013+01:00 DEBUG 33721 --- [smboutique-backend] [           main] tor$SharedEntityManagerInvocationHandler : Creating new EntityManager for shared EntityManager invocation
2025-12-03T17:26:15.014+01:00  WARN 33721 --- [smboutique-backend] [           main] org.hibernate.orm.deprecation            : HHH90000021: Encountered deprecated setting [javax.persistence.query.timeout], use [jakarta.persistence.query.timeout] instead
2025-12-03T17:26:15.014+01:00 DEBUG 33721 --- [smboutique-backend] [           main] org.hibernate.SQL                        : 
    select
        p1_0.id_permission,
        p1_0.description,
        p1_0.name 
    from
        permission p1_0 
    where
        p1_0.name=?
Hibernate: 
    select
        p1_0.id_permission,
        p1_0.description,
        p1_0.name 
    from
        permission p1_0 
    where
        p1_0.name=?
2025-12-03T17:26:15.016+01:00 DEBUG 33721 --- [smboutique-backend] [           main] tor$SharedEntityManagerInvocationHandler : Creating new EntityManager for shared EntityManager invocation
2025-12-03T17:26:15.016+01:00  WARN 33721 --- [smboutique-backend] [           main] org.hibernate.orm.deprecation            : HHH90000021: Encountered deprecated setting [javax.persistence.query.timeout], use [jakarta.persistence.query.timeout] instead
2025-12-03T17:26:15.017+01:00 DEBUG 33721 --- [smboutique-backend] [           main] org.hibernate.SQL                        : 
    select
        p1_0.id_permission,
        p1_0.description,
        p1_0.name 
    from
        permission p1_0 
    where
        p1_0.name=?
Hibernate: 
    select
        p1_0.id_permission,
        p1_0.description,
        p1_0.name 
    from
        permission p1_0 
    where
        p1_0.name=?
2025-12-03T17:26:15.019+01:00 DEBUG 33721 --- [smboutique-backend] [           main] tor$SharedEntityManagerInvocationHandler : Creating new EntityManager for shared EntityManager invocation
2025-12-03T17:26:15.019+01:00  WARN 33721 --- [smboutique-backend] [           main] org.hibernate.orm.deprecation            : HHH90000021: Encountered deprecated setting [javax.persistence.query.timeout], use [jakarta.persistence.query.timeout] instead
2025-12-03T17:26:15.020+01:00 DEBUG 33721 --- [smboutique-backend] [           main] org.hibernate.SQL                        : 
    select
        p1_0.id_permission,
        p1_0.description,
        p1_0.name 
    from
        permission p1_0 
    where
        p1_0.name=?
Hibernate: 
    select
        p1_0.id_permission,
        p1_0.description,
        p1_0.name 
    from
        permission p1_0 
    where
        p1_0.name=?
2025-12-03T17:26:15.022+01:00 DEBUG 33721 --- [smboutique-backend] [           main] tor$SharedEntityManagerInvocationHandler : Creating new EntityManager for shared EntityManager invocation
2025-12-03T17:26:15.022+01:00  WARN 33721 --- [smboutique-backend] [           main] org.hibernate.orm.deprecation            : HHH90000021: Encountered deprecated setting [javax.persistence.query.timeout], use [jakarta.persistence.query.timeout] instead
2025-12-03T17:26:15.024+01:00 DEBUG 33721 --- [smboutique-backend] [           main] org.hibernate.SQL                        : 
    select
        p1_0.id_permission,
        p1_0.description,
        p1_0.name 
    from
        permission p1_0 
    where
        p1_0.name=?
Hibernate: 
    select
        p1_0.id_permission,
        p1_0.description,
        p1_0.name 
    from
        permission p1_0 
    where
        p1_0.name=?
2025-12-03T17:26:15.025+01:00 DEBUG 33721 --- [smboutique-backend] [           main] tor$SharedEntityManagerInvocationHandler : Creating new EntityManager for shared EntityManager invocation
2025-12-03T17:26:15.026+01:00  WARN 33721 --- [smboutique-backend] [           main] org.hibernate.orm.deprecation            : HHH90000021: Encountered deprecated setting [javax.persistence.query.timeout], use [jakarta.persistence.query.timeout] instead
2025-12-03T17:26:15.026+01:00 DEBUG 33721 --- [smboutique-backend] [           main] org.hibernate.SQL                        : 
    select
        p1_0.id_permission,
        p1_0.description,
        p1_0.name 
    from
        permission p1_0 
    where
        p1_0.name=?
Hibernate: 
    select
        p1_0.id_permission,
        p1_0.description,
        p1_0.name 
    from
        permission p1_0 
    where
        p1_0.name=?
2025-12-03T17:26:15.028+01:00 DEBUG 33721 --- [smboutique-backend] [           main] tor$SharedEntityManagerInvocationHandler : Creating new EntityManager for shared EntityManager invocation
2025-12-03T17:26:15.028+01:00  WARN 33721 --- [smboutique-backend] [           main] org.hibernate.orm.deprecation            : HHH90000021: Encountered deprecated setting [javax.persistence.query.timeout], use [jakarta.persistence.query.timeout] instead
2025-12-03T17:26:15.029+01:00 DEBUG 33721 --- [smboutique-backend] [           main] org.hibernate.SQL                        : 
    select
        p1_0.id_permission,
        p1_0.description,
        p1_0.name 
    from
        permission p1_0 
    where
        p1_0.name=?
Hibernate: 
    select
        p1_0.id_permission,
        p1_0.description,
        p1_0.name 
    from
        permission p1_0 
    where
        p1_0.name=?
2025-12-03T17:26:15.030+01:00 DEBUG 33721 --- [smboutique-backend] [           main] tor$SharedEntityManagerInvocationHandler : Creating new EntityManager for shared EntityManager invocation
2025-12-03T17:26:15.031+01:00  WARN 33721 --- [smboutique-backend] [           main] org.hibernate.orm.deprecation            : HHH90000021: Encountered deprecated setting [javax.persistence.query.timeout], use [jakarta.persistence.query.timeout] instead
2025-12-03T17:26:15.032+01:00 DEBUG 33721 --- [smboutique-backend] [           main] org.hibernate.SQL                        : 
    select
        p1_0.id_permission,
        p1_0.description,
        p1_0.name 
    from
        permission p1_0 
    where
        p1_0.name=?
Hibernate: 
    select
        p1_0.id_permission,
        p1_0.description,
        p1_0.name 
    from
        permission p1_0 
    where
        p1_0.name=?
2025-12-03T17:26:15.033+01:00 DEBUG 33721 --- [smboutique-backend] [           main] tor$SharedEntityManagerInvocationHandler : Creating new EntityManager for shared EntityManager invocation
2025-12-03T17:26:15.034+01:00  WARN 33721 --- [smboutique-backend] [           main] org.hibernate.orm.deprecation            : HHH90000021: Encountered deprecated setting [javax.persistence.query.timeout], use [jakarta.persistence.query.timeout] instead
2025-12-03T17:26:15.034+01:00 DEBUG 33721 --- [smboutique-backend] [           main] org.hibernate.SQL                        : 
    select
        p1_0.id_permission,
        p1_0.description,
        p1_0.name 
    from
        permission p1_0 
    where
        p1_0.name=?
Hibernate: 
    select
        p1_0.id_permission,
        p1_0.description,
        p1_0.name 
    from
        permission p1_0 
    where
        p1_0.name=?
2025-12-03T17:26:15.036+01:00 DEBUG 33721 --- [smboutique-backend] [           main] tor$SharedEntityManagerInvocationHandler : Creating new EntityManager for shared EntityManager invocation
2025-12-03T17:26:15.036+01:00  WARN 33721 --- [smboutique-backend] [           main] org.hibernate.orm.deprecation            : HHH90000021: Encountered deprecated setting [javax.persistence.query.timeout], use [jakarta.persistence.query.timeout] instead
2025-12-03T17:26:15.037+01:00 DEBUG 33721 --- [smboutique-backend] [           main] org.hibernate.SQL                        : 
    select
        p1_0.id_permission,
        p1_0.description,
        p1_0.name 
    from
        permission p1_0 
    where
        p1_0.name=?
Hibernate: 
    select
        p1_0.id_permission,
        p1_0.description,
        p1_0.name 
    from
        permission p1_0 
    where
        p1_0.name=?
2025-12-03T17:26:15.038+01:00 DEBUG 33721 --- [smboutique-backend] [           main] tor$SharedEntityManagerInvocationHandler : Creating new EntityManager for shared EntityManager invocation
2025-12-03T17:26:15.039+01:00  WARN 33721 --- [smboutique-backend] [           main] org.hibernate.orm.deprecation            : HHH90000021: Encountered deprecated setting [javax.persistence.query.timeout], use [jakarta.persistence.query.timeout] instead
2025-12-03T17:26:15.039+01:00 DEBUG 33721 --- [smboutique-backend] [           main] org.hibernate.SQL                        : 
    select
        p1_0.id_permission,
        p1_0.description,
        p1_0.name 
    from
        permission p1_0 
    where
        p1_0.name=?
Hibernate: 
    select
        p1_0.id_permission,
        p1_0.description,
        p1_0.name 
    from
        permission p1_0 
    where
        p1_0.name=?
2025-12-03T17:26:15.041+01:00 DEBUG 33721 --- [smboutique-backend] [           main] tor$SharedEntityManagerInvocationHandler : Creating new EntityManager for shared EntityManager invocation
2025-12-03T17:26:15.041+01:00  WARN 33721 --- [smboutique-backend] [           main] org.hibernate.orm.deprecation            : HHH90000021: Encountered deprecated setting [javax.persistence.query.timeout], use [jakarta.persistence.query.timeout] instead
2025-12-03T17:26:15.042+01:00 DEBUG 33721 --- [smboutique-backend] [           main] org.hibernate.SQL                        : 
    select
        p1_0.id_permission,
        p1_0.description,
        p1_0.name 
    from
        permission p1_0 
    where
        p1_0.name=?
Hibernate: 
    select
        p1_0.id_permission,
        p1_0.description,
        p1_0.name 
    from
        permission p1_0 
    where
        p1_0.name=?
2025-12-03T17:26:15.043+01:00 DEBUG 33721 --- [smboutique-backend] [           main] tor$SharedEntityManagerInvocationHandler : Creating new EntityManager for shared EntityManager invocation
2025-12-03T17:26:15.043+01:00  WARN 33721 --- [smboutique-backend] [           main] org.hibernate.orm.deprecation            : HHH90000021: Encountered deprecated setting [javax.persistence.query.timeout], use [jakarta.persistence.query.timeout] instead
2025-12-03T17:26:15.044+01:00 DEBUG 33721 --- [smboutique-backend] [           main] org.hibernate.SQL                        : 
    select
        p1_0.id_permission,
        p1_0.description,
        p1_0.name 
    from
        permission p1_0 
    where
        p1_0.name=?
Hibernate: 
    select
        p1_0.id_permission,
        p1_0.description,
        p1_0.name 
    from
        permission p1_0 
    where
        p1_0.name=?
2025-12-03T17:26:15.045+01:00 DEBUG 33721 --- [smboutique-backend] [           main] tor$SharedEntityManagerInvocationHandler : Creating new EntityManager for shared EntityManager invocation
2025-12-03T17:26:15.046+01:00  WARN 33721 --- [smboutique-backend] [           main] org.hibernate.orm.deprecation            : HHH90000021: Encountered deprecated setting [javax.persistence.query.timeout], use [jakarta.persistence.query.timeout] instead
2025-12-03T17:26:15.046+01:00 DEBUG 33721 --- [smboutique-backend] [           main] org.hibernate.SQL                        : 
    select
        p1_0.id_permission,
        p1_0.description,
        p1_0.name 
    from
        permission p1_0 
    where
        p1_0.name=?
Hibernate: 
    select
        p1_0.id_permission,
        p1_0.description,
        p1_0.name 
    from
        permission p1_0 
    where
        p1_0.name=?
2025-12-03T17:26:15.048+01:00 DEBUG 33721 --- [smboutique-backend] [           main] tor$SharedEntityManagerInvocationHandler : Creating new EntityManager for shared EntityManager invocation
2025-12-03T17:26:15.048+01:00  WARN 33721 --- [smboutique-backend] [           main] org.hibernate.orm.deprecation            : HHH90000021: Encountered deprecated setting [javax.persistence.query.timeout], use [jakarta.persistence.query.timeout] instead
2025-12-03T17:26:15.049+01:00 DEBUG 33721 --- [smboutique-backend] [           main] org.hibernate.SQL                        : 
    select
        p1_0.id_permission,
        p1_0.description,
        p1_0.name 
    from
        permission p1_0 
    where
        p1_0.name=?
Hibernate: 
    select
        p1_0.id_permission,
        p1_0.description,
        p1_0.name 
    from
        permission p1_0 
    where
        p1_0.name=?
2025-12-03T17:26:15.050+01:00 DEBUG 33721 --- [smboutique-backend] [           main] tor$SharedEntityManagerInvocationHandler : Creating new EntityManager for shared EntityManager invocation
2025-12-03T17:26:15.051+01:00  WARN 33721 --- [smboutique-backend] [           main] org.hibernate.orm.deprecation            : HHH90000021: Encountered deprecated setting [javax.persistence.query.timeout], use [jakarta.persistence.query.timeout] instead
2025-12-03T17:26:15.052+01:00 DEBUG 33721 --- [smboutique-backend] [           main] org.hibernate.SQL                        : 
    select
        p1_0.id_permission,
        p1_0.description,
        p1_0.name 
    from
        permission p1_0 
    where
        p1_0.name=?
Hibernate: 
    select
        p1_0.id_permission,
        p1_0.description,
        p1_0.name 
    from
        permission p1_0 
    where
        p1_0.name=?
2025-12-03T17:26:15.053+01:00 DEBUG 33721 --- [smboutique-backend] [           main] tor$SharedEntityManagerInvocationHandler : Creating new EntityManager for shared EntityManager invocation
2025-12-03T17:26:15.054+01:00  WARN 33721 --- [smboutique-backend] [           main] org.hibernate.orm.deprecation            : HHH90000021: Encountered deprecated setting [javax.persistence.query.timeout], use [jakarta.persistence.query.timeout] instead
2025-12-03T17:26:15.054+01:00 DEBUG 33721 --- [smboutique-backend] [           main] org.hibernate.SQL                        : 
    select
        p1_0.id_permission,
        p1_0.description,
        p1_0.name 
    from
        permission p1_0 
    where
        p1_0.name=?
Hibernate: 
    select
        p1_0.id_permission,
        p1_0.description,
        p1_0.name 
    from
        permission p1_0 
    where
        p1_0.name=?
2025-12-03T17:26:15.056+01:00 DEBUG 33721 --- [smboutique-backend] [           main] tor$SharedEntityManagerInvocationHandler : Creating new EntityManager for shared EntityManager invocation
2025-12-03T17:26:15.056+01:00  WARN 33721 --- [smboutique-backend] [           main] org.hibernate.orm.deprecation            : HHH90000021: Encountered deprecated setting [javax.persistence.query.timeout], use [jakarta.persistence.query.timeout] instead
2025-12-03T17:26:15.057+01:00 DEBUG 33721 --- [smboutique-backend] [           main] org.hibernate.SQL                        : 
    select
        p1_0.id_permission,
        p1_0.description,
        p1_0.name 
    from
        permission p1_0 
    where
        p1_0.name=?
Hibernate: 
    select
        p1_0.id_permission,
        p1_0.description,
        p1_0.name 
    from
        permission p1_0 
    where
        p1_0.name=?
2025-12-03T17:26:15.058+01:00 DEBUG 33721 --- [smboutique-backend] [           main] tor$SharedEntityManagerInvocationHandler : Creating new EntityManager for shared EntityManager invocation
2025-12-03T17:26:15.059+01:00  WARN 33721 --- [smboutique-backend] [           main] org.hibernate.orm.deprecation            : HHH90000021: Encountered deprecated setting [javax.persistence.query.timeout], use [jakarta.persistence.query.timeout] instead
2025-12-03T17:26:15.060+01:00 DEBUG 33721 --- [smboutique-backend] [           main] org.hibernate.SQL                        : 
    select
        p1_0.id_permission,
        p1_0.description,
        p1_0.name 
    from
        permission p1_0 
    where
        p1_0.name=?
Hibernate: 
    select
        p1_0.id_permission,
        p1_0.description,
        p1_0.name 
    from
        permission p1_0 
    where
        p1_0.name=?
2025-12-03T17:26:15.061+01:00 DEBUG 33721 --- [smboutique-backend] [           main] tor$SharedEntityManagerInvocationHandler : Creating new EntityManager for shared EntityManager invocation
2025-12-03T17:26:15.061+01:00  WARN 33721 --- [smboutique-backend] [           main] org.hibernate.orm.deprecation            : HHH90000021: Encountered deprecated setting [javax.persistence.query.timeout], use [jakarta.persistence.query.timeout] instead
2025-12-03T17:26:15.062+01:00 DEBUG 33721 --- [smboutique-backend] [           main] org.hibernate.SQL                        : 
    select
        p1_0.id_permission,
        p1_0.description,
        p1_0.name 
    from
        permission p1_0 
    where
        p1_0.name=?
Hibernate: 
    select
        p1_0.id_permission,
        p1_0.description,
        p1_0.name 
    from
        permission p1_0 
    where
        p1_0.name=?
2025-12-03T17:26:15.063+01:00 DEBUG 33721 --- [smboutique-backend] [           main] tor$SharedEntityManagerInvocationHandler : Creating new EntityManager for shared EntityManager invocation
2025-12-03T17:26:15.063+01:00  WARN 33721 --- [smboutique-backend] [           main] org.hibernate.orm.deprecation            : HHH90000021: Encountered deprecated setting [javax.persistence.query.timeout], use [jakarta.persistence.query.timeout] instead
2025-12-03T17:26:15.064+01:00 DEBUG 33721 --- [smboutique-backend] [           main] org.hibernate.SQL                        : 
    select
        p1_0.id_permission,
        p1_0.description,
        p1_0.name 
    from
        permission p1_0 
    where
        p1_0.name=?
Hibernate: 
    select
        p1_0.id_permission,
        p1_0.description,
        p1_0.name 
    from
        permission p1_0 
    where
        p1_0.name=?
2025-12-03T17:26:15.065+01:00 DEBUG 33721 --- [smboutique-backend] [           main] tor$SharedEntityManagerInvocationHandler : Creating new EntityManager for shared EntityManager invocation
2025-12-03T17:26:15.066+01:00  WARN 33721 --- [smboutique-backend] [           main] org.hibernate.orm.deprecation            : HHH90000021: Encountered deprecated setting [javax.persistence.query.timeout], use [jakarta.persistence.query.timeout] instead
2025-12-03T17:26:15.067+01:00 DEBUG 33721 --- [smboutique-backend] [           main] org.hibernate.SQL                        : 
    select
        p1_0.id_permission,
        p1_0.description,
        p1_0.name 
    from
        permission p1_0 
    where
        p1_0.name=?
Hibernate: 
    select
        p1_0.id_permission,
        p1_0.description,
        p1_0.name 
    from
        permission p1_0 
    where
        p1_0.name=?
2025-12-03T17:26:15.068+01:00 DEBUG 33721 --- [smboutique-backend] [           main] tor$SharedEntityManagerInvocationHandler : Creating new EntityManager for shared EntityManager invocation
2025-12-03T17:26:15.068+01:00  WARN 33721 --- [smboutique-backend] [           main] org.hibernate.orm.deprecation            : HHH90000021: Encountered deprecated setting [javax.persistence.query.timeout], use [jakarta.persistence.query.timeout] instead
2025-12-03T17:26:15.069+01:00 DEBUG 33721 --- [smboutique-backend] [           main] org.hibernate.SQL                        : 
    select
        p1_0.id_permission,
        p1_0.description,
        p1_0.name 
    from
        permission p1_0 
    where
        p1_0.name=?
Hibernate: 
    select
        p1_0.id_permission,
        p1_0.description,
        p1_0.name 
    from
        permission p1_0 
    where
        p1_0.name=?
2025-12-03T17:26:15.070+01:00 DEBUG 33721 --- [smboutique-backend] [           main] tor$SharedEntityManagerInvocationHandler : Creating new EntityManager for shared EntityManager invocation
2025-12-03T17:26:15.070+01:00  WARN 33721 --- [smboutique-backend] [           main] org.hibernate.orm.deprecation            : HHH90000021: Encountered deprecated setting [javax.persistence.query.timeout], use [jakarta.persistence.query.timeout] instead
2025-12-03T17:26:15.071+01:00 DEBUG 33721 --- [smboutique-backend] [           main] org.hibernate.SQL                        : 
    select
        p1_0.id_permission,
        p1_0.description,
        p1_0.name 
    from
        permission p1_0 
    where
        p1_0.name=?
Hibernate: 
    select
        p1_0.id_permission,
        p1_0.description,
        p1_0.name 
    from
        permission p1_0 
    where
        p1_0.name=?
2025-12-03T17:26:15.073+01:00 DEBUG 33721 --- [smboutique-backend] [           main] tor$SharedEntityManagerInvocationHandler : Creating new EntityManager for shared EntityManager invocation
2025-12-03T17:26:15.074+01:00  WARN 33721 --- [smboutique-backend] [           main] org.hibernate.orm.deprecation            : HHH90000021: Encountered deprecated setting [javax.persistence.query.timeout], use [jakarta.persistence.query.timeout] instead
2025-12-03T17:26:15.075+01:00 DEBUG 33721 --- [smboutique-backend] [           main] org.hibernate.SQL                        : 
    select
        p1_0.id_permission,
        p1_0.description,
        p1_0.name 
    from
        permission p1_0 
    where
        p1_0.name=?
Hibernate: 
    select
        p1_0.id_permission,
        p1_0.description,
        p1_0.name 
    from
        permission p1_0 
    where
        p1_0.name=?
2025-12-03T17:26:15.076+01:00 DEBUG 33721 --- [smboutique-backend] [           main] tor$SharedEntityManagerInvocationHandler : Creating new EntityManager for shared EntityManager invocation
2025-12-03T17:26:15.077+01:00  WARN 33721 --- [smboutique-backend] [           main] org.hibernate.orm.deprecation            : HHH90000021: Encountered deprecated setting [javax.persistence.query.timeout], use [jakarta.persistence.query.timeout] instead
2025-12-03T17:26:15.078+01:00 DEBUG 33721 --- [smboutique-backend] [           main] org.hibernate.SQL                        : 
    select
        p1_0.id_permission,
        p1_0.description,
        p1_0.name 
    from
        permission p1_0 
    where
        p1_0.name=?
Hibernate: 
    select
        p1_0.id_permission,
        p1_0.description,
        p1_0.name 
    from
        permission p1_0 
    where
        p1_0.name=?
2025-12-03T17:26:15.080+01:00 DEBUG 33721 --- [smboutique-backend] [           main] tor$SharedEntityManagerInvocationHandler : Creating new EntityManager for shared EntityManager invocation
2025-12-03T17:26:15.080+01:00  WARN 33721 --- [smboutique-backend] [           main] org.hibernate.orm.deprecation            : HHH90000021: Encountered deprecated setting [javax.persistence.query.timeout], use [jakarta.persistence.query.timeout] instead
2025-12-03T17:26:15.081+01:00 DEBUG 33721 --- [smboutique-backend] [           main] org.hibernate.SQL                        : 
    select
        p1_0.id_permission,
        p1_0.description,
        p1_0.name 
    from
        permission p1_0 
    where
        p1_0.name=?
Hibernate: 
    select
        p1_0.id_permission,
        p1_0.description,
        p1_0.name 
    from
        permission p1_0 
    where
        p1_0.name=?
2025-12-03T17:26:15.083+01:00 DEBUG 33721 --- [smboutique-backend] [           main] tor$SharedEntityManagerInvocationHandler : Creating new EntityManager for shared EntityManager invocation
2025-12-03T17:26:15.083+01:00  WARN 33721 --- [smboutique-backend] [           main] org.hibernate.orm.deprecation            : HHH90000021: Encountered deprecated setting [javax.persistence.query.timeout], use [jakarta.persistence.query.timeout] instead
2025-12-03T17:26:15.084+01:00 DEBUG 33721 --- [smboutique-backend] [           main] org.hibernate.SQL                        : 
    select
        p1_0.id_permission,
        p1_0.description,
        p1_0.name 
    from
        permission p1_0 
    where
        p1_0.name=?
Hibernate: 
    select
        p1_0.id_permission,
        p1_0.description,
        p1_0.name 
    from
        permission p1_0 
    where
        p1_0.name=?
2025-12-03T17:26:15.085+01:00 DEBUG 33721 --- [smboutique-backend] [           main] tor$SharedEntityManagerInvocationHandler : Creating new EntityManager for shared EntityManager invocation
2025-12-03T17:26:15.086+01:00  WARN 33721 --- [smboutique-backend] [           main] org.hibernate.orm.deprecation            : HHH90000021: Encountered deprecated setting [javax.persistence.query.timeout], use [jakarta.persistence.query.timeout] instead
2025-12-03T17:26:15.086+01:00 DEBUG 33721 --- [smboutique-backend] [           main] org.hibernate.SQL                        : 
    select
        p1_0.id_permission,
        p1_0.description,
        p1_0.name 
    from
        permission p1_0 
    where
        p1_0.name=?
Hibernate: 
    select
        p1_0.id_permission,
        p1_0.description,
        p1_0.name 
    from
        permission p1_0 
    where
        p1_0.name=?
2025-12-03T17:26:15.088+01:00 DEBUG 33721 --- [smboutique-backend] [           main] o.s.orm.jpa.JpaTransactionManager        : Creating new transaction with name [org.springframework.data.jpa.repository.support.SimpleJpaRepository.save]: PROPAGATION_REQUIRED,ISOLATION_DEFAULT
2025-12-03T17:26:15.088+01:00 DEBUG 33721 --- [smboutique-backend] [           main] o.s.orm.jpa.JpaTransactionManager        : Opened new EntityManager [SessionImpl(1085252849<open>)] for JPA transaction
2025-12-03T17:26:15.088+01:00 DEBUG 33721 --- [smboutique-backend] [           main] o.s.orm.jpa.JpaTransactionManager        : Exposing JPA transaction as JDBC [org.springframework.orm.jpa.vendor.HibernateJpaDialect$HibernateConnectionHandle@233b5c71]
2025-12-03T17:26:15.089+01:00 DEBUG 33721 --- [smboutique-backend] [           main] org.hibernate.SQL                        : 
    insert 
    into
        role
        (description, name) 
    values
        (?, ?)
Hibernate: 
    insert 
    into
        role
        (description, name) 
    values
        (?, ?)
2025-12-03T17:26:15.090+01:00 DEBUG 33721 --- [smboutique-backend] [           main] o.s.orm.jpa.JpaTransactionManager        : Initiating transaction commit
2025-12-03T17:26:15.090+01:00 DEBUG 33721 --- [smboutique-backend] [           main] o.s.orm.jpa.JpaTransactionManager        : Committing JPA transaction on EntityManager [SessionImpl(1085252849<open>)]
2025-12-03T17:26:15.090+01:00 DEBUG 33721 --- [smboutique-backend] [           main] org.hibernate.SQL                        : 
    insert 
    into
        role_permissions
        (role_id, permission_id) 
    values
        (?, ?)
Hibernate: 
    insert 
    into
        role_permissions
        (role_id, permission_id) 
    values
        (?, ?)
2025-12-03T17:26:15.091+01:00 DEBUG 33721 --- [smboutique-backend] [           main] org.hibernate.SQL                        : 
    insert 
    into
        role_permissions
        (role_id, permission_id) 
    values
        (?, ?)
Hibernate: 
    insert 
    into
        role_permissions
        (role_id, permission_id) 
    values
        (?, ?)
2025-12-03T17:26:15.091+01:00 DEBUG 33721 --- [smboutique-backend] [           main] org.hibernate.SQL                        : 
    insert 
    into
        role_permissions
        (role_id, permission_id) 
    values
        (?, ?)
Hibernate: 
    insert 
    into
        role_permissions
        (role_id, permission_id) 
    values
        (?, ?)
2025-12-03T17:26:15.091+01:00 DEBUG 33721 --- [smboutique-backend] [           main] org.hibernate.SQL                        : 
    insert 
    into
        role_permissions
        (role_id, permission_id) 
    values
        (?, ?)
Hibernate: 
    insert 
    into
        role_permissions
        (role_id, permission_id) 
    values
        (?, ?)
2025-12-03T17:26:15.091+01:00 DEBUG 33721 --- [smboutique-backend] [           main] org.hibernate.SQL                        : 
    insert 
    into
        role_permissions
        (role_id, permission_id) 
    values
        (?, ?)
Hibernate: 
    insert 
    into
        role_permissions
        (role_id, permission_id) 
    values
        (?, ?)
2025-12-03T17:26:15.091+01:00 DEBUG 33721 --- [smboutique-backend] [           main] org.hibernate.SQL                        : 
    insert 
    into
        role_permissions
        (role_id, permission_id) 
    values
        (?, ?)
Hibernate: 
    insert 
    into
        role_permissions
        (role_id, permission_id) 
    values
        (?, ?)
2025-12-03T17:26:15.091+01:00 DEBUG 33721 --- [smboutique-backend] [           main] org.hibernate.SQL                        : 
    insert 
    into
        role_permissions
        (role_id, permission_id) 
    values
        (?, ?)
Hibernate: 
    insert 
    into
        role_permissions
        (role_id, permission_id) 
    values
        (?, ?)
2025-12-03T17:26:15.091+01:00 DEBUG 33721 --- [smboutique-backend] [           main] org.hibernate.SQL                        : 
    insert 
    into
        role_permissions
        (role_id, permission_id) 
    values
        (?, ?)
Hibernate: 
    insert 
    into
        role_permissions
        (role_id, permission_id) 
    values
        (?, ?)
2025-12-03T17:26:15.092+01:00 DEBUG 33721 --- [smboutique-backend] [           main] org.hibernate.SQL                        : 
    insert 
    into
        role_permissions
        (role_id, permission_id) 
    values
        (?, ?)
Hibernate: 
    insert 
    into
        role_permissions
        (role_id, permission_id) 
    values
        (?, ?)
2025-12-03T17:26:15.092+01:00 DEBUG 33721 --- [smboutique-backend] [           main] org.hibernate.SQL                        : 
    insert 
    into
        role_permissions
        (role_id, permission_id) 
    values
        (?, ?)
Hibernate: 
    insert 
    into
        role_permissions
        (role_id, permission_id) 
    values
        (?, ?)
2025-12-03T17:26:15.092+01:00 DEBUG 33721 --- [smboutique-backend] [           main] org.hibernate.SQL                        : 
    insert 
    into
        role_permissions
        (role_id, permission_id) 
    values
        (?, ?)
Hibernate: 
    insert 
    into
        role_permissions
        (role_id, permission_id) 
    values
        (?, ?)
2025-12-03T17:26:15.092+01:00 DEBUG 33721 --- [smboutique-backend] [           main] org.hibernate.SQL                        : 
    insert 
    into
        role_permissions
        (role_id, permission_id) 
    values
        (?, ?)
Hibernate: 
    insert 
    into
        role_permissions
        (role_id, permission_id) 
    values
        (?, ?)
2025-12-03T17:26:15.092+01:00 DEBUG 33721 --- [smboutique-backend] [           main] org.hibernate.SQL                        : 
    insert 
    into
        role_permissions
        (role_id, permission_id) 
    values
        (?, ?)
Hibernate: 
    insert 
    into
        role_permissions
        (role_id, permission_id) 
    values
        (?, ?)
2025-12-03T17:26:15.092+01:00 DEBUG 33721 --- [smboutique-backend] [           main] org.hibernate.SQL                        : 
    insert 
    into
        role_permissions
        (role_id, permission_id) 
    values
        (?, ?)
Hibernate: 
    insert 
    into
        role_permissions
        (role_id, permission_id) 
    values
        (?, ?)
2025-12-03T17:26:15.092+01:00 DEBUG 33721 --- [smboutique-backend] [           main] org.hibernate.SQL                        : 
    insert 
    into
        role_permissions
        (role_id, permission_id) 
    values
        (?, ?)
Hibernate: 
    insert 
    into
        role_permissions
        (role_id, permission_id) 
    values
        (?, ?)
2025-12-03T17:26:15.093+01:00 DEBUG 33721 --- [smboutique-backend] [           main] org.hibernate.SQL                        : 
    insert 
    into
        role_permissions
        (role_id, permission_id) 
    values
        (?, ?)
Hibernate: 
    insert 
    into
        role_permissions
        (role_id, permission_id) 
    values
        (?, ?)
2025-12-03T17:26:15.093+01:00 DEBUG 33721 --- [smboutique-backend] [           main] org.hibernate.SQL                        : 
    insert 
    into
        role_permissions
        (role_id, permission_id) 
    values
        (?, ?)
Hibernate: 
    insert 
    into
        role_permissions
        (role_id, permission_id) 
    values
        (?, ?)
2025-12-03T17:26:15.093+01:00 DEBUG 33721 --- [smboutique-backend] [           main] org.hibernate.SQL                        : 
    insert 
    into
        role_permissions
        (role_id, permission_id) 
    values
        (?, ?)
Hibernate: 
    insert 
    into
        role_permissions
        (role_id, permission_id) 
    values
        (?, ?)
2025-12-03T17:26:15.093+01:00 DEBUG 33721 --- [smboutique-backend] [           main] org.hibernate.SQL                        : 
    insert 
    into
        role_permissions
        (role_id, permission_id) 
    values
        (?, ?)
Hibernate: 
    insert 
    into
        role_permissions
        (role_id, permission_id) 
    values
        (?, ?)
2025-12-03T17:26:15.093+01:00 DEBUG 33721 --- [smboutique-backend] [           main] org.hibernate.SQL                        : 
    insert 
    into
        role_permissions
        (role_id, permission_id) 
    values
        (?, ?)
Hibernate: 
    insert 
    into
        role_permissions
        (role_id, permission_id) 
    values
        (?, ?)
2025-12-03T17:26:15.097+01:00 DEBUG 33721 --- [smboutique-backend] [           main] org.hibernate.SQL                        : 
    insert 
    into
        role_permissions
        (role_id, permission_id) 
    values
        (?, ?)
Hibernate: 
    insert 
    into
        role_permissions
        (role_id, permission_id) 
    values
        (?, ?)
2025-12-03T17:26:15.097+01:00 DEBUG 33721 --- [smboutique-backend] [           main] org.hibernate.SQL                        : 
    insert 
    into
        role_permissions
        (role_id, permission_id) 
    values
        (?, ?)
Hibernate: 
    insert 
    into
        role_permissions
        (role_id, permission_id) 
    values
        (?, ?)
2025-12-03T17:26:15.098+01:00 DEBUG 33721 --- [smboutique-backend] [           main] org.hibernate.SQL                        : 
    insert 
    into
        role_permissions
        (role_id, permission_id) 
    values
        (?, ?)
Hibernate: 
    insert 
    into
        role_permissions
        (role_id, permission_id) 
    values
        (?, ?)
2025-12-03T17:26:15.098+01:00 DEBUG 33721 --- [smboutique-backend] [           main] org.hibernate.SQL                        : 
    insert 
    into
        role_permissions
        (role_id, permission_id) 
    values
        (?, ?)
Hibernate: 
    insert 
    into
        role_permissions
        (role_id, permission_id) 
    values
        (?, ?)
2025-12-03T17:26:15.098+01:00 DEBUG 33721 --- [smboutique-backend] [           main] org.hibernate.SQL                        : 
    insert 
    into
        role_permissions
        (role_id, permission_id) 
    values
        (?, ?)
Hibernate: 
    insert 
    into
        role_permissions
        (role_id, permission_id) 
    values
        (?, ?)
2025-12-03T17:26:15.098+01:00 DEBUG 33721 --- [smboutique-backend] [           main] org.hibernate.SQL                        : 
    insert 
    into
        role_permissions
        (role_id, permission_id) 
    values
        (?, ?)
Hibernate: 
    insert 
    into
        role_permissions
        (role_id, permission_id) 
    values
        (?, ?)
2025-12-03T17:26:15.098+01:00 DEBUG 33721 --- [smboutique-backend] [           main] org.hibernate.SQL                        : 
    insert 
    into
        role_permissions
        (role_id, permission_id) 
    values
        (?, ?)
Hibernate: 
    insert 
    into
        role_permissions
        (role_id, permission_id) 
    values
        (?, ?)
2025-12-03T17:26:15.098+01:00 DEBUG 33721 --- [smboutique-backend] [           main] org.hibernate.SQL                        : 
    insert 
    into
        role_permissions
        (role_id, permission_id) 
    values
        (?, ?)
Hibernate: 
    insert 
    into
        role_permissions
        (role_id, permission_id) 
    values
        (?, ?)
2025-12-03T17:26:15.102+01:00 DEBUG 33721 --- [smboutique-backend] [           main] o.s.orm.jpa.JpaTransactionManager        : Closing JPA EntityManager [SessionImpl(1085252849<open>)] after transaction
2025-12-03T17:26:15.102+01:00 DEBUG 33721 --- [smboutique-backend] [           main] c.smboutique.api.config.DataInitializer  : Role ADMIN created with 28 permissions
2025-12-03T17:26:15.102+01:00 DEBUG 33721 --- [smboutique-backend] [           main] c.smboutique.api.config.DataInitializer  : Creating role: MANAGER
2025-12-03T17:26:15.102+01:00 DEBUG 33721 --- [smboutique-backend] [           main] tor$SharedEntityManagerInvocationHandler : Creating new EntityManager for shared EntityManager invocation
2025-12-03T17:26:15.102+01:00  WARN 33721 --- [smboutique-backend] [           main] org.hibernate.orm.deprecation            : HHH90000021: Encountered deprecated setting [javax.persistence.query.timeout], use [jakarta.persistence.query.timeout] instead
2025-12-03T17:26:15.103+01:00 DEBUG 33721 --- [smboutique-backend] [           main] org.hibernate.SQL                        : 
    select
        p1_0.id_permission,
        p1_0.description,
        p1_0.name 
    from
        permission p1_0 
    where
        p1_0.name=?
Hibernate: 
    select
        p1_0.id_permission,
        p1_0.description,
        p1_0.name 
    from
        permission p1_0 
    where
        p1_0.name=?
2025-12-03T17:26:15.104+01:00 DEBUG 33721 --- [smboutique-backend] [           main] tor$SharedEntityManagerInvocationHandler : Creating new EntityManager for shared EntityManager invocation
2025-12-03T17:26:15.105+01:00  WARN 33721 --- [smboutique-backend] [           main] org.hibernate.orm.deprecation            : HHH90000021: Encountered deprecated setting [javax.persistence.query.timeout], use [jakarta.persistence.query.timeout] instead
2025-12-03T17:26:15.106+01:00 DEBUG 33721 --- [smboutique-backend] [           main] org.hibernate.SQL                        : 
    select
        p1_0.id_permission,
        p1_0.description,
        p1_0.name 
    from
        permission p1_0 
    where
        p1_0.name=?
Hibernate: 
    select
        p1_0.id_permission,
        p1_0.description,
        p1_0.name 
    from
        permission p1_0 
    where
        p1_0.name=?
2025-12-03T17:26:15.107+01:00 DEBUG 33721 --- [smboutique-backend] [           main] tor$SharedEntityManagerInvocationHandler : Creating new EntityManager for shared EntityManager invocation
2025-12-03T17:26:15.107+01:00  WARN 33721 --- [smboutique-backend] [           main] org.hibernate.orm.deprecation            : HHH90000021: Encountered deprecated setting [javax.persistence.query.timeout], use [jakarta.persistence.query.timeout] instead
2025-12-03T17:26:15.108+01:00 DEBUG 33721 --- [smboutique-backend] [           main] org.hibernate.SQL                        : 
    select
        p1_0.id_permission,
        p1_0.description,
        p1_0.name 
    from
        permission p1_0 
    where
        p1_0.name=?
Hibernate: 
    select
        p1_0.id_permission,
        p1_0.description,
        p1_0.name 
    from
        permission p1_0 
    where
        p1_0.name=?
2025-12-03T17:26:15.109+01:00 DEBUG 33721 --- [smboutique-backend] [           main] tor$SharedEntityManagerInvocationHandler : Creating new EntityManager for shared EntityManager invocation
2025-12-03T17:26:15.110+01:00  WARN 33721 --- [smboutique-backend] [           main] org.hibernate.orm.deprecation            : HHH90000021: Encountered deprecated setting [javax.persistence.query.timeout], use [jakarta.persistence.query.timeout] instead
2025-12-03T17:26:15.110+01:00 DEBUG 33721 --- [smboutique-backend] [           main] org.hibernate.SQL                        : 
    select
        p1_0.id_permission,
        p1_0.description,
        p1_0.name 
    from
        permission p1_0 
    where
        p1_0.name=?
Hibernate: 
    select
        p1_0.id_permission,
        p1_0.description,
        p1_0.name 
    from
        permission p1_0 
    where
        p1_0.name=?
2025-12-03T17:26:15.111+01:00 DEBUG 33721 --- [smboutique-backend] [           main] tor$SharedEntityManagerInvocationHandler : Creating new EntityManager for shared EntityManager invocation
2025-12-03T17:26:15.112+01:00  WARN 33721 --- [smboutique-backend] [           main] org.hibernate.orm.deprecation            : HHH90000021: Encountered deprecated setting [javax.persistence.query.timeout], use [jakarta.persistence.query.timeout] instead
2025-12-03T17:26:15.112+01:00 DEBUG 33721 --- [smboutique-backend] [           main] org.hibernate.SQL                        : 
    select
        p1_0.id_permission,
        p1_0.description,
        p1_0.name 
    from
        permission p1_0 
    where
        p1_0.name=?
Hibernate: 
    select
        p1_0.id_permission,
        p1_0.description,
        p1_0.name 
    from
        permission p1_0 
    where
        p1_0.name=?
2025-12-03T17:26:15.113+01:00 DEBUG 33721 --- [smboutique-backend] [           main] tor$SharedEntityManagerInvocationHandler : Creating new EntityManager for shared EntityManager invocation
2025-12-03T17:26:15.114+01:00  WARN 33721 --- [smboutique-backend] [           main] org.hibernate.orm.deprecation            : HHH90000021: Encountered deprecated setting [javax.persistence.query.timeout], use [jakarta.persistence.query.timeout] instead
2025-12-03T17:26:15.114+01:00 DEBUG 33721 --- [smboutique-backend] [           main] org.hibernate.SQL                        : 
    select
        p1_0.id_permission,
        p1_0.description,
        p1_0.name 
    from
        permission p1_0 
    where
        p1_0.name=?
Hibernate: 
    select
        p1_0.id_permission,
        p1_0.description,
        p1_0.name 
    from
        permission p1_0 
    where
        p1_0.name=?
2025-12-03T17:26:15.116+01:00 DEBUG 33721 --- [smboutique-backend] [           main] tor$SharedEntityManagerInvocationHandler : Creating new EntityManager for shared EntityManager invocation
2025-12-03T17:26:15.116+01:00  WARN 33721 --- [smboutique-backend] [           main] org.hibernate.orm.deprecation            : HHH90000021: Encountered deprecated setting [javax.persistence.query.timeout], use [jakarta.persistence.query.timeout] instead
2025-12-03T17:26:15.117+01:00 DEBUG 33721 --- [smboutique-backend] [           main] org.hibernate.SQL                        : 
    select
        p1_0.id_permission,
        p1_0.description,
        p1_0.name 
    from
        permission p1_0 
    where
        p1_0.name=?
Hibernate: 
    select
        p1_0.id_permission,
        p1_0.description,
        p1_0.name 
    from
        permission p1_0 
    where
        p1_0.name=?
2025-12-03T17:26:15.118+01:00 DEBUG 33721 --- [smboutique-backend] [           main] tor$SharedEntityManagerInvocationHandler : Creating new EntityManager for shared EntityManager invocation
2025-12-03T17:26:15.118+01:00  WARN 33721 --- [smboutique-backend] [           main] org.hibernate.orm.deprecation            : HHH90000021: Encountered deprecated setting [javax.persistence.query.timeout], use [jakarta.persistence.query.timeout] instead
2025-12-03T17:26:15.119+01:00 DEBUG 33721 --- [smboutique-backend] [           main] org.hibernate.SQL                        : 
    select
        p1_0.id_permission,
        p1_0.description,
        p1_0.name 
    from
        permission p1_0 
    where
        p1_0.name=?
Hibernate: 
    select
        p1_0.id_permission,
        p1_0.description,
        p1_0.name 
    from
        permission p1_0 
    where
        p1_0.name=?
2025-12-03T17:26:15.120+01:00 DEBUG 33721 --- [smboutique-backend] [           main] tor$SharedEntityManagerInvocationHandler : Creating new EntityManager for shared EntityManager invocation
2025-12-03T17:26:15.120+01:00  WARN 33721 --- [smboutique-backend] [           main] org.hibernate.orm.deprecation            : HHH90000021: Encountered deprecated setting [javax.persistence.query.timeout], use [jakarta.persistence.query.timeout] instead
2025-12-03T17:26:15.121+01:00 DEBUG 33721 --- [smboutique-backend] [           main] org.hibernate.SQL                        : 
    select
        p1_0.id_permission,
        p1_0.description,
        p1_0.name 
    from
        permission p1_0 
    where
        p1_0.name=?
Hibernate: 
    select
        p1_0.id_permission,
        p1_0.description,
        p1_0.name 
    from
        permission p1_0 
    where
        p1_0.name=?
2025-12-03T17:26:15.122+01:00 DEBUG 33721 --- [smboutique-backend] [           main] tor$SharedEntityManagerInvocationHandler : Creating new EntityManager for shared EntityManager invocation
2025-12-03T17:26:15.123+01:00  WARN 33721 --- [smboutique-backend] [           main] org.hibernate.orm.deprecation            : HHH90000021: Encountered deprecated setting [javax.persistence.query.timeout], use [jakarta.persistence.query.timeout] instead
2025-12-03T17:26:15.123+01:00 DEBUG 33721 --- [smboutique-backend] [           main] org.hibernate.SQL                        : 
    select
        p1_0.id_permission,
        p1_0.description,
        p1_0.name 
    from
        permission p1_0 
    where
        p1_0.name=?
Hibernate: 
    select
        p1_0.id_permission,
        p1_0.description,
        p1_0.name 
    from
        permission p1_0 
    where
        p1_0.name=?
2025-12-03T17:26:15.125+01:00 DEBUG 33721 --- [smboutique-backend] [           main] tor$SharedEntityManagerInvocationHandler : Creating new EntityManager for shared EntityManager invocation
2025-12-03T17:26:15.125+01:00  WARN 33721 --- [smboutique-backend] [           main] org.hibernate.orm.deprecation            : HHH90000021: Encountered deprecated setting [javax.persistence.query.timeout], use [jakarta.persistence.query.timeout] instead
2025-12-03T17:26:15.126+01:00 DEBUG 33721 --- [smboutique-backend] [           main] org.hibernate.SQL                        : 
    select
        p1_0.id_permission,
        p1_0.description,
        p1_0.name 
    from
        permission p1_0 
    where
        p1_0.name=?
Hibernate: 
    select
        p1_0.id_permission,
        p1_0.description,
        p1_0.name 
    from
        permission p1_0 
    where
        p1_0.name=?
2025-12-03T17:26:15.127+01:00 DEBUG 33721 --- [smboutique-backend] [           main] tor$SharedEntityManagerInvocationHandler : Creating new EntityManager for shared EntityManager invocation
2025-12-03T17:26:15.127+01:00  WARN 33721 --- [smboutique-backend] [           main] org.hibernate.orm.deprecation            : HHH90000021: Encountered deprecated setting [javax.persistence.query.timeout], use [jakarta.persistence.query.timeout] instead
2025-12-03T17:26:15.128+01:00 DEBUG 33721 --- [smboutique-backend] [           main] org.hibernate.SQL                        : 
    select
        p1_0.id_permission,
        p1_0.description,
        p1_0.name 
    from
        permission p1_0 
    where
        p1_0.name=?
Hibernate: 
    select
        p1_0.id_permission,
        p1_0.description,
        p1_0.name 
    from
        permission p1_0 
    where
        p1_0.name=?
2025-12-03T17:26:15.129+01:00 DEBUG 33721 --- [smboutique-backend] [           main] tor$SharedEntityManagerInvocationHandler : Creating new EntityManager for shared EntityManager invocation
2025-12-03T17:26:15.129+01:00  WARN 33721 --- [smboutique-backend] [           main] org.hibernate.orm.deprecation            : HHH90000021: Encountered deprecated setting [javax.persistence.query.timeout], use [jakarta.persistence.query.timeout] instead
2025-12-03T17:26:15.130+01:00 DEBUG 33721 --- [smboutique-backend] [           main] org.hibernate.SQL                        : 
    select
        p1_0.id_permission,
        p1_0.description,
        p1_0.name 
    from
        permission p1_0 
    where
        p1_0.name=?
Hibernate: 
    select
        p1_0.id_permission,
        p1_0.description,
        p1_0.name 
    from
        permission p1_0 
    where
        p1_0.name=?
2025-12-03T17:26:15.131+01:00 DEBUG 33721 --- [smboutique-backend] [           main] tor$SharedEntityManagerInvocationHandler : Creating new EntityManager for shared EntityManager invocation
2025-12-03T17:26:15.131+01:00  WARN 33721 --- [smboutique-backend] [           main] org.hibernate.orm.deprecation            : HHH90000021: Encountered deprecated setting [javax.persistence.query.timeout], use [jakarta.persistence.query.timeout] instead
2025-12-03T17:26:15.132+01:00 DEBUG 33721 --- [smboutique-backend] [           main] org.hibernate.SQL                        : 
    select
        p1_0.id_permission,
        p1_0.description,
        p1_0.name 
    from
        permission p1_0 
    where
        p1_0.name=?
Hibernate: 
    select
        p1_0.id_permission,
        p1_0.description,
        p1_0.name 
    from
        permission p1_0 
    where
        p1_0.name=?
2025-12-03T17:26:15.133+01:00 DEBUG 33721 --- [smboutique-backend] [           main] tor$SharedEntityManagerInvocationHandler : Creating new EntityManager for shared EntityManager invocation
2025-12-03T17:26:15.133+01:00  WARN 33721 --- [smboutique-backend] [           main] org.hibernate.orm.deprecation            : HHH90000021: Encountered deprecated setting [javax.persistence.query.timeout], use [jakarta.persistence.query.timeout] instead
2025-12-03T17:26:15.134+01:00 DEBUG 33721 --- [smboutique-backend] [           main] org.hibernate.SQL                        : 
    select
        p1_0.id_permission,
        p1_0.description,
        p1_0.name 
    from
        permission p1_0 
    where
        p1_0.name=?
Hibernate: 
    select
        p1_0.id_permission,
        p1_0.description,
        p1_0.name 
    from
        permission p1_0 
    where
        p1_0.name=?
2025-12-03T17:26:15.135+01:00 DEBUG 33721 --- [smboutique-backend] [           main] tor$SharedEntityManagerInvocationHandler : Creating new EntityManager for shared EntityManager invocation
2025-12-03T17:26:15.135+01:00  WARN 33721 --- [smboutique-backend] [           main] org.hibernate.orm.deprecation            : HHH90000021: Encountered deprecated setting [javax.persistence.query.timeout], use [jakarta.persistence.query.timeout] instead
2025-12-03T17:26:15.136+01:00 DEBUG 33721 --- [smboutique-backend] [           main] org.hibernate.SQL                        : 
    select
        p1_0.id_permission,
        p1_0.description,
        p1_0.name 
    from
        permission p1_0 
    where
        p1_0.name=?
Hibernate: 
    select
        p1_0.id_permission,
        p1_0.description,
        p1_0.name 
    from
        permission p1_0 
    where
        p1_0.name=?
2025-12-03T17:26:15.138+01:00 DEBUG 33721 --- [smboutique-backend] [           main] o.s.orm.jpa.JpaTransactionManager        : Creating new transaction with name [org.springframework.data.jpa.repository.support.SimpleJpaRepository.save]: PROPAGATION_REQUIRED,ISOLATION_DEFAULT
2025-12-03T17:26:15.138+01:00 DEBUG 33721 --- [smboutique-backend] [           main] o.s.orm.jpa.JpaTransactionManager        : Opened new EntityManager [SessionImpl(1962165946<open>)] for JPA transaction
2025-12-03T17:26:15.138+01:00 DEBUG 33721 --- [smboutique-backend] [           main] o.s.orm.jpa.JpaTransactionManager        : Exposing JPA transaction as JDBC [org.springframework.orm.jpa.vendor.HibernateJpaDialect$HibernateConnectionHandle@1cfca845]
2025-12-03T17:26:15.139+01:00 DEBUG 33721 --- [smboutique-backend] [           main] org.hibernate.SQL                        : 
    insert 
    into
        role
        (description, name) 
    values
        (?, ?)
Hibernate: 
    insert 
    into
        role
        (description, name) 
    values
        (?, ?)
2025-12-03T17:26:15.139+01:00 DEBUG 33721 --- [smboutique-backend] [           main] o.s.orm.jpa.JpaTransactionManager        : Initiating transaction commit
2025-12-03T17:26:15.140+01:00 DEBUG 33721 --- [smboutique-backend] [           main] o.s.orm.jpa.JpaTransactionManager        : Committing JPA transaction on EntityManager [SessionImpl(1962165946<open>)]
2025-12-03T17:26:15.140+01:00 DEBUG 33721 --- [smboutique-backend] [           main] org.hibernate.SQL                        : 
    insert 
    into
        role_permissions
        (role_id, permission_id) 
    values
        (?, ?)
Hibernate: 
    insert 
    into
        role_permissions
        (role_id, permission_id) 
    values
        (?, ?)
2025-12-03T17:26:15.140+01:00 DEBUG 33721 --- [smboutique-backend] [           main] org.hibernate.SQL                        : 
    insert 
    into
        role_permissions
        (role_id, permission_id) 
    values
        (?, ?)
Hibernate: 
    insert 
    into
        role_permissions
        (role_id, permission_id) 
    values
        (?, ?)
2025-12-03T17:26:15.140+01:00 DEBUG 33721 --- [smboutique-backend] [           main] org.hibernate.SQL                        : 
    insert 
    into
        role_permissions
        (role_id, permission_id) 
    values
        (?, ?)
Hibernate: 
    insert 
    into
        role_permissions
        (role_id, permission_id) 
    values
        (?, ?)
2025-12-03T17:26:15.140+01:00 DEBUG 33721 --- [smboutique-backend] [           main] org.hibernate.SQL                        : 
    insert 
    into
        role_permissions
        (role_id, permission_id) 
    values
        (?, ?)
Hibernate: 
    insert 
    into
        role_permissions
        (role_id, permission_id) 
    values
        (?, ?)
2025-12-03T17:26:15.140+01:00 DEBUG 33721 --- [smboutique-backend] [           main] org.hibernate.SQL                        : 
    insert 
    into
        role_permissions
        (role_id, permission_id) 
    values
        (?, ?)
Hibernate: 
    insert 
    into
        role_permissions
        (role_id, permission_id) 
    values
        (?, ?)
2025-12-03T17:26:15.140+01:00 DEBUG 33721 --- [smboutique-backend] [           main] org.hibernate.SQL                        : 
    insert 
    into
        role_permissions
        (role_id, permission_id) 
    values
        (?, ?)
Hibernate: 
    insert 
    into
        role_permissions
        (role_id, permission_id) 
    values
        (?, ?)
2025-12-03T17:26:15.141+01:00 DEBUG 33721 --- [smboutique-backend] [           main] org.hibernate.SQL                        : 
    insert 
    into
        role_permissions
        (role_id, permission_id) 
    values
        (?, ?)
Hibernate: 
    insert 
    into
        role_permissions
        (role_id, permission_id) 
    values
        (?, ?)
2025-12-03T17:26:15.141+01:00 DEBUG 33721 --- [smboutique-backend] [           main] org.hibernate.SQL                        : 
    insert 
    into
        role_permissions
        (role_id, permission_id) 
    values
        (?, ?)
Hibernate: 
    insert 
    into
        role_permissions
        (role_id, permission_id) 
    values
        (?, ?)
2025-12-03T17:26:15.141+01:00 DEBUG 33721 --- [smboutique-backend] [           main] org.hibernate.SQL                        : 
    insert 
    into
        role_permissions
        (role_id, permission_id) 
    values
        (?, ?)
Hibernate: 
    insert 
    into
        role_permissions
        (role_id, permission_id) 
    values
        (?, ?)
2025-12-03T17:26:15.141+01:00 DEBUG 33721 --- [smboutique-backend] [           main] org.hibernate.SQL                        : 
    insert 
    into
        role_permissions
        (role_id, permission_id) 
    values
        (?, ?)
Hibernate: 
    insert 
    into
        role_permissions
        (role_id, permission_id) 
    values
        (?, ?)
2025-12-03T17:26:15.141+01:00 DEBUG 33721 --- [smboutique-backend] [           main] org.hibernate.SQL                        : 
    insert 
    into
        role_permissions
        (role_id, permission_id) 
    values
        (?, ?)
Hibernate: 
    insert 
    into
        role_permissions
        (role_id, permission_id) 
    values
        (?, ?)
2025-12-03T17:26:15.141+01:00 DEBUG 33721 --- [smboutique-backend] [           main] org.hibernate.SQL                        : 
    insert 
    into
        role_permissions
        (role_id, permission_id) 
    values
        (?, ?)
Hibernate: 
    insert 
    into
        role_permissions
        (role_id, permission_id) 
    values
        (?, ?)
2025-12-03T17:26:15.141+01:00 DEBUG 33721 --- [smboutique-backend] [           main] org.hibernate.SQL                        : 
    insert 
    into
        role_permissions
        (role_id, permission_id) 
    values
        (?, ?)
Hibernate: 
    insert 
    into
        role_permissions
        (role_id, permission_id) 
    values
        (?, ?)
2025-12-03T17:26:15.141+01:00 DEBUG 33721 --- [smboutique-backend] [           main] org.hibernate.SQL                        : 
    insert 
    into
        role_permissions
        (role_id, permission_id) 
    values
        (?, ?)
Hibernate: 
    insert 
    into
        role_permissions
        (role_id, permission_id) 
    values
        (?, ?)
2025-12-03T17:26:15.141+01:00 DEBUG 33721 --- [smboutique-backend] [           main] org.hibernate.SQL                        : 
    insert 
    into
        role_permissions
        (role_id, permission_id) 
    values
        (?, ?)
Hibernate: 
    insert 
    into
        role_permissions
        (role_id, permission_id) 
    values
        (?, ?)
2025-12-03T17:26:15.141+01:00 DEBUG 33721 --- [smboutique-backend] [           main] org.hibernate.SQL                        : 
    insert 
    into
        role_permissions
        (role_id, permission_id) 
    values
        (?, ?)
Hibernate: 
    insert 
    into
        role_permissions
        (role_id, permission_id) 
    values
        (?, ?)
2025-12-03T17:26:15.144+01:00 DEBUG 33721 --- [smboutique-backend] [           main] o.s.orm.jpa.JpaTransactionManager        : Closing JPA EntityManager [SessionImpl(1962165946<open>)] after transaction
2025-12-03T17:26:15.144+01:00 DEBUG 33721 --- [smboutique-backend] [           main] c.smboutique.api.config.DataInitializer  : Role MANAGER created with 16 permissions
2025-12-03T17:26:15.145+01:00 DEBUG 33721 --- [smboutique-backend] [           main] c.smboutique.api.config.DataInitializer  : Creating role: STOREKEEPER
2025-12-03T17:26:15.145+01:00 DEBUG 33721 --- [smboutique-backend] [           main] tor$SharedEntityManagerInvocationHandler : Creating new EntityManager for shared EntityManager invocation
2025-12-03T17:26:15.145+01:00  WARN 33721 --- [smboutique-backend] [           main] org.hibernate.orm.deprecation            : HHH90000021: Encountered deprecated setting [javax.persistence.query.timeout], use [jakarta.persistence.query.timeout] instead
2025-12-03T17:26:15.146+01:00 DEBUG 33721 --- [smboutique-backend] [           main] org.hibernate.SQL                        : 
    select
        p1_0.id_permission,
        p1_0.description,
        p1_0.name 
    from
        permission p1_0 
    where
        p1_0.name=?
Hibernate: 
    select
        p1_0.id_permission,
        p1_0.description,
        p1_0.name 
    from
        permission p1_0 
    where
        p1_0.name=?
2025-12-03T17:26:15.147+01:00 DEBUG 33721 --- [smboutique-backend] [           main] tor$SharedEntityManagerInvocationHandler : Creating new EntityManager for shared EntityManager invocation
2025-12-03T17:26:15.147+01:00  WARN 33721 --- [smboutique-backend] [           main] org.hibernate.orm.deprecation            : HHH90000021: Encountered deprecated setting [javax.persistence.query.timeout], use [jakarta.persistence.query.timeout] instead
2025-12-03T17:26:15.148+01:00 DEBUG 33721 --- [smboutique-backend] [           main] org.hibernate.SQL                        : 
    select
        p1_0.id_permission,
        p1_0.description,
        p1_0.name 
    from
        permission p1_0 
    where
        p1_0.name=?
Hibernate: 
    select
        p1_0.id_permission,
        p1_0.description,
        p1_0.name 
    from
        permission p1_0 
    where
        p1_0.name=?
2025-12-03T17:26:15.149+01:00 DEBUG 33721 --- [smboutique-backend] [           main] tor$SharedEntityManagerInvocationHandler : Creating new EntityManager for shared EntityManager invocation
2025-12-03T17:26:15.149+01:00  WARN 33721 --- [smboutique-backend] [           main] org.hibernate.orm.deprecation            : HHH90000021: Encountered deprecated setting [javax.persistence.query.timeout], use [jakarta.persistence.query.timeout] instead
2025-12-03T17:26:15.150+01:00 DEBUG 33721 --- [smboutique-backend] [           main] org.hibernate.SQL                        : 
    select
        p1_0.id_permission,
        p1_0.description,
        p1_0.name 
    from
        permission p1_0 
    where
        p1_0.name=?
Hibernate: 
    select
        p1_0.id_permission,
        p1_0.description,
        p1_0.name 
    from
        permission p1_0 
    where
        p1_0.name=?
2025-12-03T17:26:15.151+01:00 DEBUG 33721 --- [smboutique-backend] [           main] tor$SharedEntityManagerInvocationHandler : Creating new EntityManager for shared EntityManager invocation
2025-12-03T17:26:15.151+01:00  WARN 33721 --- [smboutique-backend] [           main] org.hibernate.orm.deprecation            : HHH90000021: Encountered deprecated setting [javax.persistence.query.timeout], use [jakarta.persistence.query.timeout] instead
2025-12-03T17:26:15.152+01:00 DEBUG 33721 --- [smboutique-backend] [           main] org.hibernate.SQL                        : 
    select
        p1_0.id_permission,
        p1_0.description,
        p1_0.name 
    from
        permission p1_0 
    where
        p1_0.name=?
Hibernate: 
    select
        p1_0.id_permission,
        p1_0.description,
        p1_0.name 
    from
        permission p1_0 
    where
        p1_0.name=?
2025-12-03T17:26:15.153+01:00 DEBUG 33721 --- [smboutique-backend] [           main] tor$SharedEntityManagerInvocationHandler : Creating new EntityManager for shared EntityManager invocation
2025-12-03T17:26:15.153+01:00  WARN 33721 --- [smboutique-backend] [           main] org.hibernate.orm.deprecation            : HHH90000021: Encountered deprecated setting [javax.persistence.query.timeout], use [jakarta.persistence.query.timeout] instead
2025-12-03T17:26:15.154+01:00 DEBUG 33721 --- [smboutique-backend] [           main] org.hibernate.SQL                        : 
    select
        p1_0.id_permission,
        p1_0.description,
        p1_0.name 
    from
        permission p1_0 
    where
        p1_0.name=?
Hibernate: 
    select
        p1_0.id_permission,
        p1_0.description,
        p1_0.name 
    from
        permission p1_0 
    where
        p1_0.name=?
2025-12-03T17:26:15.155+01:00 DEBUG 33721 --- [smboutique-backend] [           main] tor$SharedEntityManagerInvocationHandler : Creating new EntityManager for shared EntityManager invocation
2025-12-03T17:26:15.155+01:00  WARN 33721 --- [smboutique-backend] [           main] org.hibernate.orm.deprecation            : HHH90000021: Encountered deprecated setting [javax.persistence.query.timeout], use [jakarta.persistence.query.timeout] instead
2025-12-03T17:26:15.156+01:00 DEBUG 33721 --- [smboutique-backend] [           main] org.hibernate.SQL                        : 
    select
        p1_0.id_permission,
        p1_0.description,
        p1_0.name 
    from
        permission p1_0 
    where
        p1_0.name=?
Hibernate: 
    select
        p1_0.id_permission,
        p1_0.description,
        p1_0.name 
    from
        permission p1_0 
    where
        p1_0.name=?
2025-12-03T17:26:15.157+01:00 DEBUG 33721 --- [smboutique-backend] [           main] o.s.orm.jpa.JpaTransactionManager        : Creating new transaction with name [org.springframework.data.jpa.repository.support.SimpleJpaRepository.save]: PROPAGATION_REQUIRED,ISOLATION_DEFAULT
2025-12-03T17:26:15.157+01:00 DEBUG 33721 --- [smboutique-backend] [           main] o.s.orm.jpa.JpaTransactionManager        : Opened new EntityManager [SessionImpl(740047891<open>)] for JPA transaction
2025-12-03T17:26:15.158+01:00 DEBUG 33721 --- [smboutique-backend] [           main] o.s.orm.jpa.JpaTransactionManager        : Exposing JPA transaction as JDBC [org.springframework.orm.jpa.vendor.HibernateJpaDialect$HibernateConnectionHandle@3df99d5e]
2025-12-03T17:26:15.158+01:00 DEBUG 33721 --- [smboutique-backend] [           main] org.hibernate.SQL                        : 
    insert 
    into
        role
        (description, name) 
    values
        (?, ?)
Hibernate: 
    insert 
    into
        role
        (description, name) 
    values
        (?, ?)
2025-12-03T17:26:15.159+01:00 DEBUG 33721 --- [smboutique-backend] [           main] o.s.orm.jpa.JpaTransactionManager        : Initiating transaction commit
2025-12-03T17:26:15.159+01:00 DEBUG 33721 --- [smboutique-backend] [           main] o.s.orm.jpa.JpaTransactionManager        : Committing JPA transaction on EntityManager [SessionImpl(740047891<open>)]
2025-12-03T17:26:15.159+01:00 DEBUG 33721 --- [smboutique-backend] [           main] org.hibernate.SQL                        : 
    insert 
    into
        role_permissions
        (role_id, permission_id) 
    values
        (?, ?)
Hibernate: 
    insert 
    into
        role_permissions
        (role_id, permission_id) 
    values
        (?, ?)
2025-12-03T17:26:15.159+01:00 DEBUG 33721 --- [smboutique-backend] [           main] org.hibernate.SQL                        : 
    insert 
    into
        role_permissions
        (role_id, permission_id) 
    values
        (?, ?)
Hibernate: 
    insert 
    into
        role_permissions
        (role_id, permission_id) 
    values
        (?, ?)
2025-12-03T17:26:15.159+01:00 DEBUG 33721 --- [smboutique-backend] [           main] org.hibernate.SQL                        : 
    insert 
    into
        role_permissions
        (role_id, permission_id) 
    values
        (?, ?)
Hibernate: 
    insert 
    into
        role_permissions
        (role_id, permission_id) 
    values
        (?, ?)
2025-12-03T17:26:15.160+01:00 DEBUG 33721 --- [smboutique-backend] [           main] org.hibernate.SQL                        : 
    insert 
    into
        role_permissions
        (role_id, permission_id) 
    values
        (?, ?)
Hibernate: 
    insert 
    into
        role_permissions
        (role_id, permission_id) 
    values
        (?, ?)
2025-12-03T17:26:15.160+01:00 DEBUG 33721 --- [smboutique-backend] [           main] org.hibernate.SQL                        : 
    insert 
    into
        role_permissions
        (role_id, permission_id) 
    values
        (?, ?)
Hibernate: 
    insert 
    into
        role_permissions
        (role_id, permission_id) 
    values
        (?, ?)
2025-12-03T17:26:15.160+01:00 DEBUG 33721 --- [smboutique-backend] [           main] org.hibernate.SQL                        : 
    insert 
    into
        role_permissions
        (role_id, permission_id) 
    values
        (?, ?)
Hibernate: 
    insert 
    into
        role_permissions
        (role_id, permission_id) 
    values
        (?, ?)
2025-12-03T17:26:15.162+01:00 DEBUG 33721 --- [smboutique-backend] [           main] o.s.orm.jpa.JpaTransactionManager        : Closing JPA EntityManager [SessionImpl(740047891<open>)] after transaction
2025-12-03T17:26:15.162+01:00 DEBUG 33721 --- [smboutique-backend] [           main] c.smboutique.api.config.DataInitializer  : Role STOREKEEPER created with 6 permissions
2025-12-03T17:26:15.162+01:00 DEBUG 33721 --- [smboutique-backend] [           main] c.smboutique.api.config.DataInitializer  : Creating role: CASHIER
2025-12-03T17:26:15.162+01:00 DEBUG 33721 --- [smboutique-backend] [           main] tor$SharedEntityManagerInvocationHandler : Creating new EntityManager for shared EntityManager invocation
2025-12-03T17:26:15.162+01:00  WARN 33721 --- [smboutique-backend] [           main] org.hibernate.orm.deprecation            : HHH90000021: Encountered deprecated setting [javax.persistence.query.timeout], use [jakarta.persistence.query.timeout] instead
2025-12-03T17:26:15.163+01:00 DEBUG 33721 --- [smboutique-backend] [           main] org.hibernate.SQL                        : 
    select
        p1_0.id_permission,
        p1_0.description,
        p1_0.name 
    from
        permission p1_0 
    where
        p1_0.name=?
Hibernate: 
    select
        p1_0.id_permission,
        p1_0.description,
        p1_0.name 
    from
        permission p1_0 
    where
        p1_0.name=?
2025-12-03T17:26:15.164+01:00 DEBUG 33721 --- [smboutique-backend] [           main] tor$SharedEntityManagerInvocationHandler : Creating new EntityManager for shared EntityManager invocation
2025-12-03T17:26:15.164+01:00  WARN 33721 --- [smboutique-backend] [           main] org.hibernate.orm.deprecation            : HHH90000021: Encountered deprecated setting [javax.persistence.query.timeout], use [jakarta.persistence.query.timeout] instead
2025-12-03T17:26:15.165+01:00 DEBUG 33721 --- [smboutique-backend] [           main] org.hibernate.SQL                        : 
    select
        p1_0.id_permission,
        p1_0.description,
        p1_0.name 
    from
        permission p1_0 
    where
        p1_0.name=?
Hibernate: 
    select
        p1_0.id_permission,
        p1_0.description,
        p1_0.name 
    from
        permission p1_0 
    where
        p1_0.name=?
2025-12-03T17:26:15.166+01:00 DEBUG 33721 --- [smboutique-backend] [           main] tor$SharedEntityManagerInvocationHandler : Creating new EntityManager for shared EntityManager invocation
2025-12-03T17:26:15.167+01:00  WARN 33721 --- [smboutique-backend] [           main] org.hibernate.orm.deprecation            : HHH90000021: Encountered deprecated setting [javax.persistence.query.timeout], use [jakarta.persistence.query.timeout] instead
2025-12-03T17:26:15.167+01:00 DEBUG 33721 --- [smboutique-backend] [           main] org.hibernate.SQL                        : 
    select
        p1_0.id_permission,
        p1_0.description,
        p1_0.name 
    from
        permission p1_0 
    where
        p1_0.name=?
Hibernate: 
    select
        p1_0.id_permission,
        p1_0.description,
        p1_0.name 
    from
        permission p1_0 
    where
        p1_0.name=?
2025-12-03T17:26:15.168+01:00 DEBUG 33721 --- [smboutique-backend] [           main] tor$SharedEntityManagerInvocationHandler : Creating new EntityManager for shared EntityManager invocation
2025-12-03T17:26:15.168+01:00  WARN 33721 --- [smboutique-backend] [           main] org.hibernate.orm.deprecation            : HHH90000021: Encountered deprecated setting [javax.persistence.query.timeout], use [jakarta.persistence.query.timeout] instead
2025-12-03T17:26:15.169+01:00 DEBUG 33721 --- [smboutique-backend] [           main] org.hibernate.SQL                        : 
    select
        p1_0.id_permission,
        p1_0.description,
        p1_0.name 
    from
        permission p1_0 
    where
        p1_0.name=?
Hibernate: 
    select
        p1_0.id_permission,
        p1_0.description,
        p1_0.name 
    from
        permission p1_0 
    where
        p1_0.name=?
2025-12-03T17:26:15.170+01:00 DEBUG 33721 --- [smboutique-backend] [           main] tor$SharedEntityManagerInvocationHandler : Creating new EntityManager for shared EntityManager invocation
2025-12-03T17:26:15.170+01:00  WARN 33721 --- [smboutique-backend] [           main] org.hibernate.orm.deprecation            : HHH90000021: Encountered deprecated setting [javax.persistence.query.timeout], use [jakarta.persistence.query.timeout] instead
2025-12-03T17:26:15.171+01:00 DEBUG 33721 --- [smboutique-backend] [           main] org.hibernate.SQL                        : 
    select
        p1_0.id_permission,
        p1_0.description,
        p1_0.name 
    from
        permission p1_0 
    where
        p1_0.name=?
Hibernate: 
    select
        p1_0.id_permission,
        p1_0.description,
        p1_0.name 
    from
        permission p1_0 
    where
        p1_0.name=?
2025-12-03T17:26:15.172+01:00 DEBUG 33721 --- [smboutique-backend] [           main] tor$SharedEntityManagerInvocationHandler : Creating new EntityManager for shared EntityManager invocation
2025-12-03T17:26:15.172+01:00  WARN 33721 --- [smboutique-backend] [           main] org.hibernate.orm.deprecation            : HHH90000021: Encountered deprecated setting [javax.persistence.query.timeout], use [jakarta.persistence.query.timeout] instead
2025-12-03T17:26:15.173+01:00 DEBUG 33721 --- [smboutique-backend] [           main] org.hibernate.SQL                        : 
    select
        p1_0.id_permission,
        p1_0.description,
        p1_0.name 
    from
        permission p1_0 
    where
        p1_0.name=?
Hibernate: 
    select
        p1_0.id_permission,
        p1_0.description,
        p1_0.name 
    from
        permission p1_0 
    where
        p1_0.name=?
2025-12-03T17:26:15.174+01:00 DEBUG 33721 --- [smboutique-backend] [           main] tor$SharedEntityManagerInvocationHandler : Creating new EntityManager for shared EntityManager invocation
2025-12-03T17:26:15.174+01:00  WARN 33721 --- [smboutique-backend] [           main] org.hibernate.orm.deprecation            : HHH90000021: Encountered deprecated setting [javax.persistence.query.timeout], use [jakarta.persistence.query.timeout] instead
2025-12-03T17:26:15.175+01:00 DEBUG 33721 --- [smboutique-backend] [           main] org.hibernate.SQL                        : 
    select
        p1_0.id_permission,
        p1_0.description,
        p1_0.name 
    from
        permission p1_0 
    where
        p1_0.name=?
Hibernate: 
    select
        p1_0.id_permission,
        p1_0.description,
        p1_0.name 
    from
        permission p1_0 
    where
        p1_0.name=?
2025-12-03T17:26:15.176+01:00 DEBUG 33721 --- [smboutique-backend] [           main] tor$SharedEntityManagerInvocationHandler : Creating new EntityManager for shared EntityManager invocation
2025-12-03T17:26:15.176+01:00  WARN 33721 --- [smboutique-backend] [           main] org.hibernate.orm.deprecation            : HHH90000021: Encountered deprecated setting [javax.persistence.query.timeout], use [jakarta.persistence.query.timeout] instead
2025-12-03T17:26:15.177+01:00 DEBUG 33721 --- [smboutique-backend] [           main] org.hibernate.SQL                        : 
    select
        p1_0.id_permission,
        p1_0.description,
        p1_0.name 
    from
        permission p1_0 
    where
        p1_0.name=?
Hibernate: 
    select
        p1_0.id_permission,
        p1_0.description,
        p1_0.name 
    from
        permission p1_0 
    where
        p1_0.name=?
2025-12-03T17:26:15.178+01:00 DEBUG 33721 --- [smboutique-backend] [           main] o.s.orm.jpa.JpaTransactionManager        : Creating new transaction with name [org.springframework.data.jpa.repository.support.SimpleJpaRepository.save]: PROPAGATION_REQUIRED,ISOLATION_DEFAULT
2025-12-03T17:26:15.178+01:00 DEBUG 33721 --- [smboutique-backend] [           main] o.s.orm.jpa.JpaTransactionManager        : Opened new EntityManager [SessionImpl(1350317004<open>)] for JPA transaction
2025-12-03T17:26:15.178+01:00 DEBUG 33721 --- [smboutique-backend] [           main] o.s.orm.jpa.JpaTransactionManager        : Exposing JPA transaction as JDBC [org.springframework.orm.jpa.vendor.HibernateJpaDialect$HibernateConnectionHandle@48d68740]
2025-12-03T17:26:15.178+01:00 DEBUG 33721 --- [smboutique-backend] [           main] org.hibernate.SQL                        : 
    insert 
    into
        role
        (description, name) 
    values
        (?, ?)
Hibernate: 
    insert 
    into
        role
        (description, name) 
    values
        (?, ?)
2025-12-03T17:26:15.179+01:00 DEBUG 33721 --- [smboutique-backend] [           main] o.s.orm.jpa.JpaTransactionManager        : Initiating transaction commit
2025-12-03T17:26:15.179+01:00 DEBUG 33721 --- [smboutique-backend] [           main] o.s.orm.jpa.JpaTransactionManager        : Committing JPA transaction on EntityManager [SessionImpl(1350317004<open>)]
2025-12-03T17:26:15.179+01:00 DEBUG 33721 --- [smboutique-backend] [           main] org.hibernate.SQL                        : 
    insert 
    into
        role_permissions
        (role_id, permission_id) 
    values
        (?, ?)
Hibernate: 
    insert 
    into
        role_permissions
        (role_id, permission_id) 
    values
        (?, ?)
2025-12-03T17:26:15.180+01:00 DEBUG 33721 --- [smboutique-backend] [           main] org.hibernate.SQL                        : 
    insert 
    into
        role_permissions
        (role_id, permission_id) 
    values
        (?, ?)
Hibernate: 
    insert 
    into
        role_permissions
        (role_id, permission_id) 
    values
        (?, ?)
2025-12-03T17:26:15.180+01:00 DEBUG 33721 --- [smboutique-backend] [           main] org.hibernate.SQL                        : 
    insert 
    into
        role_permissions
        (role_id, permission_id) 
    values
        (?, ?)
Hibernate: 
    insert 
    into
        role_permissions
        (role_id, permission_id) 
    values
        (?, ?)
2025-12-03T17:26:15.180+01:00 DEBUG 33721 --- [smboutique-backend] [           main] org.hibernate.SQL                        : 
    insert 
    into
        role_permissions
        (role_id, permission_id) 
    values
        (?, ?)
Hibernate: 
    insert 
    into
        role_permissions
        (role_id, permission_id) 
    values
        (?, ?)
2025-12-03T17:26:15.180+01:00 DEBUG 33721 --- [smboutique-backend] [           main] org.hibernate.SQL                        : 
    insert 
    into
        role_permissions
        (role_id, permission_id) 
    values
        (?, ?)
Hibernate: 
    insert 
    into
        role_permissions
        (role_id, permission_id) 
    values
        (?, ?)
2025-12-03T17:26:15.180+01:00 DEBUG 33721 --- [smboutique-backend] [           main] org.hibernate.SQL                        : 
    insert 
    into
        role_permissions
        (role_id, permission_id) 
    values
        (?, ?)
Hibernate: 
    insert 
    into
        role_permissions
        (role_id, permission_id) 
    values
        (?, ?)
2025-12-03T17:26:15.180+01:00 DEBUG 33721 --- [smboutique-backend] [           main] org.hibernate.SQL                        : 
    insert 
    into
        role_permissions
        (role_id, permission_id) 
    values
        (?, ?)
Hibernate: 
    insert 
    into
        role_permissions
        (role_id, permission_id) 
    values
        (?, ?)
2025-12-03T17:26:15.180+01:00 DEBUG 33721 --- [smboutique-backend] [           main] org.hibernate.SQL                        : 
    insert 
    into
        role_permissions
        (role_id, permission_id) 
    values
        (?, ?)
Hibernate: 
    insert 
    into
        role_permissions
        (role_id, permission_id) 
    values
        (?, ?)
2025-12-03T17:26:15.182+01:00 DEBUG 33721 --- [smboutique-backend] [           main] o.s.orm.jpa.JpaTransactionManager        : Closing JPA EntityManager [SessionImpl(1350317004<open>)] after transaction
2025-12-03T17:26:15.182+01:00 DEBUG 33721 --- [smboutique-backend] [           main] c.smboutique.api.config.DataInitializer  : Role CASHIER created with 8 permissions
2025-12-03T17:26:15.183+01:00  INFO 33721 --- [smboutique-backend] [           main] c.smboutique.api.config.DataInitializer  : Created 5 roles with permissions
2025-12-03T17:26:15.183+01:00  INFO 33721 --- [smboutique-backend] [           main] c.smboutique.api.config.DataInitializer  : Initializing boutique...
2025-12-03T17:26:15.183+01:00 DEBUG 33721 --- [smboutique-backend] [           main] o.s.orm.jpa.JpaTransactionManager        : Creating new transaction with name [org.springframework.data.jpa.repository.support.SimpleJpaRepository.count]: PROPAGATION_REQUIRED,ISOLATION_DEFAULT,readOnly
2025-12-03T17:26:15.183+01:00 DEBUG 33721 --- [smboutique-backend] [           main] o.s.orm.jpa.JpaTransactionManager        : Opened new EntityManager [SessionImpl(1483466300<open>)] for JPA transaction
2025-12-03T17:26:15.183+01:00 DEBUG 33721 --- [smboutique-backend] [           main] o.s.orm.jpa.JpaTransactionManager        : Exposing JPA transaction as JDBC [org.springframework.orm.jpa.vendor.HibernateJpaDialect$HibernateConnectionHandle@4d13b552]
2025-12-03T17:26:15.184+01:00  WARN 33721 --- [smboutique-backend] [           main] org.hibernate.orm.deprecation            : HHH90000021: Encountered deprecated setting [javax.persistence.query.timeout], use [jakarta.persistence.query.timeout] instead
2025-12-03T17:26:15.185+01:00 DEBUG 33721 --- [smboutique-backend] [           main] org.hibernate.SQL                        : 
    select
        count(*) 
    from
        boutique b1_0
Hibernate: 
    select
        count(*) 
    from
        boutique b1_0
2025-12-03T17:26:15.185+01:00 DEBUG 33721 --- [smboutique-backend] [           main] o.s.orm.jpa.JpaTransactionManager        : Initiating transaction commit
2025-12-03T17:26:15.185+01:00 DEBUG 33721 --- [smboutique-backend] [           main] o.s.orm.jpa.JpaTransactionManager        : Committing JPA transaction on EntityManager [SessionImpl(1483466300<open>)]
2025-12-03T17:26:15.186+01:00 DEBUG 33721 --- [smboutique-backend] [           main] o.s.orm.jpa.JpaTransactionManager        : Closing JPA EntityManager [SessionImpl(1483466300<open>)] after transaction
2025-12-03T17:26:15.186+01:00 DEBUG 33721 --- [smboutique-backend] [           main] o.s.orm.jpa.JpaTransactionManager        : Creating new transaction with name [org.springframework.data.jpa.repository.support.SimpleJpaRepository.save]: PROPAGATION_REQUIRED,ISOLATION_DEFAULT
2025-12-03T17:26:15.186+01:00 DEBUG 33721 --- [smboutique-backend] [           main] o.s.orm.jpa.JpaTransactionManager        : Opened new EntityManager [SessionImpl(2092419590<open>)] for JPA transaction
2025-12-03T17:26:15.186+01:00 DEBUG 33721 --- [smboutique-backend] [           main] o.s.orm.jpa.JpaTransactionManager        : Exposing JPA transaction as JDBC [org.springframework.orm.jpa.vendor.HibernateJpaDialect$HibernateConnectionHandle@660b8572]
2025-12-03T17:26:15.187+01:00 DEBUG 33721 --- [smboutique-backend] [           main] org.hibernate.SQL                        : 
    insert 
    into
        boutique
        (adresse, logo, nom, quartier, telephone) 
    values
        (?, ?, ?, ?, ?)
Hibernate: 
    insert 
    into
        boutique
        (adresse, logo, nom, quartier, telephone) 
    values
        (?, ?, ?, ?, ?)
2025-12-03T17:26:15.189+01:00 DEBUG 33721 --- [smboutique-backend] [           main] o.s.orm.jpa.JpaTransactionManager        : Initiating transaction commit
2025-12-03T17:26:15.189+01:00 DEBUG 33721 --- [smboutique-backend] [           main] o.s.orm.jpa.JpaTransactionManager        : Committing JPA transaction on EntityManager [SessionImpl(2092419590<open>)]
2025-12-03T17:26:15.190+01:00 DEBUG 33721 --- [smboutique-backend] [           main] o.s.orm.jpa.JpaTransactionManager        : Closing JPA EntityManager [SessionImpl(2092419590<open>)] after transaction
2025-12-03T17:26:15.190+01:00  INFO 33721 --- [smboutique-backend] [           main] c.smboutique.api.config.DataInitializer  : Default boutique created
2025-12-03T17:26:15.190+01:00  INFO 33721 --- [smboutique-backend] [           main] c.smboutique.api.config.DataInitializer  : Initializing superadmin...
2025-12-03T17:26:15.191+01:00 DEBUG 33721 --- [smboutique-backend] [           main] tor$SharedEntityManagerInvocationHandler : Creating new EntityManager for shared EntityManager invocation
2025-12-03T17:26:15.191+01:00  WARN 33721 --- [smboutique-backend] [           main] org.hibernate.orm.deprecation            : HHH90000021: Encountered deprecated setting [javax.persistence.query.timeout], use [jakarta.persistence.query.timeout] instead
2025-12-03T17:26:15.193+01:00 DEBUG 33721 --- [smboutique-backend] [           main] org.hibernate.SQL                        : 
    select
        u1_0.id_utilisateur,
        u1_0.adresse,
        u1_0.avatar,
        u1_0.boutique_id,
        u1_0.contact_utilisateur,
        u1_0.email,
        u1_0.mot_de_passe_utilisateur,
        u1_0.nom_utilisateur,
        u1_0.prenom_utilisateur,
        u1_0.psedeau_utilisateur,
        u1_0.reset_token,
        u1_0.reset_token_expire,
        u1_0.statut,
        u1_0.type_utilisateur 
    from
        utilisateur u1_0 
    where
        upper(u1_0.email)=upper(?)
Hibernate: 
    select
        u1_0.id_utilisateur,
        u1_0.adresse,
        u1_0.avatar,
        u1_0.boutique_id,
        u1_0.contact_utilisateur,
        u1_0.email,
        u1_0.mot_de_passe_utilisateur,
        u1_0.nom_utilisateur,
        u1_0.prenom_utilisateur,
        u1_0.psedeau_utilisateur,
        u1_0.reset_token,
        u1_0.reset_token_expire,
        u1_0.statut,
        u1_0.type_utilisateur 
    from
        utilisateur u1_0 
    where
        upper(u1_0.email)=upper(?)
2025-12-03T17:26:15.194+01:00  INFO 33721 --- [smboutique-backend] [           main] c.smboutique.api.config.DataInitializer  : Superadmin not found, creating...
2025-12-03T17:26:15.194+01:00 DEBUG 33721 --- [smboutique-backend] [           main] o.s.orm.jpa.JpaTransactionManager        : Creating new transaction with name [org.springframework.data.jpa.repository.support.SimpleJpaRepository.findAll]: PROPAGATION_REQUIRED,ISOLATION_DEFAULT,readOnly
2025-12-03T17:26:15.194+01:00 DEBUG 33721 --- [smboutique-backend] [           main] o.s.orm.jpa.JpaTransactionManager        : Opened new EntityManager [SessionImpl(2146399713<open>)] for JPA transaction
2025-12-03T17:26:15.195+01:00 DEBUG 33721 --- [smboutique-backend] [           main] o.s.orm.jpa.JpaTransactionManager        : Exposing JPA transaction as JDBC [org.springframework.orm.jpa.vendor.HibernateJpaDialect$HibernateConnectionHandle@2174fda1]
2025-12-03T17:26:15.195+01:00  WARN 33721 --- [smboutique-backend] [           main] org.hibernate.orm.deprecation            : HHH90000021: Encountered deprecated setting [javax.persistence.query.timeout], use [jakarta.persistence.query.timeout] instead
2025-12-03T17:26:15.196+01:00 DEBUG 33721 --- [smboutique-backend] [           main] org.hibernate.SQL                        : 
    select
        b1_0.id_boutique,
        b1_0.adresse,
        b1_0.logo,
        b1_0.nom,
        b1_0.quartier,
        b1_0.telephone 
    from
        boutique b1_0
Hibernate: 
    select
        b1_0.id_boutique,
        b1_0.adresse,
        b1_0.logo,
        b1_0.nom,
        b1_0.quartier,
        b1_0.telephone 
    from
        boutique b1_0
2025-12-03T17:26:15.197+01:00 DEBUG 33721 --- [smboutique-backend] [           main] o.s.orm.jpa.JpaTransactionManager        : Initiating transaction commit
2025-12-03T17:26:15.197+01:00 DEBUG 33721 --- [smboutique-backend] [           main] o.s.orm.jpa.JpaTransactionManager        : Committing JPA transaction on EntityManager [SessionImpl(2146399713<open>)]
2025-12-03T17:26:15.197+01:00 DEBUG 33721 --- [smboutique-backend] [           main] o.s.orm.jpa.JpaTransactionManager        : Closing JPA EntityManager [SessionImpl(2146399713<open>)] after transaction
2025-12-03T17:26:15.197+01:00 DEBUG 33721 --- [smboutique-backend] [           main] c.smboutique.api.config.DataInitializer  : Retrieved boutique: Boutique Principale
2025-12-03T17:26:15.198+01:00 DEBUG 33721 --- [smboutique-backend] [           main] tor$SharedEntityManagerInvocationHandler : Creating new EntityManager for shared EntityManager invocation
2025-12-03T17:26:15.198+01:00  WARN 33721 --- [smboutique-backend] [           main] org.hibernate.orm.deprecation            : HHH90000021: Encountered deprecated setting [javax.persistence.query.timeout], use [jakarta.persistence.query.timeout] instead
2025-12-03T17:26:15.199+01:00 DEBUG 33721 --- [smboutique-backend] [           main] org.hibernate.SQL                        : 
    select
        r1_0.id_role,
        r1_0.description,
        r1_0.name 
    from
        role r1_0 
    where
        r1_0.name=?
Hibernate: 
    select
        r1_0.id_role,
        r1_0.description,
        r1_0.name 
    from
        role r1_0 
    where
        r1_0.name=?
2025-12-03T17:26:15.200+01:00 DEBUG 33721 --- [smboutique-backend] [           main] org.hibernate.SQL                        : 
    select
        p1_0.role_id,
        p1_1.id_permission,
        p1_1.description,
        p1_1.name 
    from
        role_permissions p1_0 
    join
        permission p1_1 
            on p1_1.id_permission=p1_0.permission_id 
    where
        p1_0.role_id=?
Hibernate: 
    select
        p1_0.role_id,
        p1_1.id_permission,
        p1_1.description,
        p1_1.name 
    from
        role_permissions p1_0 
    join
        permission p1_1 
            on p1_1.id_permission=p1_0.permission_id 
    where
        p1_0.role_id=?
2025-12-03T17:26:15.204+01:00 DEBUG 33721 --- [smboutique-backend] [           main] c.smboutique.api.config.DataInitializer  : Retrieved SUPERADMIN role with 38 permissions
2025-12-03T17:26:15.273+01:00  INFO 33721 --- [smboutique-backend] [           main] c.smboutique.api.config.DataInitializer  : Saving superadmin user...
2025-12-03T17:26:15.273+01:00 DEBUG 33721 --- [smboutique-backend] [           main] o.s.orm.jpa.JpaTransactionManager        : Creating new transaction with name [org.springframework.data.jpa.repository.support.SimpleJpaRepository.save]: PROPAGATION_REQUIRED,ISOLATION_DEFAULT
2025-12-03T17:26:15.273+01:00 DEBUG 33721 --- [smboutique-backend] [           main] o.s.orm.jpa.JpaTransactionManager        : Opened new EntityManager [SessionImpl(125611067<open>)] for JPA transaction
2025-12-03T17:26:15.274+01:00 DEBUG 33721 --- [smboutique-backend] [           main] o.s.orm.jpa.JpaTransactionManager        : Exposing JPA transaction as JDBC [org.springframework.orm.jpa.vendor.HibernateJpaDialect$HibernateConnectionHandle@3167c0d]
2025-12-03T17:26:15.275+01:00 DEBUG 33721 --- [smboutique-backend] [           main] org.hibernate.SQL                        : 
    insert 
    into
        utilisateur
        (adresse, avatar, boutique_id, contact_utilisateur, email, mot_de_passe_utilisateur, nom_utilisateur, prenom_utilisateur, psedeau_utilisateur, reset_token, reset_token_expire, statut, type_utilisateur) 
    values
        (?, ?, ?, ?, ?, ?, ?, ?, ?, ?, ?, ?, ?)
Hibernate: 
    insert 
    into
        utilisateur
        (adresse, avatar, boutique_id, contact_utilisateur, email, mot_de_passe_utilisateur, nom_utilisateur, prenom_utilisateur, psedeau_utilisateur, reset_token, reset_token_expire, statut, type_utilisateur) 
    values
        (?, ?, ?, ?, ?, ?, ?, ?, ?, ?, ?, ?, ?)
2025-12-03T17:26:15.276+01:00 DEBUG 33721 --- [smboutique-backend] [           main] o.s.orm.jpa.JpaTransactionManager        : Initiating transaction commit
2025-12-03T17:26:15.276+01:00 DEBUG 33721 --- [smboutique-backend] [           main] o.s.orm.jpa.JpaTransactionManager        : Committing JPA transaction on EntityManager [SessionImpl(125611067<open>)]
2025-12-03T17:26:15.276+01:00 DEBUG 33721 --- [smboutique-backend] [           main] org.hibernate.SQL                        : 
    insert 
    into
        utilisateur_roles
        (utilisateur_id, role_id) 
    values
        (?, ?)
Hibernate: 
    insert 
    into
        utilisateur_roles
        (utilisateur_id, role_id) 
    values
        (?, ?)
2025-12-03T17:26:15.278+01:00 DEBUG 33721 --- [smboutique-backend] [           main] o.s.orm.jpa.JpaTransactionManager        : Closing JPA EntityManager [SessionImpl(125611067<open>)] after transaction
2025-12-03T17:26:15.278+01:00  INFO 33721 --- [smboutique-backend] [           main] c.smboutique.api.config.DataInitializer  : Superadmin user created successfully with email: barrymoustapha908@gmail.com
2025-12-03T17:26:15.278+01:00  INFO 33721 --- [smboutique-backend] [           main] c.smboutique.api.config.DataInitializer  : Data initialization completed successfully!
2025-12-03T17:26:31.517+01:00  INFO 33721 --- [smboutique-backend] [nio-8085-exec-1] o.a.c.c.C.[Tomcat].[localhost].[/]       : Initializing Spring DispatcherServlet 'dispatcherServlet'
2025-12-03T17:26:31.517+01:00  INFO 33721 --- [smboutique-backend] [nio-8085-exec-1] o.s.web.servlet.DispatcherServlet        : Initializing Servlet 'dispatcherServlet'
2025-12-03T17:26:31.518+01:00  INFO 33721 --- [smboutique-backend] [nio-8085-exec-1] o.s.web.servlet.DispatcherServlet        : Completed initialization in 1 ms
2025-12-03T17:26:31.533+01:00 DEBUG 33721 --- [smboutique-backend] [nio-8085-exec-1] o.s.security.web.FilterChainProxy        : Securing POST /api/auth/login
2025-12-03T17:26:31.540+01:00 DEBUG 33721 --- [smboutique-backend] [nio-8085-exec-1] o.s.s.w.a.AnonymousAuthenticationFilter  : Set SecurityContextHolder to anonymous SecurityContext
2025-12-03T17:26:31.541+01:00 DEBUG 33721 --- [smboutique-backend] [nio-8085-exec-1] o.s.security.web.FilterChainProxy        : Secured POST /api/auth/login
2025-12-03T17:26:31.544+01:00 DEBUG 33721 --- [smboutique-backend] [nio-8085-exec-1] o.j.s.OpenEntityManagerInViewInterceptor : Opening JPA EntityManager in OpenEntityManagerInViewInterceptor
2025-12-03T17:26:31.684+01:00  WARN 33721 --- [smboutique-backend] [nio-8085-exec-1] org.hibernate.orm.deprecation            : HHH90000021: Encountered deprecated setting [javax.persistence.query.timeout], use [jakarta.persistence.query.timeout] instead
2025-12-03T17:26:31.685+01:00 DEBUG 33721 --- [smboutique-backend] [nio-8085-exec-1] org.hibernate.SQL                        : 
    select
        u1_0.id_utilisateur,
        u1_0.adresse,
        u1_0.avatar,
        u1_0.boutique_id,
        u1_0.contact_utilisateur,
        u1_0.email,
        u1_0.mot_de_passe_utilisateur,
        u1_0.nom_utilisateur,
        u1_0.prenom_utilisateur,
        u1_0.psedeau_utilisateur,
        u1_0.reset_token,
        u1_0.reset_token_expire,
        u1_0.statut,
        u1_0.type_utilisateur 
    from
        utilisateur u1_0 
    where
        upper(u1_0.email)=upper(?)
Hibernate: 
    select
        u1_0.id_utilisateur,
        u1_0.adresse,
        u1_0.avatar,
        u1_0.boutique_id,
        u1_0.contact_utilisateur,
        u1_0.email,
        u1_0.mot_de_passe_utilisateur,
        u1_0.nom_utilisateur,
        u1_0.prenom_utilisateur,
        u1_0.psedeau_utilisateur,
        u1_0.reset_token,
        u1_0.reset_token_expire,
        u1_0.statut,
        u1_0.type_utilisateur 
    from
        utilisateur u1_0 
    where
        upper(u1_0.email)=upper(?)
2025-12-03T17:26:31.687+01:00 DEBUG 33721 --- [smboutique-backend] [nio-8085-exec-1] org.hibernate.SQL                        : 
    select
        r1_0.utilisateur_id,
        r1_1.id_role,
        r1_1.description,
        r1_1.name,
        p1_0.role_id,
        p1_1.id_permission,
        p1_1.description,
        p1_1.name 
    from
        utilisateur_roles r1_0 
    join
        role r1_1 
            on r1_1.id_role=r1_0.role_id 
    left join
        role_permissions p1_0 
            on r1_1.id_role=p1_0.role_id 
    left join
        permission p1_1 
            on p1_1.id_permission=p1_0.permission_id 
    where
        r1_0.utilisateur_id=?
Hibernate: 
    select
        r1_0.utilisateur_id,
        r1_1.id_role,
        r1_1.description,
        r1_1.name,
        p1_0.role_id,
        p1_1.id_permission,
        p1_1.description,
        p1_1.name 
    from
        utilisateur_roles r1_0 
    join
        role r1_1 
            on r1_1.id_role=r1_0.role_id 
    left join
        role_permissions p1_0 
            on r1_1.id_role=p1_0.role_id 
    left join
        permission p1_1 
            on p1_1.id_permission=p1_0.permission_id 
    where
        r1_0.utilisateur_id=?
2025-12-03T17:26:31.689+01:00 DEBUG 33721 --- [smboutique-backend] [nio-8085-exec-1] org.hibernate.SQL                        : 
    select
        p1_0.utilisateur_id,
        p1_1.id_permission,
        p1_1.description,
        p1_1.name 
    from
        utilisateur_permissions p1_0 
    join
        permission p1_1 
            on p1_1.id_permission=p1_0.permission_id 
    where
        p1_0.utilisateur_id=?
Hibernate: 
    select
        p1_0.utilisateur_id,
        p1_1.id_permission,
        p1_1.description,
        p1_1.name 
    from
        utilisateur_permissions p1_0 
    join
        permission p1_1 
            on p1_1.id_permission=p1_0.permission_id 
    where
        p1_0.utilisateur_id=?
2025-12-03T17:26:31.750+01:00 DEBUG 33721 --- [smboutique-backend] [nio-8085-exec-1] o.s.s.a.dao.DaoAuthenticationProvider    : Failed to authenticate since password does not match stored value
2025-12-03T17:26:31.752+01:00 DEBUG 33721 --- [smboutique-backend] [nio-8085-exec-1] o.j.s.OpenEntityManagerInViewInterceptor : Closing JPA EntityManager in OpenEntityManagerInViewInterceptor
2025-12-03T17:26:50.058+01:00 DEBUG 33721 --- [smboutique-backend] [nio-8085-exec-2] o.s.security.web.FilterChainProxy        : Securing POST /api/auth/login
2025-12-03T17:26:50.059+01:00 DEBUG 33721 --- [smboutique-backend] [nio-8085-exec-2] o.s.s.w.a.AnonymousAuthenticationFilter  : Set SecurityContextHolder to anonymous SecurityContext
2025-12-03T17:26:50.059+01:00 DEBUG 33721 --- [smboutique-backend] [nio-8085-exec-2] o.s.security.web.FilterChainProxy        : Secured POST /api/auth/login
2025-12-03T17:26:50.059+01:00 DEBUG 33721 --- [smboutique-backend] [nio-8085-exec-2] o.j.s.OpenEntityManagerInViewInterceptor : Opening JPA EntityManager in OpenEntityManagerInViewInterceptor
2025-12-03T17:26:50.060+01:00  WARN 33721 --- [smboutique-backend] [nio-8085-exec-2] org.hibernate.orm.deprecation            : HHH90000021: Encountered deprecated setting [javax.persistence.query.timeout], use [jakarta.persistence.query.timeout] instead
2025-12-03T17:26:50.062+01:00 DEBUG 33721 --- [smboutique-backend] [nio-8085-exec-2] org.hibernate.SQL                        : 
    select
        u1_0.id_utilisateur,
        u1_0.adresse,
        u1_0.avatar,
        u1_0.boutique_id,
        u1_0.contact_utilisateur,
        u1_0.email,
        u1_0.mot_de_passe_utilisateur,
        u1_0.nom_utilisateur,
        u1_0.prenom_utilisateur,
        u1_0.psedeau_utilisateur,
        u1_0.reset_token,
        u1_0.reset_token_expire,
        u1_0.statut,
        u1_0.type_utilisateur 
    from
        utilisateur u1_0 
    where
        upper(u1_0.email)=upper(?)
Hibernate: 
    select
        u1_0.id_utilisateur,
        u1_0.adresse,
        u1_0.avatar,
        u1_0.boutique_id,
        u1_0.contact_utilisateur,
        u1_0.email,
        u1_0.mot_de_passe_utilisateur,
        u1_0.nom_utilisateur,
        u1_0.prenom_utilisateur,
        u1_0.psedeau_utilisateur,
        u1_0.reset_token,
        u1_0.reset_token_expire,
        u1_0.statut,
        u1_0.type_utilisateur 
    from
        utilisateur u1_0 
    where
        upper(u1_0.email)=upper(?)
2025-12-03T17:26:50.064+01:00 DEBUG 33721 --- [smboutique-backend] [nio-8085-exec-2] org.hibernate.SQL                        : 
    select
        r1_0.utilisateur_id,
        r1_1.id_role,
        r1_1.description,
        r1_1.name,
        p1_0.role_id,
        p1_1.id_permission,
        p1_1.description,
        p1_1.name 
    from
        utilisateur_roles r1_0 
    join
        role r1_1 
            on r1_1.id_role=r1_0.role_id 
    left join
        role_permissions p1_0 
            on r1_1.id_role=p1_0.role_id 
    left join
        permission p1_1 
            on p1_1.id_permission=p1_0.permission_id 
    where
        r1_0.utilisateur_id=?
Hibernate: 
    select
        r1_0.utilisateur_id,
        r1_1.id_role,
        r1_1.description,
        r1_1.name,
        p1_0.role_id,
        p1_1.id_permission,
        p1_1.description,
        p1_1.name 
    from
        utilisateur_roles r1_0 
    join
        role r1_1 
            on r1_1.id_role=r1_0.role_id 
    left join
        role_permissions p1_0 
            on r1_1.id_role=p1_0.role_id 
    left join
        permission p1_1 
            on p1_1.id_permission=p1_0.permission_id 
    where
        r1_0.utilisateur_id=?
2025-12-03T17:26:50.068+01:00 DEBUG 33721 --- [smboutique-backend] [nio-8085-exec-2] org.hibernate.SQL                        : 
    select
        p1_0.utilisateur_id,
        p1_1.id_permission,
        p1_1.description,
        p1_1.name 
    from
        utilisateur_permissions p1_0 
    join
        permission p1_1 
            on p1_1.id_permission=p1_0.permission_id 
    where
        p1_0.utilisateur_id=?
Hibernate: 
    select
        p1_0.utilisateur_id,
        p1_1.id_permission,
        p1_1.description,
        p1_1.name 
    from
        utilisateur_permissions p1_0 
    join
        permission p1_1 
            on p1_1.id_permission=p1_0.permission_id 
    where
        p1_0.utilisateur_id=?
2025-12-03T17:26:50.143+01:00 DEBUG 33721 --- [smboutique-backend] [nio-8085-exec-2] o.s.s.a.dao.DaoAuthenticationProvider    : Authenticated user
2025-12-03T17:26:50.262+01:00 DEBUG 33721 --- [smboutique-backend] [nio-8085-exec-2] o.j.s.OpenEntityManagerInViewInterceptor : Closing JPA EntityManager in OpenEntityManagerInViewInterceptor
2025-12-03T17:27:04.979+01:00 DEBUG 33721 --- [smboutique-backend] [nio-8085-exec-4] o.s.security.web.FilterChainProxy        : Securing POST /api/auth/login
2025-12-03T17:27:04.979+01:00 DEBUG 33721 --- [smboutique-backend] [nio-8085-exec-4] o.s.s.w.a.AnonymousAuthenticationFilter  : Set SecurityContextHolder to anonymous SecurityContext
2025-12-03T17:27:04.980+01:00 DEBUG 33721 --- [smboutique-backend] [nio-8085-exec-4] o.s.security.web.FilterChainProxy        : Secured POST /api/auth/login
2025-12-03T17:27:04.980+01:00 DEBUG 33721 --- [smboutique-backend] [nio-8085-exec-4] o.j.s.OpenEntityManagerInViewInterceptor : Opening JPA EntityManager in OpenEntityManagerInViewInterceptor
2025-12-03T17:27:04.981+01:00  WARN 33721 --- [smboutique-backend] [nio-8085-exec-4] org.hibernate.orm.deprecation            : HHH90000021: Encountered deprecated setting [javax.persistence.query.timeout], use [jakarta.persistence.query.timeout] instead
2025-12-03T17:27:04.982+01:00 DEBUG 33721 --- [smboutique-backend] [nio-8085-exec-4] org.hibernate.SQL                        : 
    select
        u1_0.id_utilisateur,
        u1_0.adresse,
        u1_0.avatar,
        u1_0.boutique_id,
        u1_0.contact_utilisateur,
        u1_0.email,
        u1_0.mot_de_passe_utilisateur,
        u1_0.nom_utilisateur,
        u1_0.prenom_utilisateur,
        u1_0.psedeau_utilisateur,
        u1_0.reset_token,
        u1_0.reset_token_expire,
        u1_0.statut,
        u1_0.type_utilisateur 
    from
        utilisateur u1_0 
    where
        upper(u1_0.email)=upper(?)
Hibernate: 
    select
        u1_0.id_utilisateur,
        u1_0.adresse,
        u1_0.avatar,
        u1_0.boutique_id,
        u1_0.contact_utilisateur,
        u1_0.email,
        u1_0.mot_de_passe_utilisateur,
        u1_0.nom_utilisateur,
        u1_0.prenom_utilisateur,
        u1_0.psedeau_utilisateur,
        u1_0.reset_token,
        u1_0.reset_token_expire,
        u1_0.statut,
        u1_0.type_utilisateur 
    from
        utilisateur u1_0 
    where
        upper(u1_0.email)=upper(?)
2025-12-03T17:27:04.984+01:00 DEBUG 33721 --- [smboutique-backend] [nio-8085-exec-4] org.hibernate.SQL                        : 
    select
        r1_0.utilisateur_id,
        r1_1.id_role,
        r1_1.description,
        r1_1.name,
        p1_0.role_id,
        p1_1.id_permission,
        p1_1.description,
        p1_1.name 
    from
        utilisateur_roles r1_0 
    join
        role r1_1 
            on r1_1.id_role=r1_0.role_id 
    left join
        role_permissions p1_0 
            on r1_1.id_role=p1_0.role_id 
    left join
        permission p1_1 
            on p1_1.id_permission=p1_0.permission_id 
    where
        r1_0.utilisateur_id=?
Hibernate: 
    select
        r1_0.utilisateur_id,
        r1_1.id_role,
        r1_1.description,
        r1_1.name,
        p1_0.role_id,
        p1_1.id_permission,
        p1_1.description,
        p1_1.name 
    from
        utilisateur_roles r1_0 
    join
        role r1_1 
            on r1_1.id_role=r1_0.role_id 
    left join
        role_permissions p1_0 
            on r1_1.id_role=p1_0.role_id 
    left join
        permission p1_1 
            on p1_1.id_permission=p1_0.permission_id 
    where
        r1_0.utilisateur_id=?
2025-12-03T17:27:04.987+01:00 DEBUG 33721 --- [smboutique-backend] [nio-8085-exec-4] org.hibernate.SQL                        : 
    select
        p1_0.utilisateur_id,
        p1_1.id_permission,
        p1_1.description,
        p1_1.name 
    from
        utilisateur_permissions p1_0 
    join
        permission p1_1 
            on p1_1.id_permission=p1_0.permission_id 
    where
        p1_0.utilisateur_id=?
Hibernate: 
    select
        p1_0.utilisateur_id,
        p1_1.id_permission,
        p1_1.description,
        p1_1.name 
    from
        utilisateur_permissions p1_0 
    join
        permission p1_1 
            on p1_1.id_permission=p1_0.permission_id 
    where
        p1_0.utilisateur_id=?
2025-12-03T17:27:05.059+01:00 DEBUG 33721 --- [smboutique-backend] [nio-8085-exec-4] o.s.s.a.dao.DaoAuthenticationProvider    : Authenticated user
2025-12-03T17:27:05.061+01:00 DEBUG 33721 --- [smboutique-backend] [nio-8085-exec-4] o.j.s.OpenEntityManagerInViewInterceptor : Closing JPA EntityManager in OpenEntityManagerInViewInterceptor
2025-12-03T17:28:07.349+01:00 DEBUG 33721 --- [smboutique-backend] [nio-8085-exec-5] o.s.security.web.FilterChainProxy        : Securing POST /api/auth/login
2025-12-03T17:28:07.355+01:00 DEBUG 33721 --- [smboutique-backend] [nio-8085-exec-5] o.s.s.w.a.AnonymousAuthenticationFilter  : Set SecurityContextHolder to anonymous SecurityContext
2025-12-03T17:28:07.356+01:00 DEBUG 33721 --- [smboutique-backend] [nio-8085-exec-5] o.s.security.web.FilterChainProxy        : Secured POST /api/auth/login
2025-12-03T17:28:07.356+01:00 DEBUG 33721 --- [smboutique-backend] [nio-8085-exec-5] o.j.s.OpenEntityManagerInViewInterceptor : Opening JPA EntityManager in OpenEntityManagerInViewInterceptor
2025-12-03T17:28:07.357+01:00  WARN 33721 --- [smboutique-backend] [nio-8085-exec-5] org.hibernate.orm.deprecation            : HHH90000021: Encountered deprecated setting [javax.persistence.query.timeout], use [jakarta.persistence.query.timeout] instead
2025-12-03T17:28:07.358+01:00 DEBUG 33721 --- [smboutique-backend] [nio-8085-exec-5] org.hibernate.SQL                        : 
    select
        u1_0.id_utilisateur,
        u1_0.adresse,
        u1_0.avatar,
        u1_0.boutique_id,
        u1_0.contact_utilisateur,
        u1_0.email,
        u1_0.mot_de_passe_utilisateur,
        u1_0.nom_utilisateur,
        u1_0.prenom_utilisateur,
        u1_0.psedeau_utilisateur,
        u1_0.reset_token,
        u1_0.reset_token_expire,
        u1_0.statut,
        u1_0.type_utilisateur 
    from
        utilisateur u1_0 
    where
        upper(u1_0.email)=upper(?)
Hibernate: 
    select
        u1_0.id_utilisateur,
        u1_0.adresse,
        u1_0.avatar,
        u1_0.boutique_id,
        u1_0.contact_utilisateur,
        u1_0.email,
        u1_0.mot_de_passe_utilisateur,
        u1_0.nom_utilisateur,
        u1_0.prenom_utilisateur,
        u1_0.psedeau_utilisateur,
        u1_0.reset_token,
        u1_0.reset_token_expire,
        u1_0.statut,
        u1_0.type_utilisateur 
    from
        utilisateur u1_0 
    where
        upper(u1_0.email)=upper(?)
2025-12-03T17:28:07.426+01:00 DEBUG 33721 --- [smboutique-backend] [nio-8085-exec-5] o.s.s.a.dao.DaoAuthenticationProvider    : Failed to find user 'superadmin@example.com'
2025-12-03T17:28:07.427+01:00 DEBUG 33721 --- [smboutique-backend] [nio-8085-exec-5] o.j.s.OpenEntityManagerInViewInterceptor : Closing JPA EntityManager in OpenEntityManagerInViewInterceptor
2025-12-03T17:28:48.165+01:00 DEBUG 33721 --- [smboutique-backend] [nio-8085-exec-6] o.s.security.web.FilterChainProxy        : Securing POST /api/auth/login
2025-12-03T17:28:48.167+01:00 DEBUG 33721 --- [smboutique-backend] [nio-8085-exec-6] o.s.s.w.a.AnonymousAuthenticationFilter  : Set SecurityContextHolder to anonymous SecurityContext
2025-12-03T17:28:48.167+01:00 DEBUG 33721 --- [smboutique-backend] [nio-8085-exec-6] o.s.security.web.FilterChainProxy        : Secured POST /api/auth/login
2025-12-03T17:28:48.168+01:00 DEBUG 33721 --- [smboutique-backend] [nio-8085-exec-6] o.j.s.OpenEntityManagerInViewInterceptor : Opening JPA EntityManager in OpenEntityManagerInViewInterceptor
2025-12-03T17:28:48.169+01:00  WARN 33721 --- [smboutique-backend] [nio-8085-exec-6] org.hibernate.orm.deprecation            : HHH90000021: Encountered deprecated setting [javax.persistence.query.timeout], use [jakarta.persistence.query.timeout] instead
2025-12-03T17:28:48.170+01:00 DEBUG 33721 --- [smboutique-backend] [nio-8085-exec-6] org.hibernate.SQL                        : 
    select
        u1_0.id_utilisateur,
        u1_0.adresse,
        u1_0.avatar,
        u1_0.boutique_id,
        u1_0.contact_utilisateur,
        u1_0.email,
        u1_0.mot_de_passe_utilisateur,
        u1_0.nom_utilisateur,
        u1_0.prenom_utilisateur,
        u1_0.psedeau_utilisateur,
        u1_0.reset_token,
        u1_0.reset_token_expire,
        u1_0.statut,
        u1_0.type_utilisateur 
    from
        utilisateur u1_0 
    where
        upper(u1_0.email)=upper(?)
Hibernate: 
    select
        u1_0.id_utilisateur,
        u1_0.adresse,
        u1_0.avatar,
        u1_0.boutique_id,
        u1_0.contact_utilisateur,
        u1_0.email,
        u1_0.mot_de_passe_utilisateur,
        u1_0.nom_utilisateur,
        u1_0.prenom_utilisateur,
        u1_0.psedeau_utilisateur,
        u1_0.reset_token,
        u1_0.reset_token_expire,
        u1_0.statut,
        u1_0.type_utilisateur 
    from
        utilisateur u1_0 
    where
        upper(u1_0.email)=upper(?)
2025-12-03T17:28:48.173+01:00 DEBUG 33721 --- [smboutique-backend] [nio-8085-exec-6] org.hibernate.SQL                        : 
    select
        r1_0.utilisateur_id,
        r1_1.id_role,
        r1_1.description,
        r1_1.name,
        p1_0.role_id,
        p1_1.id_permission,
        p1_1.description,
        p1_1.name 
    from
        utilisateur_roles r1_0 
    join
        role r1_1 
            on r1_1.id_role=r1_0.role_id 
    left join
        role_permissions p1_0 
            on r1_1.id_role=p1_0.role_id 
    left join
        permission p1_1 
            on p1_1.id_permission=p1_0.permission_id 
    where
        r1_0.utilisateur_id=?
Hibernate: 
    select
        r1_0.utilisateur_id,
        r1_1.id_role,
        r1_1.description,
        r1_1.name,
        p1_0.role_id,
        p1_1.id_permission,
        p1_1.description,
        p1_1.name 
    from
        utilisateur_roles r1_0 
    join
        role r1_1 
            on r1_1.id_role=r1_0.role_id 
    left join
        role_permissions p1_0 
            on r1_1.id_role=p1_0.role_id 
    left join
        permission p1_1 
            on p1_1.id_permission=p1_0.permission_id 
    where
        r1_0.utilisateur_id=?
2025-12-03T17:28:48.178+01:00 DEBUG 33721 --- [smboutique-backend] [nio-8085-exec-6] org.hibernate.SQL                        : 
    select
        p1_0.utilisateur_id,
        p1_1.id_permission,
        p1_1.description,
        p1_1.name 
    from
        utilisateur_permissions p1_0 
    join
        permission p1_1 
            on p1_1.id_permission=p1_0.permission_id 
    where
        p1_0.utilisateur_id=?
Hibernate: 
    select
        p1_0.utilisateur_id,
        p1_1.id_permission,
        p1_1.description,
        p1_1.name 
    from
        utilisateur_permissions p1_0 
    join
        permission p1_1 
            on p1_1.id_permission=p1_0.permission_id 
    where
        p1_0.utilisateur_id=?
2025-12-03T17:28:48.251+01:00 DEBUG 33721 --- [smboutique-backend] [nio-8085-exec-6] o.s.s.a.dao.DaoAuthenticationProvider    : Failed to authenticate since password does not match stored value
2025-12-03T17:28:48.251+01:00 DEBUG 33721 --- [smboutique-backend] [nio-8085-exec-6] o.j.s.OpenEntityManagerInViewInterceptor : Closing JPA EntityManager in OpenEntityManagerInViewInterceptor
2025-12-03T17:38:56.421+01:00 DEBUG 33721 --- [smboutique-backend] [nio-8085-exec-7] o.s.security.web.FilterChainProxy        : Securing POST /api/auth/login
2025-12-03T17:38:56.423+01:00 DEBUG 33721 --- [smboutique-backend] [nio-8085-exec-7] o.s.s.w.a.AnonymousAuthenticationFilter  : Set SecurityContextHolder to anonymous SecurityContext
2025-12-03T17:38:56.423+01:00 DEBUG 33721 --- [smboutique-backend] [nio-8085-exec-7] o.s.security.web.FilterChainProxy        : Secured POST /api/auth/login
2025-12-03T17:38:56.423+01:00 DEBUG 33721 --- [smboutique-backend] [nio-8085-exec-7] o.j.s.OpenEntityManagerInViewInterceptor : Opening JPA EntityManager in OpenEntityManagerInViewInterceptor
2025-12-03T17:38:56.425+01:00  WARN 33721 --- [smboutique-backend] [nio-8085-exec-7] org.hibernate.orm.deprecation            : HHH90000021: Encountered deprecated setting [javax.persistence.query.timeout], use [jakarta.persistence.query.timeout] instead
2025-12-03T17:38:56.427+01:00 DEBUG 33721 --- [smboutique-backend] [nio-8085-exec-7] org.hibernate.SQL                        : 
    select
        u1_0.id_utilisateur,
        u1_0.adresse,
        u1_0.avatar,
        u1_0.boutique_id,
        u1_0.contact_utilisateur,
        u1_0.email,
        u1_0.mot_de_passe_utilisateur,
        u1_0.nom_utilisateur,
        u1_0.prenom_utilisateur,
        u1_0.psedeau_utilisateur,
        u1_0.reset_token,
        u1_0.reset_token_expire,
        u1_0.statut,
        u1_0.type_utilisateur 
    from
        utilisateur u1_0 
    where
        upper(u1_0.email)=upper(?)
Hibernate: 
    select
        u1_0.id_utilisateur,
        u1_0.adresse,
        u1_0.avatar,
        u1_0.boutique_id,
        u1_0.contact_utilisateur,
        u1_0.email,
        u1_0.mot_de_passe_utilisateur,
        u1_0.nom_utilisateur,
        u1_0.prenom_utilisateur,
        u1_0.psedeau_utilisateur,
        u1_0.reset_token,
        u1_0.reset_token_expire,
        u1_0.statut,
        u1_0.type_utilisateur 
    from
        utilisateur u1_0 
    where
        upper(u1_0.email)=upper(?)
2025-12-03T17:38:56.429+01:00 DEBUG 33721 --- [smboutique-backend] [nio-8085-exec-7] org.hibernate.SQL                        : 
    select
        r1_0.utilisateur_id,
        r1_1.id_role,
        r1_1.description,
        r1_1.name,
        p1_0.role_id,
        p1_1.id_permission,
        p1_1.description,
        p1_1.name 
    from
        utilisateur_roles r1_0 
    join
        role r1_1 
            on r1_1.id_role=r1_0.role_id 
    left join
        role_permissions p1_0 
            on r1_1.id_role=p1_0.role_id 
    left join
        permission p1_1 
            on p1_1.id_permission=p1_0.permission_id 
    where
        r1_0.utilisateur_id=?
Hibernate: 
    select
        r1_0.utilisateur_id,
        r1_1.id_role,
        r1_1.description,
        r1_1.name,
        p1_0.role_id,
        p1_1.id_permission,
        p1_1.description,
        p1_1.name 
    from
        utilisateur_roles r1_0 
    join
        role r1_1 
            on r1_1.id_role=r1_0.role_id 
    left join
        role_permissions p1_0 
            on r1_1.id_role=p1_0.role_id 
    left join
        permission p1_1 
            on p1_1.id_permission=p1_0.permission_id 
    where
        r1_0.utilisateur_id=?
2025-12-03T17:38:56.433+01:00 DEBUG 33721 --- [smboutique-backend] [nio-8085-exec-7] org.hibernate.SQL                        : 
    select
        p1_0.utilisateur_id,
        p1_1.id_permission,
        p1_1.description,
        p1_1.name 
    from
        utilisateur_permissions p1_0 
    join
        permission p1_1 
            on p1_1.id_permission=p1_0.permission_id 
    where
        p1_0.utilisateur_id=?
Hibernate: 
    select
        p1_0.utilisateur_id,
        p1_1.id_permission,
        p1_1.description,
        p1_1.name 
    from
        utilisateur_permissions p1_0 
    join
        permission p1_1 
            on p1_1.id_permission=p1_0.permission_id 
    where
        p1_0.utilisateur_id=?
2025-12-03T17:38:56.501+01:00 DEBUG 33721 --- [smboutique-backend] [nio-8085-exec-7] o.s.s.a.dao.DaoAuthenticationProvider    : Authenticated user
2025-12-03T17:38:56.503+01:00 DEBUG 33721 --- [smboutique-backend] [nio-8085-exec-7] o.j.s.OpenEntityManagerInViewInterceptor : Closing JPA EntityManager in OpenEntityManagerInViewInterceptor
2025-12-03T17:38:59.307+01:00 DEBUG 33721 --- [smboutique-backend] [nio-8085-exec-8] o.s.security.web.FilterChainProxy        : Securing POST /api/auth/login
2025-12-03T17:38:59.309+01:00 DEBUG 33721 --- [smboutique-backend] [nio-8085-exec-8] o.s.s.w.a.AnonymousAuthenticationFilter  : Set SecurityContextHolder to anonymous SecurityContext
2025-12-03T17:38:59.309+01:00 DEBUG 33721 --- [smboutique-backend] [nio-8085-exec-8] o.s.security.web.FilterChainProxy        : Secured POST /api/auth/login
2025-12-03T17:38:59.310+01:00 DEBUG 33721 --- [smboutique-backend] [nio-8085-exec-8] o.j.s.OpenEntityManagerInViewInterceptor : Opening JPA EntityManager in OpenEntityManagerInViewInterceptor
2025-12-03T17:38:59.311+01:00  WARN 33721 --- [smboutique-backend] [nio-8085-exec-8] org.hibernate.orm.deprecation            : HHH90000021: Encountered deprecated setting [javax.persistence.query.timeout], use [jakarta.persistence.query.timeout] instead
2025-12-03T17:38:59.312+01:00 DEBUG 33721 --- [smboutique-backend] [nio-8085-exec-8] org.hibernate.SQL                        : 
    select
        u1_0.id_utilisateur,
        u1_0.adresse,
        u1_0.avatar,
        u1_0.boutique_id,
        u1_0.contact_utilisateur,
        u1_0.email,
        u1_0.mot_de_passe_utilisateur,
        u1_0.nom_utilisateur,
        u1_0.prenom_utilisateur,
        u1_0.psedeau_utilisateur,
        u1_0.reset_token,
        u1_0.reset_token_expire,
        u1_0.statut,
        u1_0.type_utilisateur 
    from
        utilisateur u1_0 
    where
        upper(u1_0.email)=upper(?)
Hibernate: 
    select
        u1_0.id_utilisateur,
        u1_0.adresse,
        u1_0.avatar,
        u1_0.boutique_id,
        u1_0.contact_utilisateur,
        u1_0.email,
        u1_0.mot_de_passe_utilisateur,
        u1_0.nom_utilisateur,
        u1_0.prenom_utilisateur,
        u1_0.psedeau_utilisateur,
        u1_0.reset_token,
        u1_0.reset_token_expire,
        u1_0.statut,
        u1_0.type_utilisateur 
    from
        utilisateur u1_0 
    where
        upper(u1_0.email)=upper(?)
2025-12-03T17:38:59.314+01:00 DEBUG 33721 --- [smboutique-backend] [nio-8085-exec-8] org.hibernate.SQL                        : 
    select
        r1_0.utilisateur_id,
        r1_1.id_role,
        r1_1.description,
        r1_1.name,
        p1_0.role_id,
        p1_1.id_permission,
        p1_1.description,
        p1_1.name 
    from
        utilisateur_roles r1_0 
    join
        role r1_1 
            on r1_1.id_role=r1_0.role_id 
    left join
        role_permissions p1_0 
            on r1_1.id_role=p1_0.role_id 
    left join
        permission p1_1 
            on p1_1.id_permission=p1_0.permission_id 
    where
        r1_0.utilisateur_id=?
Hibernate: 
    select
        r1_0.utilisateur_id,
        r1_1.id_role,
        r1_1.description,
        r1_1.name,
        p1_0.role_id,
        p1_1.id_permission,
        p1_1.description,
        p1_1.name 
    from
        utilisateur_roles r1_0 
    join
        role r1_1 
            on r1_1.id_role=r1_0.role_id 
    left join
        role_permissions p1_0 
            on r1_1.id_role=p1_0.role_id 
    left join
        permission p1_1 
            on p1_1.id_permission=p1_0.permission_id 
    where
        r1_0.utilisateur_id=?
2025-12-03T17:38:59.317+01:00 DEBUG 33721 --- [smboutique-backend] [nio-8085-exec-8] org.hibernate.SQL                        : 
    select
        p1_0.utilisateur_id,
        p1_1.id_permission,
        p1_1.description,
        p1_1.name 
    from
        utilisateur_permissions p1_0 
    join
        permission p1_1 
            on p1_1.id_permission=p1_0.permission_id 
    where
        p1_0.utilisateur_id=?
Hibernate: 
    select
        p1_0.utilisateur_id,
        p1_1.id_permission,
        p1_1.description,
        p1_1.name 
    from
        utilisateur_permissions p1_0 
    join
        permission p1_1 
            on p1_1.id_permission=p1_0.permission_id 
    where
        p1_0.utilisateur_id=?
2025-12-03T17:38:59.384+01:00 DEBUG 33721 --- [smboutique-backend] [nio-8085-exec-8] o.s.s.a.dao.DaoAuthenticationProvider    : Authenticated user
2025-12-03T17:38:59.386+01:00 DEBUG 33721 --- [smboutique-backend] [nio-8085-exec-8] o.j.s.OpenEntityManagerInViewInterceptor : Closing JPA EntityManager in OpenEntityManagerInViewInterceptor
2025-12-03T17:38:59.834+01:00 DEBUG 33721 --- [smboutique-backend] [nio-8085-exec-9] o.s.security.web.FilterChainProxy        : Securing POST /api/auth/login
2025-12-03T17:38:59.837+01:00 DEBUG 33721 --- [smboutique-backend] [nio-8085-exec-9] o.s.s.w.a.AnonymousAuthenticationFilter  : Set SecurityContextHolder to anonymous SecurityContext
2025-12-03T17:38:59.838+01:00 DEBUG 33721 --- [smboutique-backend] [nio-8085-exec-9] o.s.security.web.FilterChainProxy        : Secured POST /api/auth/login
2025-12-03T17:38:59.839+01:00 DEBUG 33721 --- [smboutique-backend] [nio-8085-exec-9] o.j.s.OpenEntityManagerInViewInterceptor : Opening JPA EntityManager in OpenEntityManagerInViewInterceptor
2025-12-03T17:38:59.842+01:00  WARN 33721 --- [smboutique-backend] [nio-8085-exec-9] org.hibernate.orm.deprecation            : HHH90000021: Encountered deprecated setting [javax.persistence.query.timeout], use [jakarta.persistence.query.timeout] instead
2025-12-03T17:38:59.845+01:00 DEBUG 33721 --- [smboutique-backend] [nio-8085-exec-9] org.hibernate.SQL                        : 
    select
        u1_0.id_utilisateur,
        u1_0.adresse,
        u1_0.avatar,
        u1_0.boutique_id,
        u1_0.contact_utilisateur,
        u1_0.email,
        u1_0.mot_de_passe_utilisateur,
        u1_0.nom_utilisateur,
        u1_0.prenom_utilisateur,
        u1_0.psedeau_utilisateur,
        u1_0.reset_token,
        u1_0.reset_token_expire,
        u1_0.statut,
        u1_0.type_utilisateur 
    from
        utilisateur u1_0 
    where
        upper(u1_0.email)=upper(?)
Hibernate: 
    select
        u1_0.id_utilisateur,
        u1_0.adresse,
        u1_0.avatar,
        u1_0.boutique_id,
        u1_0.contact_utilisateur,
        u1_0.email,
        u1_0.mot_de_passe_utilisateur,
        u1_0.nom_utilisateur,
        u1_0.prenom_utilisateur,
        u1_0.psedeau_utilisateur,
        u1_0.reset_token,
        u1_0.reset_token_expire,
        u1_0.statut,
        u1_0.type_utilisateur 
    from
        utilisateur u1_0 
    where
        upper(u1_0.email)=upper(?)
2025-12-03T17:38:59.850+01:00 DEBUG 33721 --- [smboutique-backend] [nio-8085-exec-9] org.hibernate.SQL                        : 
    select
        r1_0.utilisateur_id,
        r1_1.id_role,
        r1_1.description,
        r1_1.name,
        p1_0.role_id,
        p1_1.id_permission,
        p1_1.description,
        p1_1.name 
    from
        utilisateur_roles r1_0 
    join
        role r1_1 
            on r1_1.id_role=r1_0.role_id 
    left join
        role_permissions p1_0 
            on r1_1.id_role=p1_0.role_id 
    left join
        permission p1_1 
            on p1_1.id_permission=p1_0.permission_id 
    where
        r1_0.utilisateur_id=?
Hibernate: 
    select
        r1_0.utilisateur_id,
        r1_1.id_role,
        r1_1.description,
        r1_1.name,
        p1_0.role_id,
        p1_1.id_permission,
        p1_1.description,
        p1_1.name 
    from
        utilisateur_roles r1_0 
    join
        role r1_1 
            on r1_1.id_role=r1_0.role_id 
    left join
        role_permissions p1_0 
            on r1_1.id_role=p1_0.role_id 
    left join
        permission p1_1 
            on p1_1.id_permission=p1_0.permission_id 
    where
        r1_0.utilisateur_id=?
2025-12-03T17:38:59.858+01:00 DEBUG 33721 --- [smboutique-backend] [nio-8085-exec-9] org.hibernate.SQL                        : 
    select
        p1_0.utilisateur_id,
        p1_1.id_permission,
        p1_1.description,
        p1_1.name 
    from
        utilisateur_permissions p1_0 
    join
        permission p1_1 
            on p1_1.id_permission=p1_0.permission_id 
    where
        p1_0.utilisateur_id=?
Hibernate: 
    select
        p1_0.utilisateur_id,
        p1_1.id_permission,
        p1_1.description,
        p1_1.name 
    from
        utilisateur_permissions p1_0 
    join
        permission p1_1 
            on p1_1.id_permission=p1_0.permission_id 
    where
        p1_0.utilisateur_id=?
2025-12-03T17:38:59.933+01:00 DEBUG 33721 --- [smboutique-backend] [nio-8085-exec-9] o.s.s.a.dao.DaoAuthenticationProvider    : Authenticated user
2025-12-03T17:38:59.934+01:00 DEBUG 33721 --- [smboutique-backend] [nio-8085-exec-9] o.j.s.OpenEntityManagerInViewInterceptor : Closing JPA EntityManager in OpenEntityManagerInViewInterceptor
2025-12-03T17:39:04.509+01:00 DEBUG 33721 --- [smboutique-backend] [io-8085-exec-10] o.s.security.web.FilterChainProxy        : Securing POST /api/auth/login
2025-12-03T17:39:04.512+01:00 DEBUG 33721 --- [smboutique-backend] [io-8085-exec-10] o.s.s.w.a.AnonymousAuthenticationFilter  : Set SecurityContextHolder to anonymous SecurityContext
2025-12-03T17:39:04.512+01:00 DEBUG 33721 --- [smboutique-backend] [io-8085-exec-10] o.s.security.web.FilterChainProxy        : Secured POST /api/auth/login
2025-12-03T17:39:04.513+01:00 DEBUG 33721 --- [smboutique-backend] [io-8085-exec-10] o.j.s.OpenEntityManagerInViewInterceptor : Opening JPA EntityManager in OpenEntityManagerInViewInterceptor
2025-12-03T17:39:04.516+01:00  WARN 33721 --- [smboutique-backend] [io-8085-exec-10] org.hibernate.orm.deprecation            : HHH90000021: Encountered deprecated setting [javax.persistence.query.timeout], use [jakarta.persistence.query.timeout] instead
2025-12-03T17:39:04.518+01:00 DEBUG 33721 --- [smboutique-backend] [io-8085-exec-10] org.hibernate.SQL                        : 
    select
        u1_0.id_utilisateur,
        u1_0.adresse,
        u1_0.avatar,
        u1_0.boutique_id,
        u1_0.contact_utilisateur,
        u1_0.email,
        u1_0.mot_de_passe_utilisateur,
        u1_0.nom_utilisateur,
        u1_0.prenom_utilisateur,
        u1_0.psedeau_utilisateur,
        u1_0.reset_token,
        u1_0.reset_token_expire,
        u1_0.statut,
        u1_0.type_utilisateur 
    from
        utilisateur u1_0 
    where
        upper(u1_0.email)=upper(?)
Hibernate: 
    select
        u1_0.id_utilisateur,
        u1_0.adresse,
        u1_0.avatar,
        u1_0.boutique_id,
        u1_0.contact_utilisateur,
        u1_0.email,
        u1_0.mot_de_passe_utilisateur,
        u1_0.nom_utilisateur,
        u1_0.prenom_utilisateur,
        u1_0.psedeau_utilisateur,
        u1_0.reset_token,
        u1_0.reset_token_expire,
        u1_0.statut,
        u1_0.type_utilisateur 
    from
        utilisateur u1_0 
    where
        upper(u1_0.email)=upper(?)
2025-12-03T17:39:04.521+01:00 DEBUG 33721 --- [smboutique-backend] [io-8085-exec-10] org.hibernate.SQL                        : 
    select
        r1_0.utilisateur_id,
        r1_1.id_role,
        r1_1.description,
        r1_1.name,
        p1_0.role_id,
        p1_1.id_permission,
        p1_1.description,
        p1_1.name 
    from
        utilisateur_roles r1_0 
    join
        role r1_1 
            on r1_1.id_role=r1_0.role_id 
    left join
        role_permissions p1_0 
            on r1_1.id_role=p1_0.role_id 
    left join
        permission p1_1 
            on p1_1.id_permission=p1_0.permission_id 
    where
        r1_0.utilisateur_id=?
Hibernate: 
    select
        r1_0.utilisateur_id,
        r1_1.id_role,
        r1_1.description,
        r1_1.name,
        p1_0.role_id,
        p1_1.id_permission,
        p1_1.description,
        p1_1.name 
    from
        utilisateur_roles r1_0 
    join
        role r1_1 
            on r1_1.id_role=r1_0.role_id 
    left join
        role_permissions p1_0 
            on r1_1.id_role=p1_0.role_id 
    left join
        permission p1_1 
            on p1_1.id_permission=p1_0.permission_id 
    where
        r1_0.utilisateur_id=?
2025-12-03T17:39:04.525+01:00 DEBUG 33721 --- [smboutique-backend] [io-8085-exec-10] org.hibernate.SQL                        : 
    select
        p1_0.utilisateur_id,
        p1_1.id_permission,
        p1_1.description,
        p1_1.name 
    from
        utilisateur_permissions p1_0 
    join
        permission p1_1 
            on p1_1.id_permission=p1_0.permission_id 
    where
        p1_0.utilisateur_id=?
Hibernate: 
    select
        p1_0.utilisateur_id,
        p1_1.id_permission,
        p1_1.description,
        p1_1.name 
    from
        utilisateur_permissions p1_0 
    join
        permission p1_1 
            on p1_1.id_permission=p1_0.permission_id 
    where
        p1_0.utilisateur_id=?
2025-12-03T17:39:04.595+01:00 DEBUG 33721 --- [smboutique-backend] [io-8085-exec-10] o.s.s.a.dao.DaoAuthenticationProvider    : Authenticated user
2025-12-03T17:39:04.597+01:00 DEBUG 33721 --- [smboutique-backend] [io-8085-exec-10] o.j.s.OpenEntityManagerInViewInterceptor : Closing JPA EntityManager in OpenEntityManagerInViewInterceptor
2025-12-03T17:39:05.408+01:00 DEBUG 33721 --- [smboutique-backend] [io-8085-exec-11] o.s.security.web.FilterChainProxy        : Securing POST /api/auth/login
2025-12-03T17:39:05.410+01:00 DEBUG 33721 --- [smboutique-backend] [io-8085-exec-11] o.s.s.w.a.AnonymousAuthenticationFilter  : Set SecurityContextHolder to anonymous SecurityContext
2025-12-03T17:39:05.411+01:00 DEBUG 33721 --- [smboutique-backend] [io-8085-exec-11] o.s.security.web.FilterChainProxy        : Secured POST /api/auth/login
2025-12-03T17:39:05.413+01:00 DEBUG 33721 --- [smboutique-backend] [io-8085-exec-11] o.j.s.OpenEntityManagerInViewInterceptor : Opening JPA EntityManager in OpenEntityManagerInViewInterceptor
2025-12-03T17:39:05.416+01:00  WARN 33721 --- [smboutique-backend] [io-8085-exec-11] org.hibernate.orm.deprecation            : HHH90000021: Encountered deprecated setting [javax.persistence.query.timeout], use [jakarta.persistence.query.timeout] instead
2025-12-03T17:39:05.418+01:00 DEBUG 33721 --- [smboutique-backend] [io-8085-exec-11] org.hibernate.SQL                        : 
    select
        u1_0.id_utilisateur,
        u1_0.adresse,
        u1_0.avatar,
        u1_0.boutique_id,
        u1_0.contact_utilisateur,
        u1_0.email,
        u1_0.mot_de_passe_utilisateur,
        u1_0.nom_utilisateur,
        u1_0.prenom_utilisateur,
        u1_0.psedeau_utilisateur,
        u1_0.reset_token,
        u1_0.reset_token_expire,
        u1_0.statut,
        u1_0.type_utilisateur 
    from
        utilisateur u1_0 
    where
        upper(u1_0.email)=upper(?)
Hibernate: 
    select
        u1_0.id_utilisateur,
        u1_0.adresse,
        u1_0.avatar,
        u1_0.boutique_id,
        u1_0.contact_utilisateur,
        u1_0.email,
        u1_0.mot_de_passe_utilisateur,
        u1_0.nom_utilisateur,
        u1_0.prenom_utilisateur,
        u1_0.psedeau_utilisateur,
        u1_0.reset_token,
        u1_0.reset_token_expire,
        u1_0.statut,
        u1_0.type_utilisateur 
    from
        utilisateur u1_0 
    where
        upper(u1_0.email)=upper(?)
2025-12-03T17:39:05.422+01:00 DEBUG 33721 --- [smboutique-backend] [io-8085-exec-11] org.hibernate.SQL                        : 
    select
        r1_0.utilisateur_id,
        r1_1.id_role,
        r1_1.description,
        r1_1.name,
        p1_0.role_id,
        p1_1.id_permission,
        p1_1.description,
        p1_1.name 
    from
        utilisateur_roles r1_0 
    join
        role r1_1 
            on r1_1.id_role=r1_0.role_id 
    left join
        role_permissions p1_0 
            on r1_1.id_role=p1_0.role_id 
    left join
        permission p1_1 
            on p1_1.id_permission=p1_0.permission_id 
    where
        r1_0.utilisateur_id=?
Hibernate: 
    select
        r1_0.utilisateur_id,
        r1_1.id_role,
        r1_1.description,
        r1_1.name,
        p1_0.role_id,
        p1_1.id_permission,
        p1_1.description,
        p1_1.name 
    from
        utilisateur_roles r1_0 
    join
        role r1_1 
            on r1_1.id_role=r1_0.role_id 
    left join
        role_permissions p1_0 
            on r1_1.id_role=p1_0.role_id 
    left join
        permission p1_1 
            on p1_1.id_permission=p1_0.permission_id 
    where
        r1_0.utilisateur_id=?
2025-12-03T17:39:05.426+01:00 DEBUG 33721 --- [smboutique-backend] [io-8085-exec-11] org.hibernate.SQL                        : 
    select
        p1_0.utilisateur_id,
        p1_1.id_permission,
        p1_1.description,
        p1_1.name 
    from
        utilisateur_permissions p1_0 
    join
        permission p1_1 
            on p1_1.id_permission=p1_0.permission_id 
    where
        p1_0.utilisateur_id=?
Hibernate: 
    select
        p1_0.utilisateur_id,
        p1_1.id_permission,
        p1_1.description,
        p1_1.name 
    from
        utilisateur_permissions p1_0 
    join
        permission p1_1 
            on p1_1.id_permission=p1_0.permission_id 
    where
        p1_0.utilisateur_id=?
2025-12-03T17:39:05.498+01:00 DEBUG 33721 --- [smboutique-backend] [io-8085-exec-11] o.s.s.a.dao.DaoAuthenticationProvider    : Authenticated user
2025-12-03T17:39:05.499+01:00 DEBUG 33721 --- [smboutique-backend] [io-8085-exec-11] o.j.s.OpenEntityManagerInViewInterceptor : Closing JPA EntityManager in OpenEntityManagerInViewInterceptor
2025-12-03T17:52:39.561+01:00 DEBUG 33721 --- [smboutique-backend] [io-8085-exec-12] o.s.security.web.FilterChainProxy        : Securing POST /api/auth/login
2025-12-03T17:52:39.561+01:00 DEBUG 33721 --- [smboutique-backend] [io-8085-exec-12] o.s.s.w.a.AnonymousAuthenticationFilter  : Set SecurityContextHolder to anonymous SecurityContext
2025-12-03T17:52:39.561+01:00 DEBUG 33721 --- [smboutique-backend] [io-8085-exec-12] o.s.security.web.FilterChainProxy        : Secured POST /api/auth/login
2025-12-03T17:52:39.561+01:00 DEBUG 33721 --- [smboutique-backend] [io-8085-exec-12] o.j.s.OpenEntityManagerInViewInterceptor : Opening JPA EntityManager in OpenEntityManagerInViewInterceptor
2025-12-03T17:52:39.562+01:00  WARN 33721 --- [smboutique-backend] [io-8085-exec-12] org.hibernate.orm.deprecation            : HHH90000021: Encountered deprecated setting [javax.persistence.query.timeout], use [jakarta.persistence.query.timeout] instead
2025-12-03T17:52:39.563+01:00 DEBUG 33721 --- [smboutique-backend] [io-8085-exec-12] org.hibernate.SQL                        : 
    select
        u1_0.id_utilisateur,
        u1_0.adresse,
        u1_0.avatar,
        u1_0.boutique_id,
        u1_0.contact_utilisateur,
        u1_0.email,
        u1_0.mot_de_passe_utilisateur,
        u1_0.nom_utilisateur,
        u1_0.prenom_utilisateur,
        u1_0.psedeau_utilisateur,
        u1_0.reset_token,
        u1_0.reset_token_expire,
        u1_0.statut,
        u1_0.type_utilisateur 
    from
        utilisateur u1_0 
    where
        upper(u1_0.email)=upper(?)
Hibernate: 
    select
        u1_0.id_utilisateur,
        u1_0.adresse,
        u1_0.avatar,
        u1_0.boutique_id,
        u1_0.contact_utilisateur,
        u1_0.email,
        u1_0.mot_de_passe_utilisateur,
        u1_0.nom_utilisateur,
        u1_0.prenom_utilisateur,
        u1_0.psedeau_utilisateur,
        u1_0.reset_token,
        u1_0.reset_token_expire,
        u1_0.statut,
        u1_0.type_utilisateur 
    from
        utilisateur u1_0 
    where
        upper(u1_0.email)=upper(?)
2025-12-03T17:52:39.565+01:00 DEBUG 33721 --- [smboutique-backend] [io-8085-exec-12] org.hibernate.SQL                        : 
    select
        r1_0.utilisateur_id,
        r1_1.id_role,
        r1_1.description,
        r1_1.name,
        p1_0.role_id,
        p1_1.id_permission,
        p1_1.description,
        p1_1.name 
    from
        utilisateur_roles r1_0 
    join
        role r1_1 
            on r1_1.id_role=r1_0.role_id 
    left join
        role_permissions p1_0 
            on r1_1.id_role=p1_0.role_id 
    left join
        permission p1_1 
            on p1_1.id_permission=p1_0.permission_id 
    where
        r1_0.utilisateur_id=?
Hibernate: 
    select
        r1_0.utilisateur_id,
        r1_1.id_role,
        r1_1.description,
        r1_1.name,
        p1_0.role_id,
        p1_1.id_permission,
        p1_1.description,
        p1_1.name 
    from
        utilisateur_roles r1_0 
    join
        role r1_1 
            on r1_1.id_role=r1_0.role_id 
    left join
        role_permissions p1_0 
            on r1_1.id_role=p1_0.role_id 
    left join
        permission p1_1 
            on p1_1.id_permission=p1_0.permission_id 
    where
        r1_0.utilisateur_id=?
2025-12-03T17:52:39.569+01:00 DEBUG 33721 --- [smboutique-backend] [io-8085-exec-12] org.hibernate.SQL                        : 
    select
        p1_0.utilisateur_id,
        p1_1.id_permission,
        p1_1.description,
        p1_1.name 
    from
        utilisateur_permissions p1_0 
    join
        permission p1_1 
            on p1_1.id_permission=p1_0.permission_id 
    where
        p1_0.utilisateur_id=?
Hibernate: 
    select
        p1_0.utilisateur_id,
        p1_1.id_permission,
        p1_1.description,
        p1_1.name 
    from
        utilisateur_permissions p1_0 
    join
        permission p1_1 
            on p1_1.id_permission=p1_0.permission_id 
    where
        p1_0.utilisateur_id=?
2025-12-03T17:52:39.640+01:00 DEBUG 33721 --- [smboutique-backend] [io-8085-exec-12] o.s.s.a.dao.DaoAuthenticationProvider    : Authenticated user
2025-12-03T17:52:39.641+01:00 DEBUG 33721 --- [smboutique-backend] [io-8085-exec-12] o.j.s.OpenEntityManagerInViewInterceptor : Closing JPA EntityManager in OpenEntityManagerInViewInterceptor
2025-12-03T17:53:58.566+01:00 DEBUG 33721 --- [smboutique-backend] [io-8085-exec-13] o.s.security.web.FilterChainProxy        : Securing GET /api/auth/login
2025-12-03T17:53:58.566+01:00 DEBUG 33721 --- [smboutique-backend] [io-8085-exec-13] o.s.s.w.a.AnonymousAuthenticationFilter  : Set SecurityContextHolder to anonymous SecurityContext
2025-12-03T17:53:58.567+01:00 DEBUG 33721 --- [smboutique-backend] [io-8085-exec-13] o.s.security.web.FilterChainProxy        : Secured GET /api/auth/login
2025-12-03T17:53:58.569+01:00  WARN 33721 --- [smboutique-backend] [io-8085-exec-13] .w.s.m.s.DefaultHandlerExceptionResolver : Resolved [org.springframework.web.HttpRequestMethodNotSupportedException: Request method 'GET' is not supported]
2025-12-03T17:53:58.575+01:00 DEBUG 33721 --- [smboutique-backend] [io-8085-exec-13] o.s.security.web.FilterChainProxy        : Securing GET /error
2025-12-03T17:53:58.575+01:00 DEBUG 33721 --- [smboutique-backend] [io-8085-exec-13] o.s.s.w.a.AnonymousAuthenticationFilter  : Set SecurityContextHolder to anonymous SecurityContext
2025-12-03T17:55:58.242+01:00 DEBUG 33721 --- [smboutique-backend] [io-8085-exec-14] o.s.security.web.FilterChainProxy        : Securing POST /api/auth/login
2025-12-03T17:55:58.242+01:00 DEBUG 33721 --- [smboutique-backend] [io-8085-exec-14] o.s.s.w.a.AnonymousAuthenticationFilter  : Set SecurityContextHolder to anonymous SecurityContext
2025-12-03T17:55:58.243+01:00 DEBUG 33721 --- [smboutique-backend] [io-8085-exec-14] o.s.security.web.FilterChainProxy        : Secured POST /api/auth/login
2025-12-03T17:55:58.243+01:00 DEBUG 33721 --- [smboutique-backend] [io-8085-exec-14] o.j.s.OpenEntityManagerInViewInterceptor : Opening JPA EntityManager in OpenEntityManagerInViewInterceptor
2025-12-03T17:55:58.244+01:00  WARN 33721 --- [smboutique-backend] [io-8085-exec-14] org.hibernate.orm.deprecation            : HHH90000021: Encountered deprecated setting [javax.persistence.query.timeout], use [jakarta.persistence.query.timeout] instead
2025-12-03T17:55:58.245+01:00 DEBUG 33721 --- [smboutique-backend] [io-8085-exec-14] org.hibernate.SQL                        : 
    select
        u1_0.id_utilisateur,
        u1_0.adresse,
        u1_0.avatar,
        u1_0.boutique_id,
        u1_0.contact_utilisateur,
        u1_0.email,
        u1_0.mot_de_passe_utilisateur,
        u1_0.nom_utilisateur,
        u1_0.prenom_utilisateur,
        u1_0.psedeau_utilisateur,
        u1_0.reset_token,
        u1_0.reset_token_expire,
        u1_0.statut,
        u1_0.type_utilisateur 
    from
        utilisateur u1_0 
    where
        upper(u1_0.email)=upper(?)
Hibernate: 
    select
        u1_0.id_utilisateur,
        u1_0.adresse,
        u1_0.avatar,
        u1_0.boutique_id,
        u1_0.contact_utilisateur,
        u1_0.email,
        u1_0.mot_de_passe_utilisateur,
        u1_0.nom_utilisateur,
        u1_0.prenom_utilisateur,
        u1_0.psedeau_utilisateur,
        u1_0.reset_token,
        u1_0.reset_token_expire,
        u1_0.statut,
        u1_0.type_utilisateur 
    from
        utilisateur u1_0 
    where
        upper(u1_0.email)=upper(?)
2025-12-03T17:55:58.318+01:00 DEBUG 33721 --- [smboutique-backend] [io-8085-exec-14] o.s.s.a.dao.DaoAuthenticationProvider    : Failed to find user 'moussabah@gmai.com'
2025-12-03T17:55:58.318+01:00 DEBUG 33721 --- [smboutique-backend] [io-8085-exec-14] o.j.s.OpenEntityManagerInViewInterceptor : Closing JPA EntityManager in OpenEntityManagerInViewInterceptor
2025-12-03T17:56:01.646+01:00 DEBUG 33721 --- [smboutique-backend] [io-8085-exec-15] o.s.security.web.FilterChainProxy        : Securing POST /api/auth/login
2025-12-03T17:56:01.647+01:00 DEBUG 33721 --- [smboutique-backend] [io-8085-exec-15] o.s.s.w.a.AnonymousAuthenticationFilter  : Set SecurityContextHolder to anonymous SecurityContext
2025-12-03T17:56:01.647+01:00 DEBUG 33721 --- [smboutique-backend] [io-8085-exec-15] o.s.security.web.FilterChainProxy        : Secured POST /api/auth/login
2025-12-03T17:56:01.647+01:00 DEBUG 33721 --- [smboutique-backend] [io-8085-exec-15] o.j.s.OpenEntityManagerInViewInterceptor : Opening JPA EntityManager in OpenEntityManagerInViewInterceptor
2025-12-03T17:56:01.649+01:00  WARN 33721 --- [smboutique-backend] [io-8085-exec-15] org.hibernate.orm.deprecation            : HHH90000021: Encountered deprecated setting [javax.persistence.query.timeout], use [jakarta.persistence.query.timeout] instead
2025-12-03T17:56:01.650+01:00 DEBUG 33721 --- [smboutique-backend] [io-8085-exec-15] org.hibernate.SQL                        : 
    select
        u1_0.id_utilisateur,
        u1_0.adresse,
        u1_0.avatar,
        u1_0.boutique_id,
        u1_0.contact_utilisateur,
        u1_0.email,
        u1_0.mot_de_passe_utilisateur,
        u1_0.nom_utilisateur,
        u1_0.prenom_utilisateur,
        u1_0.psedeau_utilisateur,
        u1_0.reset_token,
        u1_0.reset_token_expire,
        u1_0.statut,
        u1_0.type_utilisateur 
    from
        utilisateur u1_0 
    where
        upper(u1_0.email)=upper(?)
Hibernate: 
    select
        u1_0.id_utilisateur,
        u1_0.adresse,
        u1_0.avatar,
        u1_0.boutique_id,
        u1_0.contact_utilisateur,
        u1_0.email,
        u1_0.mot_de_passe_utilisateur,
        u1_0.nom_utilisateur,
        u1_0.prenom_utilisateur,
        u1_0.psedeau_utilisateur,
        u1_0.reset_token,
        u1_0.reset_token_expire,
        u1_0.statut,
        u1_0.type_utilisateur 
    from
        utilisateur u1_0 
    where
        upper(u1_0.email)=upper(?)
2025-12-03T17:56:01.727+01:00 DEBUG 33721 --- [smboutique-backend] [io-8085-exec-15] o.s.s.a.dao.DaoAuthenticationProvider    : Failed to find user 'moussabah@gmai.com'
2025-12-03T17:56:01.727+01:00 DEBUG 33721 --- [smboutique-backend] [io-8085-exec-15] o.j.s.OpenEntityManagerInViewInterceptor : Closing JPA EntityManager in OpenEntityManagerInViewInterceptor
2025-12-03T17:56:38.505+01:00 DEBUG 33721 --- [smboutique-backend] [io-8085-exec-16] o.s.security.web.FilterChainProxy        : Securing POST /api/auth/login
2025-12-03T17:56:38.506+01:00 DEBUG 33721 --- [smboutique-backend] [io-8085-exec-16] o.s.s.w.a.AnonymousAuthenticationFilter  : Set SecurityContextHolder to anonymous SecurityContext
2025-12-03T17:56:38.506+01:00 DEBUG 33721 --- [smboutique-backend] [io-8085-exec-16] o.s.security.web.FilterChainProxy        : Secured POST /api/auth/login
2025-12-03T17:56:38.507+01:00 DEBUG 33721 --- [smboutique-backend] [io-8085-exec-16] o.j.s.OpenEntityManagerInViewInterceptor : Opening JPA EntityManager in OpenEntityManagerInViewInterceptor
2025-12-03T17:56:38.508+01:00  WARN 33721 --- [smboutique-backend] [io-8085-exec-16] org.hibernate.orm.deprecation            : HHH90000021: Encountered deprecated setting [javax.persistence.query.timeout], use [jakarta.persistence.query.timeout] instead
2025-12-03T17:56:38.510+01:00 DEBUG 33721 --- [smboutique-backend] [io-8085-exec-16] org.hibernate.SQL                        : 
    select
        u1_0.id_utilisateur,
        u1_0.adresse,
        u1_0.avatar,
        u1_0.boutique_id,
        u1_0.contact_utilisateur,
        u1_0.email,
        u1_0.mot_de_passe_utilisateur,
        u1_0.nom_utilisateur,
        u1_0.prenom_utilisateur,
        u1_0.psedeau_utilisateur,
        u1_0.reset_token,
        u1_0.reset_token_expire,
        u1_0.statut,
        u1_0.type_utilisateur 
    from
        utilisateur u1_0 
    where
        upper(u1_0.email)=upper(?)
Hibernate: 
    select
        u1_0.id_utilisateur,
        u1_0.adresse,
        u1_0.avatar,
        u1_0.boutique_id,
        u1_0.contact_utilisateur,
        u1_0.email,
        u1_0.mot_de_passe_utilisateur,
        u1_0.nom_utilisateur,
        u1_0.prenom_utilisateur,
        u1_0.psedeau_utilisateur,
        u1_0.reset_token,
        u1_0.reset_token_expire,
        u1_0.statut,
        u1_0.type_utilisateur 
    from
        utilisateur u1_0 
    where
        upper(u1_0.email)=upper(?)
2025-12-03T17:56:38.512+01:00 DEBUG 33721 --- [smboutique-backend] [io-8085-exec-16] org.hibernate.SQL                        : 
    select
        r1_0.utilisateur_id,
        r1_1.id_role,
        r1_1.description,
        r1_1.name,
        p1_0.role_id,
        p1_1.id_permission,
        p1_1.description,
        p1_1.name 
    from
        utilisateur_roles r1_0 
    join
        role r1_1 
            on r1_1.id_role=r1_0.role_id 
    left join
        role_permissions p1_0 
            on r1_1.id_role=p1_0.role_id 
    left join
        permission p1_1 
            on p1_1.id_permission=p1_0.permission_id 
    where
        r1_0.utilisateur_id=?
Hibernate: 
    select
        r1_0.utilisateur_id,
        r1_1.id_role,
        r1_1.description,
        r1_1.name,
        p1_0.role_id,
        p1_1.id_permission,
        p1_1.description,
        p1_1.name 
    from
        utilisateur_roles r1_0 
    join
        role r1_1 
            on r1_1.id_role=r1_0.role_id 
    left join
        role_permissions p1_0 
            on r1_1.id_role=p1_0.role_id 
    left join
        permission p1_1 
            on p1_1.id_permission=p1_0.permission_id 
    where
        r1_0.utilisateur_id=?
2025-12-03T17:56:38.516+01:00 DEBUG 33721 --- [smboutique-backend] [io-8085-exec-16] org.hibernate.SQL                        : 
    select
        p1_0.utilisateur_id,
        p1_1.id_permission,
        p1_1.description,
        p1_1.name 
    from
        utilisateur_permissions p1_0 
    join
        permission p1_1 
            on p1_1.id_permission=p1_0.permission_id 
    where
        p1_0.utilisateur_id=?
Hibernate: 
    select
        p1_0.utilisateur_id,
        p1_1.id_permission,
        p1_1.description,
        p1_1.name 
    from
        utilisateur_permissions p1_0 
    join
        permission p1_1 
            on p1_1.id_permission=p1_0.permission_id 
    where
        p1_0.utilisateur_id=?
2025-12-03T17:56:38.590+01:00 DEBUG 33721 --- [smboutique-backend] [io-8085-exec-16] o.s.s.a.dao.DaoAuthenticationProvider    : Failed to authenticate since password does not match stored value
2025-12-03T17:56:38.590+01:00 DEBUG 33721 --- [smboutique-backend] [io-8085-exec-16] o.j.s.OpenEntityManagerInViewInterceptor : Closing JPA EntityManager in OpenEntityManagerInViewInterceptor
2025-12-03T17:56:40.864+01:00 DEBUG 33721 --- [smboutique-backend] [io-8085-exec-17] o.s.security.web.FilterChainProxy        : Securing POST /api/auth/login
2025-12-03T17:56:40.865+01:00 DEBUG 33721 --- [smboutique-backend] [io-8085-exec-17] o.s.s.w.a.AnonymousAuthenticationFilter  : Set SecurityContextHolder to anonymous SecurityContext
2025-12-03T17:56:40.865+01:00 DEBUG 33721 --- [smboutique-backend] [io-8085-exec-17] o.s.security.web.FilterChainProxy        : Secured POST /api/auth/login
2025-12-03T17:56:40.866+01:00 DEBUG 33721 --- [smboutique-backend] [io-8085-exec-17] o.j.s.OpenEntityManagerInViewInterceptor : Opening JPA EntityManager in OpenEntityManagerInViewInterceptor
2025-12-03T17:56:40.867+01:00  WARN 33721 --- [smboutique-backend] [io-8085-exec-17] org.hibernate.orm.deprecation            : HHH90000021: Encountered deprecated setting [javax.persistence.query.timeout], use [jakarta.persistence.query.timeout] instead
2025-12-03T17:56:40.869+01:00 DEBUG 33721 --- [smboutique-backend] [io-8085-exec-17] org.hibernate.SQL                        : 
    select
        u1_0.id_utilisateur,
        u1_0.adresse,
        u1_0.avatar,
        u1_0.boutique_id,
        u1_0.contact_utilisateur,
        u1_0.email,
        u1_0.mot_de_passe_utilisateur,
        u1_0.nom_utilisateur,
        u1_0.prenom_utilisateur,
        u1_0.psedeau_utilisateur,
        u1_0.reset_token,
        u1_0.reset_token_expire,
        u1_0.statut,
        u1_0.type_utilisateur 
    from
        utilisateur u1_0 
    where
        upper(u1_0.email)=upper(?)
Hibernate: 
    select
        u1_0.id_utilisateur,
        u1_0.adresse,
        u1_0.avatar,
        u1_0.boutique_id,
        u1_0.contact_utilisateur,
        u1_0.email,
        u1_0.mot_de_passe_utilisateur,
        u1_0.nom_utilisateur,
        u1_0.prenom_utilisateur,
        u1_0.psedeau_utilisateur,
        u1_0.reset_token,
        u1_0.reset_token_expire,
        u1_0.statut,
        u1_0.type_utilisateur 
    from
        utilisateur u1_0 
    where
        upper(u1_0.email)=upper(?)
2025-12-03T17:56:40.871+01:00 DEBUG 33721 --- [smboutique-backend] [io-8085-exec-17] org.hibernate.SQL                        : 
    select
        r1_0.utilisateur_id,
        r1_1.id_role,
        r1_1.description,
        r1_1.name,
        p1_0.role_id,
        p1_1.id_permission,
        p1_1.description,
        p1_1.name 
    from
        utilisateur_roles r1_0 
    join
        role r1_1 
            on r1_1.id_role=r1_0.role_id 
    left join
        role_permissions p1_0 
            on r1_1.id_role=p1_0.role_id 
    left join
        permission p1_1 
            on p1_1.id_permission=p1_0.permission_id 
    where
        r1_0.utilisateur_id=?
Hibernate: 
    select
        r1_0.utilisateur_id,
        r1_1.id_role,
        r1_1.description,
        r1_1.name,
        p1_0.role_id,
        p1_1.id_permission,
        p1_1.description,
        p1_1.name 
    from
        utilisateur_roles r1_0 
    join
        role r1_1 
            on r1_1.id_role=r1_0.role_id 
    left join
        role_permissions p1_0 
            on r1_1.id_role=p1_0.role_id 
    left join
        permission p1_1 
            on p1_1.id_permission=p1_0.permission_id 
    where
        r1_0.utilisateur_id=?
2025-12-03T17:56:40.875+01:00 DEBUG 33721 --- [smboutique-backend] [io-8085-exec-17] org.hibernate.SQL                        : 
    select
        p1_0.utilisateur_id,
        p1_1.id_permission,
        p1_1.description,
        p1_1.name 
    from
        utilisateur_permissions p1_0 
    join
        permission p1_1 
            on p1_1.id_permission=p1_0.permission_id 
    where
        p1_0.utilisateur_id=?
Hibernate: 
    select
        p1_0.utilisateur_id,
        p1_1.id_permission,
        p1_1.description,
        p1_1.name 
    from
        utilisateur_permissions p1_0 
    join
        permission p1_1 
            on p1_1.id_permission=p1_0.permission_id 
    where
        p1_0.utilisateur_id=?
2025-12-03T17:56:40.952+01:00 DEBUG 33721 --- [smboutique-backend] [io-8085-exec-17] o.s.s.a.dao.DaoAuthenticationProvider    : Failed to authenticate since password does not match stored value
2025-12-03T17:56:40.952+01:00 DEBUG 33721 --- [smboutique-backend] [io-8085-exec-17] o.j.s.OpenEntityManagerInViewInterceptor : Closing JPA EntityManager in OpenEntityManagerInViewInterceptor
2025-12-03T18:15:58.187+01:00 DEBUG 33721 --- [smboutique-backend] [io-8085-exec-18] o.s.security.web.FilterChainProxy        : Securing POST /api/auth/login
2025-12-03T18:15:58.187+01:00 DEBUG 33721 --- [smboutique-backend] [io-8085-exec-18] o.s.s.w.a.AnonymousAuthenticationFilter  : Set SecurityContextHolder to anonymous SecurityContext
2025-12-03T18:15:58.187+01:00 DEBUG 33721 --- [smboutique-backend] [io-8085-exec-18] o.s.security.web.FilterChainProxy        : Secured POST /api/auth/login
2025-12-03T18:15:58.187+01:00 DEBUG 33721 --- [smboutique-backend] [io-8085-exec-18] o.j.s.OpenEntityManagerInViewInterceptor : Opening JPA EntityManager in OpenEntityManagerInViewInterceptor
2025-12-03T18:15:58.188+01:00  WARN 33721 --- [smboutique-backend] [io-8085-exec-18] org.hibernate.orm.deprecation            : HHH90000021: Encountered deprecated setting [javax.persistence.query.timeout], use [jakarta.persistence.query.timeout] instead
2025-12-03T18:15:58.189+01:00 DEBUG 33721 --- [smboutique-backend] [io-8085-exec-18] org.hibernate.SQL                        : 
    select
        u1_0.id_utilisateur,
        u1_0.adresse,
        u1_0.avatar,
        u1_0.boutique_id,
        u1_0.contact_utilisateur,
        u1_0.email,
        u1_0.mot_de_passe_utilisateur,
        u1_0.nom_utilisateur,
        u1_0.prenom_utilisateur,
        u1_0.psedeau_utilisateur,
        u1_0.reset_token,
        u1_0.reset_token_expire,
        u1_0.statut,
        u1_0.type_utilisateur 
    from
        utilisateur u1_0 
    where
        upper(u1_0.email)=upper(?)
Hibernate: 
    select
        u1_0.id_utilisateur,
        u1_0.adresse,
        u1_0.avatar,
        u1_0.boutique_id,
        u1_0.contact_utilisateur,
        u1_0.email,
        u1_0.mot_de_passe_utilisateur,
        u1_0.nom_utilisateur,
        u1_0.prenom_utilisateur,
        u1_0.psedeau_utilisateur,
        u1_0.reset_token,
        u1_0.reset_token_expire,
        u1_0.statut,
        u1_0.type_utilisateur 
    from
        utilisateur u1_0 
    where
        upper(u1_0.email)=upper(?)
2025-12-03T18:15:58.191+01:00 DEBUG 33721 --- [smboutique-backend] [io-8085-exec-18] org.hibernate.SQL                        : 
    select
        r1_0.utilisateur_id,
        r1_1.id_role,
        r1_1.description,
        r1_1.name,
        p1_0.role_id,
        p1_1.id_permission,
        p1_1.description,
        p1_1.name 
    from
        utilisateur_roles r1_0 
    join
        role r1_1 
            on r1_1.id_role=r1_0.role_id 
    left join
        role_permissions p1_0 
            on r1_1.id_role=p1_0.role_id 
    left join
        permission p1_1 
            on p1_1.id_permission=p1_0.permission_id 
    where
        r1_0.utilisateur_id=?
Hibernate: 
    select
        r1_0.utilisateur_id,
        r1_1.id_role,
        r1_1.description,
        r1_1.name,
        p1_0.role_id,
        p1_1.id_permission,
        p1_1.description,
        p1_1.name 
    from
        utilisateur_roles r1_0 
    join
        role r1_1 
            on r1_1.id_role=r1_0.role_id 
    left join
        role_permissions p1_0 
            on r1_1.id_role=p1_0.role_id 
    left join
        permission p1_1 
            on p1_1.id_permission=p1_0.permission_id 
    where
        r1_0.utilisateur_id=?
2025-12-03T18:15:58.194+01:00 DEBUG 33721 --- [smboutique-backend] [io-8085-exec-18] org.hibernate.SQL                        : 
    select
        p1_0.utilisateur_id,
        p1_1.id_permission,
        p1_1.description,
        p1_1.name 
    from
        utilisateur_permissions p1_0 
    join
        permission p1_1 
            on p1_1.id_permission=p1_0.permission_id 
    where
        p1_0.utilisateur_id=?
Hibernate: 
    select
        p1_0.utilisateur_id,
        p1_1.id_permission,
        p1_1.description,
        p1_1.name 
    from
        utilisateur_permissions p1_0 
    join
        permission p1_1 
            on p1_1.id_permission=p1_0.permission_id 
    where
        p1_0.utilisateur_id=?
2025-12-03T18:15:58.271+01:00 DEBUG 33721 --- [smboutique-backend] [io-8085-exec-18] o.s.s.a.dao.DaoAuthenticationProvider    : Authenticated user
2025-12-03T18:15:58.273+01:00 DEBUG 33721 --- [smboutique-backend] [io-8085-exec-18] o.j.s.OpenEntityManagerInViewInterceptor : Closing JPA EntityManager in OpenEntityManagerInViewInterceptor
2025-12-03T18:16:08.890+01:00 DEBUG 33721 --- [smboutique-backend] [io-8085-exec-19] o.s.security.web.FilterChainProxy        : Securing POST /api/auth/login
2025-12-03T18:16:08.890+01:00 DEBUG 33721 --- [smboutique-backend] [io-8085-exec-19] o.s.s.w.a.AnonymousAuthenticationFilter  : Set SecurityContextHolder to anonymous SecurityContext
2025-12-03T18:16:08.890+01:00 DEBUG 33721 --- [smboutique-backend] [io-8085-exec-19] o.s.security.web.FilterChainProxy        : Secured POST /api/auth/login
2025-12-03T18:16:08.891+01:00 DEBUG 33721 --- [smboutique-backend] [io-8085-exec-19] o.j.s.OpenEntityManagerInViewInterceptor : Opening JPA EntityManager in OpenEntityManagerInViewInterceptor
2025-12-03T18:16:08.892+01:00  WARN 33721 --- [smboutique-backend] [io-8085-exec-19] org.hibernate.orm.deprecation            : HHH90000021: Encountered deprecated setting [javax.persistence.query.timeout], use [jakarta.persistence.query.timeout] instead
2025-12-03T18:16:08.893+01:00 DEBUG 33721 --- [smboutique-backend] [io-8085-exec-19] org.hibernate.SQL                        : 
    select
        u1_0.id_utilisateur,
        u1_0.adresse,
        u1_0.avatar,
        u1_0.boutique_id,
        u1_0.contact_utilisateur,
        u1_0.email,
        u1_0.mot_de_passe_utilisateur,
        u1_0.nom_utilisateur,
        u1_0.prenom_utilisateur,
        u1_0.psedeau_utilisateur,
        u1_0.reset_token,
        u1_0.reset_token_expire,
        u1_0.statut,
        u1_0.type_utilisateur 
    from
        utilisateur u1_0 
    where
        upper(u1_0.email)=upper(?)
Hibernate: 
    select
        u1_0.id_utilisateur,
        u1_0.adresse,
        u1_0.avatar,
        u1_0.boutique_id,
        u1_0.contact_utilisateur,
        u1_0.email,
        u1_0.mot_de_passe_utilisateur,
        u1_0.nom_utilisateur,
        u1_0.prenom_utilisateur,
        u1_0.psedeau_utilisateur,
        u1_0.reset_token,
        u1_0.reset_token_expire,
        u1_0.statut,
        u1_0.type_utilisateur 
    from
        utilisateur u1_0 
    where
        upper(u1_0.email)=upper(?)
2025-12-03T18:16:08.895+01:00 DEBUG 33721 --- [smboutique-backend] [io-8085-exec-19] org.hibernate.SQL                        : 
    select
        r1_0.utilisateur_id,
        r1_1.id_role,
        r1_1.description,
        r1_1.name,
        p1_0.role_id,
        p1_1.id_permission,
        p1_1.description,
        p1_1.name 
    from
        utilisateur_roles r1_0 
    join
        role r1_1 
            on r1_1.id_role=r1_0.role_id 
    left join
        role_permissions p1_0 
            on r1_1.id_role=p1_0.role_id 
    left join
        permission p1_1 
            on p1_1.id_permission=p1_0.permission_id 
    where
        r1_0.utilisateur_id=?
Hibernate: 
    select
        r1_0.utilisateur_id,
        r1_1.id_role,
        r1_1.description,
        r1_1.name,
        p1_0.role_id,
        p1_1.id_permission,
        p1_1.description,
        p1_1.name 
    from
        utilisateur_roles r1_0 
    join
        role r1_1 
            on r1_1.id_role=r1_0.role_id 
    left join
        role_permissions p1_0 
            on r1_1.id_role=p1_0.role_id 
    left join
        permission p1_1 
            on p1_1.id_permission=p1_0.permission_id 
    where
        r1_0.utilisateur_id=?
2025-12-03T18:16:08.899+01:00 DEBUG 33721 --- [smboutique-backend] [io-8085-exec-19] org.hibernate.SQL                        : 
    select
        p1_0.utilisateur_id,
        p1_1.id_permission,
        p1_1.description,
        p1_1.name 
    from
        utilisateur_permissions p1_0 
    join
        permission p1_1 
            on p1_1.id_permission=p1_0.permission_id 
    where
        p1_0.utilisateur_id=?
Hibernate: 
    select
        p1_0.utilisateur_id,
        p1_1.id_permission,
        p1_1.description,
        p1_1.name 
    from
        utilisateur_permissions p1_0 
    join
        permission p1_1 
            on p1_1.id_permission=p1_0.permission_id 
    where
        p1_0.utilisateur_id=?
2025-12-03T18:16:08.977+01:00 DEBUG 33721 --- [smboutique-backend] [io-8085-exec-19] o.s.s.a.dao.DaoAuthenticationProvider    : Authenticated user
2025-12-03T18:16:08.979+01:00 DEBUG 33721 --- [smboutique-backend] [io-8085-exec-19] o.j.s.OpenEntityManagerInViewInterceptor : Closing JPA EntityManager in OpenEntityManagerInViewInterceptor
2025-12-03T18:16:16.285+01:00 DEBUG 33721 --- [smboutique-backend] [io-8085-exec-20] o.s.security.web.FilterChainProxy        : Securing POST /api/auth/login
2025-12-03T18:16:16.286+01:00 DEBUG 33721 --- [smboutique-backend] [io-8085-exec-20] o.s.s.w.a.AnonymousAuthenticationFilter  : Set SecurityContextHolder to anonymous SecurityContext
2025-12-03T18:16:16.286+01:00 DEBUG 33721 --- [smboutique-backend] [io-8085-exec-20] o.s.security.web.FilterChainProxy        : Secured POST /api/auth/login
2025-12-03T18:16:16.286+01:00 DEBUG 33721 --- [smboutique-backend] [io-8085-exec-20] o.j.s.OpenEntityManagerInViewInterceptor : Opening JPA EntityManager in OpenEntityManagerInViewInterceptor
2025-12-03T18:16:16.288+01:00  WARN 33721 --- [smboutique-backend] [io-8085-exec-20] org.hibernate.orm.deprecation            : HHH90000021: Encountered deprecated setting [javax.persistence.query.timeout], use [jakarta.persistence.query.timeout] instead
2025-12-03T18:16:16.289+01:00 DEBUG 33721 --- [smboutique-backend] [io-8085-exec-20] org.hibernate.SQL                        : 
    select
        u1_0.id_utilisateur,
        u1_0.adresse,
        u1_0.avatar,
        u1_0.boutique_id,
        u1_0.contact_utilisateur,
        u1_0.email,
        u1_0.mot_de_passe_utilisateur,
        u1_0.nom_utilisateur,
        u1_0.prenom_utilisateur,
        u1_0.psedeau_utilisateur,
        u1_0.reset_token,
        u1_0.reset_token_expire,
        u1_0.statut,
        u1_0.type_utilisateur 
    from
        utilisateur u1_0 
    where
        upper(u1_0.email)=upper(?)
Hibernate: 
    select
        u1_0.id_utilisateur,
        u1_0.adresse,
        u1_0.avatar,
        u1_0.boutique_id,
        u1_0.contact_utilisateur,
        u1_0.email,
        u1_0.mot_de_passe_utilisateur,
        u1_0.nom_utilisateur,
        u1_0.prenom_utilisateur,
        u1_0.psedeau_utilisateur,
        u1_0.reset_token,
        u1_0.reset_token_expire,
        u1_0.statut,
        u1_0.type_utilisateur 
    from
        utilisateur u1_0 
    where
        upper(u1_0.email)=upper(?)
2025-12-03T18:16:16.290+01:00 DEBUG 33721 --- [smboutique-backend] [io-8085-exec-20] org.hibernate.SQL                        : 
    select
        r1_0.utilisateur_id,
        r1_1.id_role,
        r1_1.description,
        r1_1.name,
        p1_0.role_id,
        p1_1.id_permission,
        p1_1.description,
        p1_1.name 
    from
        utilisateur_roles r1_0 
    join
        role r1_1 
            on r1_1.id_role=r1_0.role_id 
    left join
        role_permissions p1_0 
            on r1_1.id_role=p1_0.role_id 
    left join
        permission p1_1 
            on p1_1.id_permission=p1_0.permission_id 
    where
        r1_0.utilisateur_id=?
Hibernate: 
    select
        r1_0.utilisateur_id,
        r1_1.id_role,
        r1_1.description,
        r1_1.name,
        p1_0.role_id,
        p1_1.id_permission,
        p1_1.description,
        p1_1.name 
    from
        utilisateur_roles r1_0 
    join
        role r1_1 
            on r1_1.id_role=r1_0.role_id 
    left join
        role_permissions p1_0 
            on r1_1.id_role=p1_0.role_id 
    left join
        permission p1_1 
            on p1_1.id_permission=p1_0.permission_id 
    where
        r1_0.utilisateur_id=?
2025-12-03T18:16:16.293+01:00 DEBUG 33721 --- [smboutique-backend] [io-8085-exec-20] org.hibernate.SQL                        : 
    select
        p1_0.utilisateur_id,
        p1_1.id_permission,
        p1_1.description,
        p1_1.name 
    from
        utilisateur_permissions p1_0 
    join
        permission p1_1 
            on p1_1.id_permission=p1_0.permission_id 
    where
        p1_0.utilisateur_id=?
Hibernate: 
    select
        p1_0.utilisateur_id,
        p1_1.id_permission,
        p1_1.description,
        p1_1.name 
    from
        utilisateur_permissions p1_0 
    join
        permission p1_1 
            on p1_1.id_permission=p1_0.permission_id 
    where
        p1_0.utilisateur_id=?
2025-12-03T18:16:16.369+01:00 DEBUG 33721 --- [smboutique-backend] [io-8085-exec-20] o.s.s.a.dao.DaoAuthenticationProvider    : Authenticated user
2025-12-03T18:16:16.371+01:00 DEBUG 33721 --- [smboutique-backend] [io-8085-exec-20] o.j.s.OpenEntityManagerInViewInterceptor : Closing JPA EntityManager in OpenEntityManagerInViewInterceptor
2025-12-03T18:16:22.685+01:00 DEBUG 33721 --- [smboutique-backend] [nio-8085-exec-2] o.s.security.web.FilterChainProxy        : Securing POST /api/auth/login
2025-12-03T18:16:22.685+01:00 DEBUG 33721 --- [smboutique-backend] [nio-8085-exec-2] o.s.s.w.a.AnonymousAuthenticationFilter  : Set SecurityContextHolder to anonymous SecurityContext
2025-12-03T18:16:22.685+01:00 DEBUG 33721 --- [smboutique-backend] [nio-8085-exec-2] o.s.security.web.FilterChainProxy        : Secured POST /api/auth/login
2025-12-03T18:16:22.685+01:00 DEBUG 33721 --- [smboutique-backend] [nio-8085-exec-2] o.j.s.OpenEntityManagerInViewInterceptor : Opening JPA EntityManager in OpenEntityManagerInViewInterceptor
2025-12-03T18:16:22.686+01:00  WARN 33721 --- [smboutique-backend] [nio-8085-exec-2] org.hibernate.orm.deprecation            : HHH90000021: Encountered deprecated setting [javax.persistence.query.timeout], use [jakarta.persistence.query.timeout] instead
2025-12-03T18:16:22.687+01:00 DEBUG 33721 --- [smboutique-backend] [nio-8085-exec-2] org.hibernate.SQL                        : 
    select
        u1_0.id_utilisateur,
        u1_0.adresse,
        u1_0.avatar,
        u1_0.boutique_id,
        u1_0.contact_utilisateur,
        u1_0.email,
        u1_0.mot_de_passe_utilisateur,
        u1_0.nom_utilisateur,
        u1_0.prenom_utilisateur,
        u1_0.psedeau_utilisateur,
        u1_0.reset_token,
        u1_0.reset_token_expire,
        u1_0.statut,
        u1_0.type_utilisateur 
    from
        utilisateur u1_0 
    where
        upper(u1_0.email)=upper(?)
Hibernate: 
    select
        u1_0.id_utilisateur,
        u1_0.adresse,
        u1_0.avatar,
        u1_0.boutique_id,
        u1_0.contact_utilisateur,
        u1_0.email,
        u1_0.mot_de_passe_utilisateur,
        u1_0.nom_utilisateur,
        u1_0.prenom_utilisateur,
        u1_0.psedeau_utilisateur,
        u1_0.reset_token,
        u1_0.reset_token_expire,
        u1_0.statut,
        u1_0.type_utilisateur 
    from
        utilisateur u1_0 
    where
        upper(u1_0.email)=upper(?)
2025-12-03T18:16:22.689+01:00 DEBUG 33721 --- [smboutique-backend] [nio-8085-exec-2] org.hibernate.SQL                        : 
    select
        r1_0.utilisateur_id,
        r1_1.id_role,
        r1_1.description,
        r1_1.name,
        p1_0.role_id,
        p1_1.id_permission,
        p1_1.description,
        p1_1.name 
    from
        utilisateur_roles r1_0 
    join
        role r1_1 
            on r1_1.id_role=r1_0.role_id 
    left join
        role_permissions p1_0 
            on r1_1.id_role=p1_0.role_id 
    left join
        permission p1_1 
            on p1_1.id_permission=p1_0.permission_id 
    where
        r1_0.utilisateur_id=?
Hibernate: 
    select
        r1_0.utilisateur_id,
        r1_1.id_role,
        r1_1.description,
        r1_1.name,
        p1_0.role_id,
        p1_1.id_permission,
        p1_1.description,
        p1_1.name 
    from
        utilisateur_roles r1_0 
    join
        role r1_1 
            on r1_1.id_role=r1_0.role_id 
    left join
        role_permissions p1_0 
            on r1_1.id_role=p1_0.role_id 
    left join
        permission p1_1 
            on p1_1.id_permission=p1_0.permission_id 
    where
        r1_0.utilisateur_id=?
2025-12-03T18:16:22.691+01:00 DEBUG 33721 --- [smboutique-backend] [nio-8085-exec-2] org.hibernate.SQL                        : 
    select
        p1_0.utilisateur_id,
        p1_1.id_permission,
        p1_1.description,
        p1_1.name 
    from
        utilisateur_permissions p1_0 
    join
        permission p1_1 
            on p1_1.id_permission=p1_0.permission_id 
    where
        p1_0.utilisateur_id=?
Hibernate: 
    select
        p1_0.utilisateur_id,
        p1_1.id_permission,
        p1_1.description,
        p1_1.name 
    from
        utilisateur_permissions p1_0 
    join
        permission p1_1 
            on p1_1.id_permission=p1_0.permission_id 
    where
        p1_0.utilisateur_id=?
2025-12-03T18:16:22.773+01:00 DEBUG 33721 --- [smboutique-backend] [nio-8085-exec-2] o.s.s.a.dao.DaoAuthenticationProvider    : Authenticated user
2025-12-03T18:16:22.774+01:00 DEBUG 33721 --- [smboutique-backend] [nio-8085-exec-2] o.j.s.OpenEntityManagerInViewInterceptor : Closing JPA EntityManager in OpenEntityManagerInViewInterceptor
2025-12-03T18:35:21.850+01:00 DEBUG 33721 --- [smboutique-backend] [nio-8085-exec-3] o.s.security.web.FilterChainProxy        : Securing POST /api/auth/login
2025-12-03T18:35:21.851+01:00 DEBUG 33721 --- [smboutique-backend] [nio-8085-exec-3] o.s.s.w.a.AnonymousAuthenticationFilter  : Set SecurityContextHolder to anonymous SecurityContext
2025-12-03T18:35:21.851+01:00 DEBUG 33721 --- [smboutique-backend] [nio-8085-exec-3] o.s.security.web.FilterChainProxy        : Secured POST /api/auth/login
2025-12-03T18:35:21.851+01:00 DEBUG 33721 --- [smboutique-backend] [nio-8085-exec-3] o.j.s.OpenEntityManagerInViewInterceptor : Opening JPA EntityManager in OpenEntityManagerInViewInterceptor
2025-12-03T18:35:21.852+01:00  WARN 33721 --- [smboutique-backend] [nio-8085-exec-3] org.hibernate.orm.deprecation            : HHH90000021: Encountered deprecated setting [javax.persistence.query.timeout], use [jakarta.persistence.query.timeout] instead
2025-12-03T18:35:21.853+01:00 DEBUG 33721 --- [smboutique-backend] [nio-8085-exec-3] org.hibernate.SQL                        : 
    select
        u1_0.id_utilisateur,
        u1_0.adresse,
        u1_0.avatar,
        u1_0.boutique_id,
        u1_0.contact_utilisateur,
        u1_0.email,
        u1_0.mot_de_passe_utilisateur,
        u1_0.nom_utilisateur,
        u1_0.prenom_utilisateur,
        u1_0.psedeau_utilisateur,
        u1_0.reset_token,
        u1_0.reset_token_expire,
        u1_0.statut,
        u1_0.type_utilisateur 
    from
        utilisateur u1_0 
    where
        upper(u1_0.email)=upper(?)
Hibernate: 
    select
        u1_0.id_utilisateur,
        u1_0.adresse,
        u1_0.avatar,
        u1_0.boutique_id,
        u1_0.contact_utilisateur,
        u1_0.email,
        u1_0.mot_de_passe_utilisateur,
        u1_0.nom_utilisateur,
        u1_0.prenom_utilisateur,
        u1_0.psedeau_utilisateur,
        u1_0.reset_token,
        u1_0.reset_token_expire,
        u1_0.statut,
        u1_0.type_utilisateur 
    from
        utilisateur u1_0 
    where
        upper(u1_0.email)=upper(?)
2025-12-03T18:35:21.923+01:00 DEBUG 33721 --- [smboutique-backend] [nio-8085-exec-3] o.s.s.a.dao.DaoAuthenticationProvider    : Failed to find user 'moussabah@gmai.com'
2025-12-03T18:35:21.923+01:00 DEBUG 33721 --- [smboutique-backend] [nio-8085-exec-3] o.j.s.OpenEntityManagerInViewInterceptor : Closing JPA EntityManager in OpenEntityManagerInViewInterceptor
2025-12-03T18:36:10.794+01:00 DEBUG 33721 --- [smboutique-backend] [nio-8085-exec-4] o.s.security.web.FilterChainProxy        : Securing POST /api/auth/login
2025-12-03T18:36:10.795+01:00 DEBUG 33721 --- [smboutique-backend] [nio-8085-exec-4] o.s.s.w.a.AnonymousAuthenticationFilter  : Set SecurityContextHolder to anonymous SecurityContext
2025-12-03T18:36:10.795+01:00 DEBUG 33721 --- [smboutique-backend] [nio-8085-exec-4] o.s.security.web.FilterChainProxy        : Secured POST /api/auth/login
2025-12-03T18:36:10.796+01:00 DEBUG 33721 --- [smboutique-backend] [nio-8085-exec-4] o.j.s.OpenEntityManagerInViewInterceptor : Opening JPA EntityManager in OpenEntityManagerInViewInterceptor
2025-12-03T18:36:10.797+01:00  WARN 33721 --- [smboutique-backend] [nio-8085-exec-4] org.hibernate.orm.deprecation            : HHH90000021: Encountered deprecated setting [javax.persistence.query.timeout], use [jakarta.persistence.query.timeout] instead
2025-12-03T18:36:10.798+01:00 DEBUG 33721 --- [smboutique-backend] [nio-8085-exec-4] org.hibernate.SQL                        : 
    select
        u1_0.id_utilisateur,
        u1_0.adresse,
        u1_0.avatar,
        u1_0.boutique_id,
        u1_0.contact_utilisateur,
        u1_0.email,
        u1_0.mot_de_passe_utilisateur,
        u1_0.nom_utilisateur,
        u1_0.prenom_utilisateur,
        u1_0.psedeau_utilisateur,
        u1_0.reset_token,
        u1_0.reset_token_expire,
        u1_0.statut,
        u1_0.type_utilisateur 
    from
        utilisateur u1_0 
    where
        upper(u1_0.email)=upper(?)
Hibernate: 
    select
        u1_0.id_utilisateur,
        u1_0.adresse,
        u1_0.avatar,
        u1_0.boutique_id,
        u1_0.contact_utilisateur,
        u1_0.email,
        u1_0.mot_de_passe_utilisateur,
        u1_0.nom_utilisateur,
        u1_0.prenom_utilisateur,
        u1_0.psedeau_utilisateur,
        u1_0.reset_token,
        u1_0.reset_token_expire,
        u1_0.statut,
        u1_0.type_utilisateur 
    from
        utilisateur u1_0 
    where
        upper(u1_0.email)=upper(?)
2025-12-03T18:36:10.800+01:00 DEBUG 33721 --- [smboutique-backend] [nio-8085-exec-4] org.hibernate.SQL                        : 
    select
        r1_0.utilisateur_id,
        r1_1.id_role,
        r1_1.description,
        r1_1.name,
        p1_0.role_id,
        p1_1.id_permission,
        p1_1.description,
        p1_1.name 
    from
        utilisateur_roles r1_0 
    join
        role r1_1 
            on r1_1.id_role=r1_0.role_id 
    left join
        role_permissions p1_0 
            on r1_1.id_role=p1_0.role_id 
    left join
        permission p1_1 
            on p1_1.id_permission=p1_0.permission_id 
    where
        r1_0.utilisateur_id=?
Hibernate: 
    select
        r1_0.utilisateur_id,
        r1_1.id_role,
        r1_1.description,
        r1_1.name,
        p1_0.role_id,
        p1_1.id_permission,
        p1_1.description,
        p1_1.name 
    from
        utilisateur_roles r1_0 
    join
        role r1_1 
            on r1_1.id_role=r1_0.role_id 
    left join
        role_permissions p1_0 
            on r1_1.id_role=p1_0.role_id 
    left join
        permission p1_1 
            on p1_1.id_permission=p1_0.permission_id 
    where
        r1_0.utilisateur_id=?
2025-12-03T18:36:10.803+01:00 DEBUG 33721 --- [smboutique-backend] [nio-8085-exec-4] org.hibernate.SQL                        : 
    select
        p1_0.utilisateur_id,
        p1_1.id_permission,
        p1_1.description,
        p1_1.name 
    from
        utilisateur_permissions p1_0 
    join
        permission p1_1 
            on p1_1.id_permission=p1_0.permission_id 
    where
        p1_0.utilisateur_id=?
Hibernate: 
    select
        p1_0.utilisateur_id,
        p1_1.id_permission,
        p1_1.description,
        p1_1.name 
    from
        utilisateur_permissions p1_0 
    join
        permission p1_1 
            on p1_1.id_permission=p1_0.permission_id 
    where
        p1_0.utilisateur_id=?
2025-12-03T18:36:10.876+01:00 DEBUG 33721 --- [smboutique-backend] [nio-8085-exec-4] o.s.s.a.dao.DaoAuthenticationProvider    : Failed to authenticate since password does not match stored value
2025-12-03T18:36:10.876+01:00 DEBUG 33721 --- [smboutique-backend] [nio-8085-exec-4] o.j.s.OpenEntityManagerInViewInterceptor : Closing JPA EntityManager in OpenEntityManagerInViewInterceptor
2025-12-03T18:36:32.477+01:00 DEBUG 33721 --- [smboutique-backend] [nio-8085-exec-5] o.s.security.web.FilterChainProxy        : Securing POST /api/auth/login
2025-12-03T18:36:32.478+01:00 DEBUG 33721 --- [smboutique-backend] [nio-8085-exec-5] o.s.s.w.a.AnonymousAuthenticationFilter  : Set SecurityContextHolder to anonymous SecurityContext
2025-12-03T18:36:32.478+01:00 DEBUG 33721 --- [smboutique-backend] [nio-8085-exec-5] o.s.security.web.FilterChainProxy        : Secured POST /api/auth/login
2025-12-03T18:36:32.479+01:00 DEBUG 33721 --- [smboutique-backend] [nio-8085-exec-5] o.j.s.OpenEntityManagerInViewInterceptor : Opening JPA EntityManager in OpenEntityManagerInViewInterceptor
2025-12-03T18:36:32.480+01:00  WARN 33721 --- [smboutique-backend] [nio-8085-exec-5] org.hibernate.orm.deprecation            : HHH90000021: Encountered deprecated setting [javax.persistence.query.timeout], use [jakarta.persistence.query.timeout] instead
2025-12-03T18:36:32.482+01:00 DEBUG 33721 --- [smboutique-backend] [nio-8085-exec-5] org.hibernate.SQL                        : 
    select
        u1_0.id_utilisateur,
        u1_0.adresse,
        u1_0.avatar,
        u1_0.boutique_id,
        u1_0.contact_utilisateur,
        u1_0.email,
        u1_0.mot_de_passe_utilisateur,
        u1_0.nom_utilisateur,
        u1_0.prenom_utilisateur,
        u1_0.psedeau_utilisateur,
        u1_0.reset_token,
        u1_0.reset_token_expire,
        u1_0.statut,
        u1_0.type_utilisateur 
    from
        utilisateur u1_0 
    where
        upper(u1_0.email)=upper(?)
Hibernate: 
    select
        u1_0.id_utilisateur,
        u1_0.adresse,
        u1_0.avatar,
        u1_0.boutique_id,
        u1_0.contact_utilisateur,
        u1_0.email,
        u1_0.mot_de_passe_utilisateur,
        u1_0.nom_utilisateur,
        u1_0.prenom_utilisateur,
        u1_0.psedeau_utilisateur,
        u1_0.reset_token,
        u1_0.reset_token_expire,
        u1_0.statut,
        u1_0.type_utilisateur 
    from
        utilisateur u1_0 
    where
        upper(u1_0.email)=upper(?)
2025-12-03T18:36:32.484+01:00 DEBUG 33721 --- [smboutique-backend] [nio-8085-exec-5] org.hibernate.SQL                        : 
    select
        r1_0.utilisateur_id,
        r1_1.id_role,
        r1_1.description,
        r1_1.name,
        p1_0.role_id,
        p1_1.id_permission,
        p1_1.description,
        p1_1.name 
    from
        utilisateur_roles r1_0 
    join
        role r1_1 
            on r1_1.id_role=r1_0.role_id 
    left join
        role_permissions p1_0 
            on r1_1.id_role=p1_0.role_id 
    left join
        permission p1_1 
            on p1_1.id_permission=p1_0.permission_id 
    where
        r1_0.utilisateur_id=?
Hibernate: 
    select
        r1_0.utilisateur_id,
        r1_1.id_role,
        r1_1.description,
        r1_1.name,
        p1_0.role_id,
        p1_1.id_permission,
        p1_1.description,
        p1_1.name 
    from
        utilisateur_roles r1_0 
    join
        role r1_1 
            on r1_1.id_role=r1_0.role_id 
    left join
        role_permissions p1_0 
            on r1_1.id_role=p1_0.role_id 
    left join
        permission p1_1 
            on p1_1.id_permission=p1_0.permission_id 
    where
        r1_0.utilisateur_id=?
2025-12-03T18:36:32.487+01:00 DEBUG 33721 --- [smboutique-backend] [nio-8085-exec-5] org.hibernate.SQL                        : 
    select
        p1_0.utilisateur_id,
        p1_1.id_permission,
        p1_1.description,
        p1_1.name 
    from
        utilisateur_permissions p1_0 
    join
        permission p1_1 
            on p1_1.id_permission=p1_0.permission_id 
    where
        p1_0.utilisateur_id=?
Hibernate: 
    select
        p1_0.utilisateur_id,
        p1_1.id_permission,
        p1_1.description,
        p1_1.name 
    from
        utilisateur_permissions p1_0 
    join
        permission p1_1 
            on p1_1.id_permission=p1_0.permission_id 
    where
        p1_0.utilisateur_id=?
2025-12-03T18:36:32.561+01:00 DEBUG 33721 --- [smboutique-backend] [nio-8085-exec-5] o.s.s.a.dao.DaoAuthenticationProvider    : Failed to authenticate since password does not match stored value
2025-12-03T18:36:32.561+01:00 DEBUG 33721 --- [smboutique-backend] [nio-8085-exec-5] o.j.s.OpenEntityManagerInViewInterceptor : Closing JPA EntityManager in OpenEntityManagerInViewInterceptor
2025-12-03T18:36:33.481+01:00 DEBUG 33721 --- [smboutique-backend] [nio-8085-exec-6] o.s.security.web.FilterChainProxy        : Securing POST /api/auth/login
2025-12-03T18:36:33.482+01:00 DEBUG 33721 --- [smboutique-backend] [nio-8085-exec-6] o.s.s.w.a.AnonymousAuthenticationFilter  : Set SecurityContextHolder to anonymous SecurityContext
2025-12-03T18:36:33.482+01:00 DEBUG 33721 --- [smboutique-backend] [nio-8085-exec-6] o.s.security.web.FilterChainProxy        : Secured POST /api/auth/login
2025-12-03T18:36:33.483+01:00 DEBUG 33721 --- [smboutique-backend] [nio-8085-exec-6] o.j.s.OpenEntityManagerInViewInterceptor : Opening JPA EntityManager in OpenEntityManagerInViewInterceptor
2025-12-03T18:36:33.484+01:00  WARN 33721 --- [smboutique-backend] [nio-8085-exec-6] org.hibernate.orm.deprecation            : HHH90000021: Encountered deprecated setting [javax.persistence.query.timeout], use [jakarta.persistence.query.timeout] instead
2025-12-03T18:36:33.485+01:00 DEBUG 33721 --- [smboutique-backend] [nio-8085-exec-6] org.hibernate.SQL                        : 
    select
        u1_0.id_utilisateur,
        u1_0.adresse,
        u1_0.avatar,
        u1_0.boutique_id,
        u1_0.contact_utilisateur,
        u1_0.email,
        u1_0.mot_de_passe_utilisateur,
        u1_0.nom_utilisateur,
        u1_0.prenom_utilisateur,
        u1_0.psedeau_utilisateur,
        u1_0.reset_token,
        u1_0.reset_token_expire,
        u1_0.statut,
        u1_0.type_utilisateur 
    from
        utilisateur u1_0 
    where
        upper(u1_0.email)=upper(?)
Hibernate: 
    select
        u1_0.id_utilisateur,
        u1_0.adresse,
        u1_0.avatar,
        u1_0.boutique_id,
        u1_0.contact_utilisateur,
        u1_0.email,
        u1_0.mot_de_passe_utilisateur,
        u1_0.nom_utilisateur,
        u1_0.prenom_utilisateur,
        u1_0.psedeau_utilisateur,
        u1_0.reset_token,
        u1_0.reset_token_expire,
        u1_0.statut,
        u1_0.type_utilisateur 
    from
        utilisateur u1_0 
    where
        upper(u1_0.email)=upper(?)
2025-12-03T18:36:33.487+01:00 DEBUG 33721 --- [smboutique-backend] [nio-8085-exec-6] org.hibernate.SQL                        : 
    select
        r1_0.utilisateur_id,
        r1_1.id_role,
        r1_1.description,
        r1_1.name,
        p1_0.role_id,
        p1_1.id_permission,
        p1_1.description,
        p1_1.name 
    from
        utilisateur_roles r1_0 
    join
        role r1_1 
            on r1_1.id_role=r1_0.role_id 
    left join
        role_permissions p1_0 
            on r1_1.id_role=p1_0.role_id 
    left join
        permission p1_1 
            on p1_1.id_permission=p1_0.permission_id 
    where
        r1_0.utilisateur_id=?
Hibernate: 
    select
        r1_0.utilisateur_id,
        r1_1.id_role,
        r1_1.description,
        r1_1.name,
        p1_0.role_id,
        p1_1.id_permission,
        p1_1.description,
        p1_1.name 
    from
        utilisateur_roles r1_0 
    join
        role r1_1 
            on r1_1.id_role=r1_0.role_id 
    left join
        role_permissions p1_0 
            on r1_1.id_role=p1_0.role_id 
    left join
        permission p1_1 
            on p1_1.id_permission=p1_0.permission_id 
    where
        r1_0.utilisateur_id=?
2025-12-03T18:36:33.490+01:00 DEBUG 33721 --- [smboutique-backend] [nio-8085-exec-6] org.hibernate.SQL                        : 
    select
        p1_0.utilisateur_id,
        p1_1.id_permission,
        p1_1.description,
        p1_1.name 
    from
        utilisateur_permissions p1_0 
    join
        permission p1_1 
            on p1_1.id_permission=p1_0.permission_id 
    where
        p1_0.utilisateur_id=?
Hibernate: 
    select
        p1_0.utilisateur_id,
        p1_1.id_permission,
        p1_1.description,
        p1_1.name 
    from
        utilisateur_permissions p1_0 
    join
        permission p1_1 
            on p1_1.id_permission=p1_0.permission_id 
    where
        p1_0.utilisateur_id=?
2025-12-03T18:36:33.561+01:00 DEBUG 33721 --- [smboutique-backend] [nio-8085-exec-6] o.s.s.a.dao.DaoAuthenticationProvider    : Failed to authenticate since password does not match stored value
2025-12-03T18:36:33.561+01:00 DEBUG 33721 --- [smboutique-backend] [nio-8085-exec-6] o.j.s.OpenEntityManagerInViewInterceptor : Closing JPA EntityManager in OpenEntityManagerInViewInterceptor
2025-12-03T18:36:57.966+01:00 DEBUG 33721 --- [smboutique-backend] [nio-8085-exec-7] o.s.security.web.FilterChainProxy        : Securing POST /api/auth/login
2025-12-03T18:36:57.967+01:00 DEBUG 33721 --- [smboutique-backend] [nio-8085-exec-7] o.s.s.w.a.AnonymousAuthenticationFilter  : Set SecurityContextHolder to anonymous SecurityContext
2025-12-03T18:36:57.967+01:00 DEBUG 33721 --- [smboutique-backend] [nio-8085-exec-7] o.s.security.web.FilterChainProxy        : Secured POST /api/auth/login
2025-12-03T18:36:57.967+01:00 DEBUG 33721 --- [smboutique-backend] [nio-8085-exec-7] o.j.s.OpenEntityManagerInViewInterceptor : Opening JPA EntityManager in OpenEntityManagerInViewInterceptor
2025-12-03T18:36:57.969+01:00  WARN 33721 --- [smboutique-backend] [nio-8085-exec-7] org.hibernate.orm.deprecation            : HHH90000021: Encountered deprecated setting [javax.persistence.query.timeout], use [jakarta.persistence.query.timeout] instead
2025-12-03T18:36:57.970+01:00 DEBUG 33721 --- [smboutique-backend] [nio-8085-exec-7] org.hibernate.SQL                        : 
    select
        u1_0.id_utilisateur,
        u1_0.adresse,
        u1_0.avatar,
        u1_0.boutique_id,
        u1_0.contact_utilisateur,
        u1_0.email,
        u1_0.mot_de_passe_utilisateur,
        u1_0.nom_utilisateur,
        u1_0.prenom_utilisateur,
        u1_0.psedeau_utilisateur,
        u1_0.reset_token,
        u1_0.reset_token_expire,
        u1_0.statut,
        u1_0.type_utilisateur 
    from
        utilisateur u1_0 
    where
        upper(u1_0.email)=upper(?)
Hibernate: 
    select
        u1_0.id_utilisateur,
        u1_0.adresse,
        u1_0.avatar,
        u1_0.boutique_id,
        u1_0.contact_utilisateur,
        u1_0.email,
        u1_0.mot_de_passe_utilisateur,
        u1_0.nom_utilisateur,
        u1_0.prenom_utilisateur,
        u1_0.psedeau_utilisateur,
        u1_0.reset_token,
        u1_0.reset_token_expire,
        u1_0.statut,
        u1_0.type_utilisateur 
    from
        utilisateur u1_0 
    where
        upper(u1_0.email)=upper(?)
2025-12-03T18:36:58.043+01:00 DEBUG 33721 --- [smboutique-backend] [nio-8085-exec-7] o.s.s.a.dao.DaoAuthenticationProvider    : Failed to find user 'moussabah@gmai.com'
2025-12-03T18:36:58.043+01:00 DEBUG 33721 --- [smboutique-backend] [nio-8085-exec-7] o.j.s.OpenEntityManagerInViewInterceptor : Closing JPA EntityManager in OpenEntityManagerInViewInterceptor
2025-12-03T18:37:55.265+01:00 DEBUG 33721 --- [smboutique-backend] [nio-8085-exec-8] o.s.security.web.FilterChainProxy        : Securing POST /api/auth/login
2025-12-03T18:37:55.267+01:00 DEBUG 33721 --- [smboutique-backend] [nio-8085-exec-8] o.s.s.w.a.AnonymousAuthenticationFilter  : Set SecurityContextHolder to anonymous SecurityContext
2025-12-03T18:37:55.268+01:00 DEBUG 33721 --- [smboutique-backend] [nio-8085-exec-8] o.s.security.web.FilterChainProxy        : Secured POST /api/auth/login
2025-12-03T18:37:55.269+01:00 DEBUG 33721 --- [smboutique-backend] [nio-8085-exec-8] o.j.s.OpenEntityManagerInViewInterceptor : Opening JPA EntityManager in OpenEntityManagerInViewInterceptor
2025-12-03T18:37:55.270+01:00  WARN 33721 --- [smboutique-backend] [nio-8085-exec-8] org.hibernate.orm.deprecation            : HHH90000021: Encountered deprecated setting [javax.persistence.query.timeout], use [jakarta.persistence.query.timeout] instead
2025-12-03T18:37:55.272+01:00 DEBUG 33721 --- [smboutique-backend] [nio-8085-exec-8] org.hibernate.SQL                        : 
    select
        u1_0.id_utilisateur,
        u1_0.adresse,
        u1_0.avatar,
        u1_0.boutique_id,
        u1_0.contact_utilisateur,
        u1_0.email,
        u1_0.mot_de_passe_utilisateur,
        u1_0.nom_utilisateur,
        u1_0.prenom_utilisateur,
        u1_0.psedeau_utilisateur,
        u1_0.reset_token,
        u1_0.reset_token_expire,
        u1_0.statut,
        u1_0.type_utilisateur 
    from
        utilisateur u1_0 
    where
        upper(u1_0.email)=upper(?)
Hibernate: 
    select
        u1_0.id_utilisateur,
        u1_0.adresse,
        u1_0.avatar,
        u1_0.boutique_id,
        u1_0.contact_utilisateur,
        u1_0.email,
        u1_0.mot_de_passe_utilisateur,
        u1_0.nom_utilisateur,
        u1_0.prenom_utilisateur,
        u1_0.psedeau_utilisateur,
        u1_0.reset_token,
        u1_0.reset_token_expire,
        u1_0.statut,
        u1_0.type_utilisateur 
    from
        utilisateur u1_0 
    where
        upper(u1_0.email)=upper(?)
2025-12-03T18:37:55.274+01:00 DEBUG 33721 --- [smboutique-backend] [nio-8085-exec-8] org.hibernate.SQL                        : 
    select
        r1_0.utilisateur_id,
        r1_1.id_role,
        r1_1.description,
        r1_1.name,
        p1_0.role_id,
        p1_1.id_permission,
        p1_1.description,
        p1_1.name 
    from
        utilisateur_roles r1_0 
    join
        role r1_1 
            on r1_1.id_role=r1_0.role_id 
    left join
        role_permissions p1_0 
            on r1_1.id_role=p1_0.role_id 
    left join
        permission p1_1 
            on p1_1.id_permission=p1_0.permission_id 
    where
        r1_0.utilisateur_id=?
Hibernate: 
    select
        r1_0.utilisateur_id,
        r1_1.id_role,
        r1_1.description,
        r1_1.name,
        p1_0.role_id,
        p1_1.id_permission,
        p1_1.description,
        p1_1.name 
    from
        utilisateur_roles r1_0 
    join
        role r1_1 
            on r1_1.id_role=r1_0.role_id 
    left join
        role_permissions p1_0 
            on r1_1.id_role=p1_0.role_id 
    left join
        permission p1_1 
            on p1_1.id_permission=p1_0.permission_id 
    where
        r1_0.utilisateur_id=?
2025-12-03T18:37:55.277+01:00 DEBUG 33721 --- [smboutique-backend] [nio-8085-exec-8] org.hibernate.SQL                        : 
    select
        p1_0.utilisateur_id,
        p1_1.id_permission,
        p1_1.description,
        p1_1.name 
    from
        utilisateur_permissions p1_0 
    join
        permission p1_1 
            on p1_1.id_permission=p1_0.permission_id 
    where
        p1_0.utilisateur_id=?
Hibernate: 
    select
        p1_0.utilisateur_id,
        p1_1.id_permission,
        p1_1.description,
        p1_1.name 
    from
        utilisateur_permissions p1_0 
    join
        permission p1_1 
            on p1_1.id_permission=p1_0.permission_id 
    where
        p1_0.utilisateur_id=?
2025-12-03T18:37:55.352+01:00 DEBUG 33721 --- [smboutique-backend] [nio-8085-exec-8] o.s.s.a.dao.DaoAuthenticationProvider    : Authenticated user
2025-12-03T18:37:55.354+01:00 DEBUG 33721 --- [smboutique-backend] [nio-8085-exec-8] o.j.s.OpenEntityManagerInViewInterceptor : Closing JPA EntityManager in OpenEntityManagerInViewInterceptor
2025-12-03T18:47:31.189+01:00 DEBUG 33721 --- [smboutique-backend] [nio-8085-exec-9] o.s.security.web.FilterChainProxy        : Securing POST /api/auth/login
2025-12-03T18:47:31.190+01:00 DEBUG 33721 --- [smboutique-backend] [nio-8085-exec-9] o.s.s.w.a.AnonymousAuthenticationFilter  : Set SecurityContextHolder to anonymous SecurityContext
2025-12-03T18:47:31.190+01:00 DEBUG 33721 --- [smboutique-backend] [nio-8085-exec-9] o.s.security.web.FilterChainProxy        : Secured POST /api/auth/login
2025-12-03T18:47:31.191+01:00 DEBUG 33721 --- [smboutique-backend] [nio-8085-exec-9] o.j.s.OpenEntityManagerInViewInterceptor : Opening JPA EntityManager in OpenEntityManagerInViewInterceptor
2025-12-03T18:47:31.192+01:00  WARN 33721 --- [smboutique-backend] [nio-8085-exec-9] org.hibernate.orm.deprecation            : HHH90000021: Encountered deprecated setting [javax.persistence.query.timeout], use [jakarta.persistence.query.timeout] instead
2025-12-03T18:47:31.193+01:00 DEBUG 33721 --- [smboutique-backend] [nio-8085-exec-9] org.hibernate.SQL                        : 
    select
        u1_0.id_utilisateur,
        u1_0.adresse,
        u1_0.avatar,
        u1_0.boutique_id,
        u1_0.contact_utilisateur,
        u1_0.email,
        u1_0.mot_de_passe_utilisateur,
        u1_0.nom_utilisateur,
        u1_0.prenom_utilisateur,
        u1_0.psedeau_utilisateur,
        u1_0.reset_token,
        u1_0.reset_token_expire,
        u1_0.statut,
        u1_0.type_utilisateur 
    from
        utilisateur u1_0 
    where
        upper(u1_0.email)=upper(?)
Hibernate: 
    select
        u1_0.id_utilisateur,
        u1_0.adresse,
        u1_0.avatar,
        u1_0.boutique_id,
        u1_0.contact_utilisateur,
        u1_0.email,
        u1_0.mot_de_passe_utilisateur,
        u1_0.nom_utilisateur,
        u1_0.prenom_utilisateur,
        u1_0.psedeau_utilisateur,
        u1_0.reset_token,
        u1_0.reset_token_expire,
        u1_0.statut,
        u1_0.type_utilisateur 
    from
        utilisateur u1_0 
    where
        upper(u1_0.email)=upper(?)
2025-12-03T18:47:31.194+01:00 DEBUG 33721 --- [smboutique-backend] [nio-8085-exec-9] org.hibernate.SQL                        : 
    select
        r1_0.utilisateur_id,
        r1_1.id_role,
        r1_1.description,
        r1_1.name,
        p1_0.role_id,
        p1_1.id_permission,
        p1_1.description,
        p1_1.name 
    from
        utilisateur_roles r1_0 
    join
        role r1_1 
            on r1_1.id_role=r1_0.role_id 
    left join
        role_permissions p1_0 
            on r1_1.id_role=p1_0.role_id 
    left join
        permission p1_1 
            on p1_1.id_permission=p1_0.permission_id 
    where
        r1_0.utilisateur_id=?
Hibernate: 
    select
        r1_0.utilisateur_id,
        r1_1.id_role,
        r1_1.description,
        r1_1.name,
        p1_0.role_id,
        p1_1.id_permission,
        p1_1.description,
        p1_1.name 
    from
        utilisateur_roles r1_0 
    join
        role r1_1 
            on r1_1.id_role=r1_0.role_id 
    left join
        role_permissions p1_0 
            on r1_1.id_role=p1_0.role_id 
    left join
        permission p1_1 
            on p1_1.id_permission=p1_0.permission_id 
    where
        r1_0.utilisateur_id=?
2025-12-03T18:47:31.196+01:00 DEBUG 33721 --- [smboutique-backend] [nio-8085-exec-9] org.hibernate.SQL                        : 
    select
        p1_0.utilisateur_id,
        p1_1.id_permission,
        p1_1.description,
        p1_1.name 
    from
        utilisateur_permissions p1_0 
    join
        permission p1_1 
            on p1_1.id_permission=p1_0.permission_id 
    where
        p1_0.utilisateur_id=?
Hibernate: 
    select
        p1_0.utilisateur_id,
        p1_1.id_permission,
        p1_1.description,
        p1_1.name 
    from
        utilisateur_permissions p1_0 
    join
        permission p1_1 
            on p1_1.id_permission=p1_0.permission_id 
    where
        p1_0.utilisateur_id=?
2025-12-03T18:47:31.269+01:00 DEBUG 33721 --- [smboutique-backend] [nio-8085-exec-9] o.s.s.a.dao.DaoAuthenticationProvider    : Authenticated user
2025-12-03T18:47:31.271+01:00 DEBUG 33721 --- [smboutique-backend] [nio-8085-exec-9] o.j.s.OpenEntityManagerInViewInterceptor : Closing JPA EntityManager in OpenEntityManagerInViewInterceptor
2025-12-03T19:22:09.186+01:00 DEBUG 33721 --- [smboutique-backend] [io-8085-exec-10] o.s.security.web.FilterChainProxy        : Securing POST /api/auth/login
2025-12-03T19:22:09.188+01:00 DEBUG 33721 --- [smboutique-backend] [io-8085-exec-10] o.s.s.w.a.AnonymousAuthenticationFilter  : Set SecurityContextHolder to anonymous SecurityContext
2025-12-03T19:22:09.189+01:00 DEBUG 33721 --- [smboutique-backend] [io-8085-exec-10] o.s.security.web.FilterChainProxy        : Secured POST /api/auth/login
2025-12-03T19:22:09.190+01:00 DEBUG 33721 --- [smboutique-backend] [io-8085-exec-10] o.j.s.OpenEntityManagerInViewInterceptor : Opening JPA EntityManager in OpenEntityManagerInViewInterceptor
2025-12-03T19:22:09.193+01:00  WARN 33721 --- [smboutique-backend] [io-8085-exec-10] org.hibernate.orm.deprecation            : HHH90000021: Encountered deprecated setting [javax.persistence.query.timeout], use [jakarta.persistence.query.timeout] instead
2025-12-03T19:22:09.196+01:00 DEBUG 33721 --- [smboutique-backend] [io-8085-exec-10] org.hibernate.SQL                        : 
    select
        u1_0.id_utilisateur,
        u1_0.adresse,
        u1_0.avatar,
        u1_0.boutique_id,
        u1_0.contact_utilisateur,
        u1_0.email,
        u1_0.mot_de_passe_utilisateur,
        u1_0.nom_utilisateur,
        u1_0.prenom_utilisateur,
        u1_0.psedeau_utilisateur,
        u1_0.reset_token,
        u1_0.reset_token_expire,
        u1_0.statut,
        u1_0.type_utilisateur 
    from
        utilisateur u1_0 
    where
        upper(u1_0.email)=upper(?)
Hibernate: 
    select
        u1_0.id_utilisateur,
        u1_0.adresse,
        u1_0.avatar,
        u1_0.boutique_id,
        u1_0.contact_utilisateur,
        u1_0.email,
        u1_0.mot_de_passe_utilisateur,
        u1_0.nom_utilisateur,
        u1_0.prenom_utilisateur,
        u1_0.psedeau_utilisateur,
        u1_0.reset_token,
        u1_0.reset_token_expire,
        u1_0.statut,
        u1_0.type_utilisateur 
    from
        utilisateur u1_0 
    where
        upper(u1_0.email)=upper(?)
2025-12-03T19:22:09.202+01:00 DEBUG 33721 --- [smboutique-backend] [io-8085-exec-10] org.hibernate.SQL                        : 
    select
        r1_0.utilisateur_id,
        r1_1.id_role,
        r1_1.description,
        r1_1.name,
        p1_0.role_id,
        p1_1.id_permission,
        p1_1.description,
        p1_1.name 
    from
        utilisateur_roles r1_0 
    join
        role r1_1 
            on r1_1.id_role=r1_0.role_id 
    left join
        role_permissions p1_0 
            on r1_1.id_role=p1_0.role_id 
    left join
        permission p1_1 
            on p1_1.id_permission=p1_0.permission_id 
    where
        r1_0.utilisateur_id=?
Hibernate: 
    select
        r1_0.utilisateur_id,
        r1_1.id_role,
        r1_1.description,
        r1_1.name,
        p1_0.role_id,
        p1_1.id_permission,
        p1_1.description,
        p1_1.name 
    from
        utilisateur_roles r1_0 
    join
        role r1_1 
            on r1_1.id_role=r1_0.role_id 
    left join
        role_permissions p1_0 
            on r1_1.id_role=p1_0.role_id 
    left join
        permission p1_1 
            on p1_1.id_permission=p1_0.permission_id 
    where
        r1_0.utilisateur_id=?
2025-12-03T19:22:09.212+01:00 DEBUG 33721 --- [smboutique-backend] [io-8085-exec-10] org.hibernate.SQL                        : 
    select
        p1_0.utilisateur_id,
        p1_1.id_permission,
        p1_1.description,
        p1_1.name 
    from
        utilisateur_permissions p1_0 
    join
        permission p1_1 
            on p1_1.id_permission=p1_0.permission_id 
    where
        p1_0.utilisateur_id=?
Hibernate: 
    select
        p1_0.utilisateur_id,
        p1_1.id_permission,
        p1_1.description,
        p1_1.name 
    from
        utilisateur_permissions p1_0 
    join
        permission p1_1 
            on p1_1.id_permission=p1_0.permission_id 
    where
        p1_0.utilisateur_id=?
2025-12-03T19:22:09.408+01:00 DEBUG 33721 --- [smboutique-backend] [io-8085-exec-10] o.s.s.a.dao.DaoAuthenticationProvider    : Failed to authenticate since password does not match stored value
2025-12-03T19:22:09.409+01:00 DEBUG 33721 --- [smboutique-backend] [io-8085-exec-10] o.j.s.OpenEntityManagerInViewInterceptor : Closing JPA EntityManager in OpenEntityManagerInViewInterceptor
2025-12-03T19:22:22.109+01:00 DEBUG 33721 --- [smboutique-backend] [io-8085-exec-11] o.s.security.web.FilterChainProxy        : Securing POST /api/auth/login
2025-12-03T19:22:22.111+01:00 DEBUG 33721 --- [smboutique-backend] [io-8085-exec-11] o.s.s.w.a.AnonymousAuthenticationFilter  : Set SecurityContextHolder to anonymous SecurityContext
2025-12-03T19:22:22.112+01:00 DEBUG 33721 --- [smboutique-backend] [io-8085-exec-11] o.s.security.web.FilterChainProxy        : Secured POST /api/auth/login
2025-12-03T19:22:22.113+01:00 DEBUG 33721 --- [smboutique-backend] [io-8085-exec-11] o.j.s.OpenEntityManagerInViewInterceptor : Opening JPA EntityManager in OpenEntityManagerInViewInterceptor
2025-12-03T19:22:22.117+01:00  WARN 33721 --- [smboutique-backend] [io-8085-exec-11] org.hibernate.orm.deprecation            : HHH90000021: Encountered deprecated setting [javax.persistence.query.timeout], use [jakarta.persistence.query.timeout] instead
2025-12-03T19:22:22.122+01:00 DEBUG 33721 --- [smboutique-backend] [io-8085-exec-11] org.hibernate.SQL                        : 
    select
        u1_0.id_utilisateur,
        u1_0.adresse,
        u1_0.avatar,
        u1_0.boutique_id,
        u1_0.contact_utilisateur,
        u1_0.email,
        u1_0.mot_de_passe_utilisateur,
        u1_0.nom_utilisateur,
        u1_0.prenom_utilisateur,
        u1_0.psedeau_utilisateur,
        u1_0.reset_token,
        u1_0.reset_token_expire,
        u1_0.statut,
        u1_0.type_utilisateur 
    from
        utilisateur u1_0 
    where
        upper(u1_0.email)=upper(?)
Hibernate: 
    select
        u1_0.id_utilisateur,
        u1_0.adresse,
        u1_0.avatar,
        u1_0.boutique_id,
        u1_0.contact_utilisateur,
        u1_0.email,
        u1_0.mot_de_passe_utilisateur,
        u1_0.nom_utilisateur,
        u1_0.prenom_utilisateur,
        u1_0.psedeau_utilisateur,
        u1_0.reset_token,
        u1_0.reset_token_expire,
        u1_0.statut,
        u1_0.type_utilisateur 
    from
        utilisateur u1_0 
    where
        upper(u1_0.email)=upper(?)
2025-12-03T19:22:22.129+01:00 DEBUG 33721 --- [smboutique-backend] [io-8085-exec-11] org.hibernate.SQL                        : 
    select
        r1_0.utilisateur_id,
        r1_1.id_role,
        r1_1.description,
        r1_1.name,
        p1_0.role_id,
        p1_1.id_permission,
        p1_1.description,
        p1_1.name 
    from
        utilisateur_roles r1_0 
    join
        role r1_1 
            on r1_1.id_role=r1_0.role_id 
    left join
        role_permissions p1_0 
            on r1_1.id_role=p1_0.role_id 
    left join
        permission p1_1 
            on p1_1.id_permission=p1_0.permission_id 
    where
        r1_0.utilisateur_id=?
Hibernate: 
    select
        r1_0.utilisateur_id,
        r1_1.id_role,
        r1_1.description,
        r1_1.name,
        p1_0.role_id,
        p1_1.id_permission,
        p1_1.description,
        p1_1.name 
    from
        utilisateur_roles r1_0 
    join
        role r1_1 
            on r1_1.id_role=r1_0.role_id 
    left join
        role_permissions p1_0 
            on r1_1.id_role=p1_0.role_id 
    left join
        permission p1_1 
            on p1_1.id_permission=p1_0.permission_id 
    where
        r1_0.utilisateur_id=?
2025-12-03T19:22:22.138+01:00 DEBUG 33721 --- [smboutique-backend] [io-8085-exec-11] org.hibernate.SQL                        : 
    select
        p1_0.utilisateur_id,
        p1_1.id_permission,
        p1_1.description,
        p1_1.name 
    from
        utilisateur_permissions p1_0 
    join
        permission p1_1 
            on p1_1.id_permission=p1_0.permission_id 
    where
        p1_0.utilisateur_id=?
Hibernate: 
    select
        p1_0.utilisateur_id,
        p1_1.id_permission,
        p1_1.description,
        p1_1.name 
    from
        utilisateur_permissions p1_0 
    join
        permission p1_1 
            on p1_1.id_permission=p1_0.permission_id 
    where
        p1_0.utilisateur_id=?
2025-12-03T19:22:22.390+01:00 DEBUG 33721 --- [smboutique-backend] [io-8085-exec-11] o.s.s.a.dao.DaoAuthenticationProvider    : Authenticated user
2025-12-03T19:22:22.392+01:00 DEBUG 33721 --- [smboutique-backend] [io-8085-exec-11] o.j.s.OpenEntityManagerInViewInterceptor : Closing JPA EntityManager in OpenEntityManagerInViewInterceptor
2025-12-03T22:53:00.119+01:00  INFO 33721 --- [smboutique-backend] [ionShutdownHook] j.LocalContainerEntityManagerFactoryBean : Closing JPA EntityManagerFactory for persistence unit 'default'
2025-12-03T22:53:00.123+01:00  INFO 33721 --- [smboutique-backend] [ionShutdownHook] com.zaxxer.hikari.HikariDataSource       : HikariPool-1 - Shutdown initiated...
2025-12-03T22:53:00.125+01:00  INFO 33721 --- [smboutique-backend] [ionShutdownHook] com.zaxxer.hikari.HikariDataSource       : HikariPool-1 - Shutdown completed.
