Standard Commons Logging discovery in action with spring-jcl: please remove commons-logging.jar from classpath in order to avoid potential conflicts

  .   ____          _            __ _ _
 /\\ / ___'_ __ _ _(_)_ __  __ _ \ \ \ \
( ( )\___ | '_ | '_| | '_ \/ _` | \ \ \ \
 \\/  ___)| |_)| | | | | || (_| |  ) ) ) )
  '  |____| .__|_| |_|_| |_\__, | / / / /
 =========|_|==============|___/=/_/_/_/

 :: Spring Boot ::                (v3.5.0)

2025-12-31T00:07:41.817+01:00  INFO 76600 --- [smboutique-backend] [           main] com.smboutique.api.ApiApplication        : Starting ApiApplication v0.0.1-SNAPSHOT using Java 21.0.9 with PID 76600 (/home/maitre/SMBOUTIQUE_V2/backend/target/backend-0.0.1-SNAPSHOT.jar started by maitre in /home/maitre/SMBOUTIQUE_V2/backend)
2025-12-31T00:07:41.820+01:00 DEBUG 76600 --- [smboutique-backend] [           main] com.smboutique.api.ApiApplication        : Running with Spring Boot v3.5.0, Spring v6.2.7
2025-12-31T00:07:41.822+01:00  INFO 76600 --- [smboutique-backend] [           main] com.smboutique.api.ApiApplication        : No active profile set, falling back to 1 default profile: "default"
2025-12-31T00:07:43.057+01:00  INFO 76600 --- [smboutique-backend] [           main] o.s.b.f.s.DefaultListableBeanFactory     : Overriding bean definition for bean 'passwordEncoder' with a different definition: replacing [Root bean: class=null; scope=; abstract=false; lazyInit=null; autowireMode=3; dependencyCheck=0; autowireCandidate=true; primary=false; fallback=false; factoryBeanName=webSecurityConfig; factoryMethodName=passwordEncoder; initMethodNames=null; destroyMethodNames=[(inferred)]; defined in class path resource [com/smboutique/api/security/WebSecurityConfig.class]] with [Root bean: class=null; scope=; abstract=false; lazyInit=null; autowireMode=3; dependencyCheck=0; autowireCandidate=true; primary=false; fallback=false; factoryBeanName=apiApplication; factoryMethodName=passwordEncoder; initMethodNames=null; destroyMethodNames=[(inferred)]; defined in com.smboutique.api.ApiApplication]
2025-12-31T00:07:43.477+01:00  INFO 76600 --- [smboutique-backend] [           main] .s.d.r.c.RepositoryConfigurationDelegate : Bootstrapping Spring Data JPA repositories in DEFAULT mode.
2025-12-31T00:07:43.791+01:00  INFO 76600 --- [smboutique-backend] [           main] .s.d.r.c.RepositoryConfigurationDelegate : Finished Spring Data repository scanning in 294 ms. Found 29 JPA repository interfaces.
2025-12-31T00:07:45.330+01:00  INFO 76600 --- [smboutique-backend] [           main] o.s.b.w.embedded.tomcat.TomcatWebServer  : Tomcat initialized with port 8085 (http)
2025-12-31T00:07:45.374+01:00  INFO 76600 --- [smboutique-backend] [           main] o.apache.catalina.core.StandardService   : Starting service [Tomcat]
2025-12-31T00:07:45.381+01:00  INFO 76600 --- [smboutique-backend] [           main] o.apache.catalina.core.StandardEngine    : Starting Servlet engine: [Apache Tomcat/10.1.41]
2025-12-31T00:07:45.437+01:00  INFO 76600 --- [smboutique-backend] [           main] o.a.c.c.C.[Tomcat].[localhost].[/]       : Initializing Spring embedded WebApplicationContext
2025-12-31T00:07:45.438+01:00  INFO 76600 --- [smboutique-backend] [           main] w.s.c.ServletWebServerApplicationContext : Root WebApplicationContext: initialization completed in 3535 ms
Standard Commons Logging discovery in action with spring-jcl: please remove commons-logging.jar from classpath in order to avoid potential conflicts
2025-12-31T00:07:45.765+01:00 DEBUG 76600 --- [smboutique-backend] [           main] j.LocalContainerEntityManagerFactoryBean : Building JPA container EntityManagerFactory for persistence unit 'default'
2025-12-31T00:07:45.815+01:00  INFO 76600 --- [smboutique-backend] [           main] o.hibernate.jpa.internal.util.LogHelper  : HHH000204: Processing PersistenceUnitInfo [name: default]
2025-12-31T00:07:45.926+01:00  INFO 76600 --- [smboutique-backend] [           main] org.hibernate.Version                    : HHH000412: Hibernate ORM core version 6.6.15.Final
2025-12-31T00:07:45.975+01:00  INFO 76600 --- [smboutique-backend] [           main] o.h.c.internal.RegionFactoryInitiator    : HHH000026: Second-level cache disabled
2025-12-31T00:07:46.520+01:00  INFO 76600 --- [smboutique-backend] [           main] o.s.o.j.p.SpringPersistenceUnitInfo      : No LoadTimeWeaver setup: ignoring JPA class transformer
2025-12-31T00:07:46.578+01:00  INFO 76600 --- [smboutique-backend] [           main] com.zaxxer.hikari.HikariDataSource       : HikariPool-1 - Starting...
2025-12-31T00:07:46.897+01:00  INFO 76600 --- [smboutique-backend] [           main] com.zaxxer.hikari.pool.HikariPool        : HikariPool-1 - Added connection com.mysql.cj.jdbc.ConnectionImpl@7c048b30
2025-12-31T00:07:46.900+01:00  INFO 76600 --- [smboutique-backend] [           main] com.zaxxer.hikari.HikariDataSource       : HikariPool-1 - Start completed.
2025-12-31T00:07:46.940+01:00  WARN 76600 --- [smboutique-backend] [           main] org.hibernate.orm.deprecation            : HHH90000025: MySQL8Dialect does not need to be specified explicitly using 'hibernate.dialect' (remove the property setting and it will be selected by default)
2025-12-31T00:07:46.941+01:00  WARN 76600 --- [smboutique-backend] [           main] org.hibernate.orm.deprecation            : HHH90000026: MySQL8Dialect has been deprecated; use org.hibernate.dialect.MySQLDialect instead
2025-12-31T00:07:46.965+01:00  INFO 76600 --- [smboutique-backend] [           main] org.hibernate.orm.connections.pooling    : HHH10001005: Database info:
	Database JDBC URL [Connecting through datasource 'HikariDataSource (HikariPool-1)']
	Database driver: undefined/unknown
	Database version: 8.0
	Autocommit mode: undefined/unknown
	Isolation level: undefined/unknown
	Minimum pool size: undefined/unknown
	Maximum pool size: undefined/unknown
2025-12-31T00:07:49.960+01:00  INFO 76600 --- [smboutique-backend] [           main] o.h.e.t.j.p.i.JtaPlatformInitiator       : HHH000489: No JTA platform available (set 'hibernate.transaction.jta.platform' to enable JTA platform integration)
2025-12-31T00:07:50.311+01:00  INFO 76600 --- [smboutique-backend] [           main] j.LocalContainerEntityManagerFactoryBean : Initialized JPA EntityManagerFactory for persistence unit 'default'
2025-12-31T00:07:50.429+01:00 DEBUG 76600 --- [smboutique-backend] [           main] tor$SharedEntityManagerInvocationHandler : Creating new EntityManager for shared EntityManager invocation
2025-12-31T00:07:50.493+01:00 DEBUG 76600 --- [smboutique-backend] [           main] tor$SharedEntityManagerInvocationHandler : Creating new EntityManager for shared EntityManager invocation
2025-12-31T00:07:50.598+01:00 DEBUG 76600 --- [smboutique-backend] [           main] tor$SharedEntityManagerInvocationHandler : Creating new EntityManager for shared EntityManager invocation
2025-12-31T00:07:50.677+01:00 DEBUG 76600 --- [smboutique-backend] [           main] tor$SharedEntityManagerInvocationHandler : Creating new EntityManager for shared EntityManager invocation
2025-12-31T00:07:50.751+01:00 DEBUG 76600 --- [smboutique-backend] [           main] tor$SharedEntityManagerInvocationHandler : Creating new EntityManager for shared EntityManager invocation
2025-12-31T00:07:50.763+01:00 DEBUG 76600 --- [smboutique-backend] [           main] tor$SharedEntityManagerInvocationHandler : Creating new EntityManager for shared EntityManager invocation
2025-12-31T00:07:50.773+01:00 DEBUG 76600 --- [smboutique-backend] [           main] tor$SharedEntityManagerInvocationHandler : Creating new EntityManager for shared EntityManager invocation
2025-12-31T00:07:50.796+01:00  INFO 76600 --- [smboutique-backend] [           main] o.s.d.j.r.query.QueryEnhancerFactory     : Hibernate is in classpath; If applicable, HQL parser will be used.
2025-12-31T00:07:51.570+01:00  WARN 76600 --- [smboutique-backend] [           main] org.hibernate.orm.deprecation            : HHH90000021: Encountered deprecated setting [javax.persistence.query.timeout], use [jakarta.persistence.query.timeout] instead
2025-12-31T00:07:51.661+01:00 DEBUG 76600 --- [smboutique-backend] [           main] c.s.api.security.AuthTokenFilter         : Filter 'authTokenFilter' configured for use
2025-12-31T00:07:51.661+01:00 DEBUG 76600 --- [smboutique-backend] [           main] c.s.api.security.AuthTokenFilter         : Filter 'authenticationJwtTokenFilter' configured for use
2025-12-31T00:07:51.734+01:00 DEBUG 76600 --- [smboutique-backend] [           main] tor$SharedEntityManagerInvocationHandler : Creating new EntityManager for shared EntityManager invocation
2025-12-31T00:07:51.741+01:00 DEBUG 76600 --- [smboutique-backend] [           main] tor$SharedEntityManagerInvocationHandler : Creating new EntityManager for shared EntityManager invocation
2025-12-31T00:07:51.745+01:00 DEBUG 76600 --- [smboutique-backend] [           main] tor$SharedEntityManagerInvocationHandler : Creating new EntityManager for shared EntityManager invocation
2025-12-31T00:07:51.767+01:00 DEBUG 76600 --- [smboutique-backend] [           main] tor$SharedEntityManagerInvocationHandler : Creating new EntityManager for shared EntityManager invocation
2025-12-31T00:07:51.768+01:00 DEBUG 76600 --- [smboutique-backend] [           main] tor$SharedEntityManagerInvocationHandler : Creating new EntityManager for shared EntityManager invocation
2025-12-31T00:07:51.772+01:00 DEBUG 76600 --- [smboutique-backend] [           main] tor$SharedEntityManagerInvocationHandler : Creating new EntityManager for shared EntityManager invocation
2025-12-31T00:07:51.793+01:00 DEBUG 76600 --- [smboutique-backend] [           main] tor$SharedEntityManagerInvocationHandler : Creating new EntityManager for shared EntityManager invocation
2025-12-31T00:07:51.794+01:00 DEBUG 76600 --- [smboutique-backend] [           main] tor$SharedEntityManagerInvocationHandler : Creating new EntityManager for shared EntityManager invocation
2025-12-31T00:07:51.817+01:00 DEBUG 76600 --- [smboutique-backend] [           main] tor$SharedEntityManagerInvocationHandler : Creating new EntityManager for shared EntityManager invocation
2025-12-31T00:07:51.847+01:00 DEBUG 76600 --- [smboutique-backend] [           main] tor$SharedEntityManagerInvocationHandler : Creating new EntityManager for shared EntityManager invocation
2025-12-31T00:07:51.853+01:00 DEBUG 76600 --- [smboutique-backend] [           main] tor$SharedEntityManagerInvocationHandler : Creating new EntityManager for shared EntityManager invocation
2025-12-31T00:07:51.874+01:00 DEBUG 76600 --- [smboutique-backend] [           main] tor$SharedEntityManagerInvocationHandler : Creating new EntityManager for shared EntityManager invocation
2025-12-31T00:07:51.875+01:00 DEBUG 76600 --- [smboutique-backend] [           main] tor$SharedEntityManagerInvocationHandler : Creating new EntityManager for shared EntityManager invocation
2025-12-31T00:07:51.879+01:00 DEBUG 76600 --- [smboutique-backend] [           main] tor$SharedEntityManagerInvocationHandler : Creating new EntityManager for shared EntityManager invocation
2025-12-31T00:07:51.903+01:00  WARN 76600 --- [smboutique-backend] [           main] org.hibernate.orm.deprecation            : HHH90000021: Encountered deprecated setting [javax.persistence.query.timeout], use [jakarta.persistence.query.timeout] instead
2025-12-31T00:07:51.923+01:00 DEBUG 76600 --- [smboutique-backend] [           main] tor$SharedEntityManagerInvocationHandler : Creating new EntityManager for shared EntityManager invocation
2025-12-31T00:07:51.924+01:00 DEBUG 76600 --- [smboutique-backend] [           main] tor$SharedEntityManagerInvocationHandler : Creating new EntityManager for shared EntityManager invocation
2025-12-31T00:07:51.929+01:00 DEBUG 76600 --- [smboutique-backend] [           main] tor$SharedEntityManagerInvocationHandler : Creating new EntityManager for shared EntityManager invocation
2025-12-31T00:07:51.935+01:00 DEBUG 76600 --- [smboutique-backend] [           main] tor$SharedEntityManagerInvocationHandler : Creating new EntityManager for shared EntityManager invocation
2025-12-31T00:07:52.283+01:00  WARN 76600 --- [smboutique-backend] [           main] org.hibernate.orm.deprecation            : HHH90000021: Encountered deprecated setting [javax.persistence.query.timeout], use [jakarta.persistence.query.timeout] instead
2025-12-31T00:07:52.285+01:00 DEBUG 76600 --- [smboutique-backend] [           main] tor$SharedEntityManagerInvocationHandler : Creating new EntityManager for shared EntityManager invocation
2025-12-31T00:07:52.287+01:00 DEBUG 76600 --- [smboutique-backend] [           main] tor$SharedEntityManagerInvocationHandler : Creating new EntityManager for shared EntityManager invocation
2025-12-31T00:07:52.308+01:00 DEBUG 76600 --- [smboutique-backend] [           main] tor$SharedEntityManagerInvocationHandler : Creating new EntityManager for shared EntityManager invocation
2025-12-31T00:07:52.309+01:00 DEBUG 76600 --- [smboutique-backend] [           main] tor$SharedEntityManagerInvocationHandler : Creating new EntityManager for shared EntityManager invocation
2025-12-31T00:07:52.313+01:00 DEBUG 76600 --- [smboutique-backend] [           main] tor$SharedEntityManagerInvocationHandler : Creating new EntityManager for shared EntityManager invocation
2025-12-31T00:07:52.317+01:00 DEBUG 76600 --- [smboutique-backend] [           main] tor$SharedEntityManagerInvocationHandler : Creating new EntityManager for shared EntityManager invocation
2025-12-31T00:07:52.320+01:00 DEBUG 76600 --- [smboutique-backend] [           main] tor$SharedEntityManagerInvocationHandler : Creating new EntityManager for shared EntityManager invocation
2025-12-31T00:07:52.445+01:00  INFO 76600 --- [smboutique-backend] [           main] eAuthenticationProviderManagerConfigurer : Global AuthenticationManager configured with AuthenticationProvider bean with name authenticationProvider
2025-12-31T00:07:52.447+01:00  WARN 76600 --- [smboutique-backend] [           main] r$InitializeUserDetailsManagerConfigurer : Global AuthenticationManager configured with an AuthenticationProvider bean. UserDetailsService beans will not be used by Spring Security for automatically configuring username/password login. Consider removing the AuthenticationProvider bean. Alternatively, consider using the UserDetailsService in a manually instantiated DaoAuthenticationProvider. If the current configuration is intentional, to turn off this warning, increase the logging level of 'org.springframework.security.config.annotation.authentication.configuration.InitializeUserDetailsBeanManagerConfigurer' to ERROR
2025-12-31T00:07:52.485+01:00 DEBUG 76600 --- [smboutique-backend] [           main] tor$SharedEntityManagerInvocationHandler : Creating new EntityManager for shared EntityManager invocation
2025-12-31T00:07:52.491+01:00 DEBUG 76600 --- [smboutique-backend] [           main] tor$SharedEntityManagerInvocationHandler : Creating new EntityManager for shared EntityManager invocation
2025-12-31T00:07:52.495+01:00 DEBUG 76600 --- [smboutique-backend] [           main] tor$SharedEntityManagerInvocationHandler : Creating new EntityManager for shared EntityManager invocation
2025-12-31T00:07:52.597+01:00  WARN 76600 --- [smboutique-backend] [           main] org.hibernate.orm.deprecation            : HHH90000021: Encountered deprecated setting [javax.persistence.query.timeout], use [jakarta.persistence.query.timeout] instead
2025-12-31T00:07:52.599+01:00 DEBUG 76600 --- [smboutique-backend] [           main] tor$SharedEntityManagerInvocationHandler : Creating new EntityManager for shared EntityManager invocation
2025-12-31T00:07:52.621+01:00 DEBUG 76600 --- [smboutique-backend] [           main] tor$SharedEntityManagerInvocationHandler : Creating new EntityManager for shared EntityManager invocation
2025-12-31T00:07:52.625+01:00 DEBUG 76600 --- [smboutique-backend] [           main] tor$SharedEntityManagerInvocationHandler : Creating new EntityManager for shared EntityManager invocation
2025-12-31T00:07:52.642+01:00 DEBUG 76600 --- [smboutique-backend] [           main] tor$SharedEntityManagerInvocationHandler : Creating new EntityManager for shared EntityManager invocation
2025-12-31T00:07:52.653+01:00 DEBUG 76600 --- [smboutique-backend] [           main] tor$SharedEntityManagerInvocationHandler : Creating new EntityManager for shared EntityManager invocation
2025-12-31T00:07:52.673+01:00 DEBUG 76600 --- [smboutique-backend] [           main] tor$SharedEntityManagerInvocationHandler : Creating new EntityManager for shared EntityManager invocation
2025-12-31T00:07:52.687+01:00 DEBUG 76600 --- [smboutique-backend] [           main] tor$SharedEntityManagerInvocationHandler : Creating new EntityManager for shared EntityManager invocation
2025-12-31T00:07:52.690+01:00 DEBUG 76600 --- [smboutique-backend] [           main] tor$SharedEntityManagerInvocationHandler : Creating new EntityManager for shared EntityManager invocation
2025-12-31T00:07:52.693+01:00 DEBUG 76600 --- [smboutique-backend] [           main] tor$SharedEntityManagerInvocationHandler : Creating new EntityManager for shared EntityManager invocation
2025-12-31T00:07:52.875+01:00  WARN 76600 --- [smboutique-backend] [           main] org.hibernate.orm.deprecation            : HHH90000021: Encountered deprecated setting [javax.persistence.query.timeout], use [jakarta.persistence.query.timeout] instead
2025-12-31T00:07:52.876+01:00 DEBUG 76600 --- [smboutique-backend] [           main] tor$SharedEntityManagerInvocationHandler : Creating new EntityManager for shared EntityManager invocation
2025-12-31T00:07:52.947+01:00  WARN 76600 --- [smboutique-backend] [           main] org.hibernate.orm.deprecation            : HHH90000021: Encountered deprecated setting [javax.persistence.query.timeout], use [jakarta.persistence.query.timeout] instead
2025-12-31T00:07:52.948+01:00 DEBUG 76600 --- [smboutique-backend] [           main] tor$SharedEntityManagerInvocationHandler : Creating new EntityManager for shared EntityManager invocation
2025-12-31T00:07:52.950+01:00 DEBUG 76600 --- [smboutique-backend] [           main] tor$SharedEntityManagerInvocationHandler : Creating new EntityManager for shared EntityManager invocation
2025-12-31T00:07:52.952+01:00  WARN 76600 --- [smboutique-backend] [           main] org.hibernate.orm.deprecation            : HHH90000021: Encountered deprecated setting [javax.persistence.query.timeout], use [jakarta.persistence.query.timeout] instead
2025-12-31T00:07:52.965+01:00 DEBUG 76600 --- [smboutique-backend] [           main] tor$SharedEntityManagerInvocationHandler : Creating new EntityManager for shared EntityManager invocation
2025-12-31T00:07:52.972+01:00 DEBUG 76600 --- [smboutique-backend] [           main] tor$SharedEntityManagerInvocationHandler : Creating new EntityManager for shared EntityManager invocation
2025-12-31T00:07:52.975+01:00 DEBUG 76600 --- [smboutique-backend] [           main] tor$SharedEntityManagerInvocationHandler : Creating new EntityManager for shared EntityManager invocation
2025-12-31T00:07:52.978+01:00 DEBUG 76600 --- [smboutique-backend] [           main] tor$SharedEntityManagerInvocationHandler : Creating new EntityManager for shared EntityManager invocation
2025-12-31T00:07:52.996+01:00 DEBUG 76600 --- [smboutique-backend] [           main] tor$SharedEntityManagerInvocationHandler : Creating new EntityManager for shared EntityManager invocation
2025-12-31T00:07:52.997+01:00 DEBUG 76600 --- [smboutique-backend] [           main] tor$SharedEntityManagerInvocationHandler : Creating new EntityManager for shared EntityManager invocation
2025-12-31T00:07:53.001+01:00 DEBUG 76600 --- [smboutique-backend] [           main] tor$SharedEntityManagerInvocationHandler : Creating new EntityManager for shared EntityManager invocation
2025-12-31T00:07:53.003+01:00  WARN 76600 --- [smboutique-backend] [           main] org.hibernate.orm.deprecation            : HHH90000021: Encountered deprecated setting [javax.persistence.query.timeout], use [jakarta.persistence.query.timeout] instead
2025-12-31T00:07:53.019+01:00 DEBUG 76600 --- [smboutique-backend] [           main] tor$SharedEntityManagerInvocationHandler : Creating new EntityManager for shared EntityManager invocation
2025-12-31T00:07:53.025+01:00 DEBUG 76600 --- [smboutique-backend] [           main] tor$SharedEntityManagerInvocationHandler : Creating new EntityManager for shared EntityManager invocation
2025-12-31T00:07:53.028+01:00 DEBUG 76600 --- [smboutique-backend] [           main] tor$SharedEntityManagerInvocationHandler : Creating new EntityManager for shared EntityManager invocation
2025-12-31T00:07:53.048+01:00 DEBUG 76600 --- [smboutique-backend] [           main] tor$SharedEntityManagerInvocationHandler : Creating new EntityManager for shared EntityManager invocation
2025-12-31T00:07:53.054+01:00 DEBUG 76600 --- [smboutique-backend] [           main] tor$SharedEntityManagerInvocationHandler : Creating new EntityManager for shared EntityManager invocation
2025-12-31T00:07:53.057+01:00 DEBUG 76600 --- [smboutique-backend] [           main] tor$SharedEntityManagerInvocationHandler : Creating new EntityManager for shared EntityManager invocation
2025-12-31T00:07:53.064+01:00  WARN 76600 --- [smboutique-backend] [           main] org.hibernate.orm.deprecation            : HHH90000021: Encountered deprecated setting [javax.persistence.query.timeout], use [jakarta.persistence.query.timeout] instead
2025-12-31T00:07:53.066+01:00 DEBUG 76600 --- [smboutique-backend] [           main] tor$SharedEntityManagerInvocationHandler : Creating new EntityManager for shared EntityManager invocation
2025-12-31T00:07:53.069+01:00  WARN 76600 --- [smboutique-backend] [           main] org.hibernate.orm.deprecation            : HHH90000021: Encountered deprecated setting [javax.persistence.query.timeout], use [jakarta.persistence.query.timeout] instead
2025-12-31T00:07:53.089+01:00 DEBUG 76600 --- [smboutique-backend] [           main] tor$SharedEntityManagerInvocationHandler : Creating new EntityManager for shared EntityManager invocation
2025-12-31T00:07:53.090+01:00 DEBUG 76600 --- [smboutique-backend] [           main] tor$SharedEntityManagerInvocationHandler : Creating new EntityManager for shared EntityManager invocation
2025-12-31T00:07:53.109+01:00 DEBUG 76600 --- [smboutique-backend] [           main] tor$SharedEntityManagerInvocationHandler : Creating new EntityManager for shared EntityManager invocation
2025-12-31T00:07:53.114+01:00 DEBUG 76600 --- [smboutique-backend] [           main] tor$SharedEntityManagerInvocationHandler : Creating new EntityManager for shared EntityManager invocation
2025-12-31T00:07:53.117+01:00 DEBUG 76600 --- [smboutique-backend] [           main] tor$SharedEntityManagerInvocationHandler : Creating new EntityManager for shared EntityManager invocation
2025-12-31T00:07:53.121+01:00  WARN 76600 --- [smboutique-backend] [           main] org.hibernate.orm.deprecation            : HHH90000021: Encountered deprecated setting [javax.persistence.query.timeout], use [jakarta.persistence.query.timeout] instead
2025-12-31T00:07:53.139+01:00 DEBUG 76600 --- [smboutique-backend] [           main] tor$SharedEntityManagerInvocationHandler : Creating new EntityManager for shared EntityManager invocation
2025-12-31T00:07:53.142+01:00 DEBUG 76600 --- [smboutique-backend] [           main] tor$SharedEntityManagerInvocationHandler : Creating new EntityManager for shared EntityManager invocation
2025-12-31T00:07:53.144+01:00 DEBUG 76600 --- [smboutique-backend] [           main] tor$SharedEntityManagerInvocationHandler : Creating new EntityManager for shared EntityManager invocation
2025-12-31T00:07:53.146+01:00  WARN 76600 --- [smboutique-backend] [           main] org.hibernate.orm.deprecation            : HHH90000021: Encountered deprecated setting [javax.persistence.query.timeout], use [jakarta.persistence.query.timeout] instead
2025-12-31T00:07:53.158+01:00 DEBUG 76600 --- [smboutique-backend] [           main] tor$SharedEntityManagerInvocationHandler : Creating new EntityManager for shared EntityManager invocation
2025-12-31T00:07:53.161+01:00 DEBUG 76600 --- [smboutique-backend] [           main] tor$SharedEntityManagerInvocationHandler : Creating new EntityManager for shared EntityManager invocation
2025-12-31T00:07:53.174+01:00 DEBUG 76600 --- [smboutique-backend] [           main] tor$SharedEntityManagerInvocationHandler : Creating new EntityManager for shared EntityManager invocation
2025-12-31T00:07:53.186+01:00 DEBUG 76600 --- [smboutique-backend] [           main] tor$SharedEntityManagerInvocationHandler : Creating new EntityManager for shared EntityManager invocation
2025-12-31T00:07:53.214+01:00 DEBUG 76600 --- [smboutique-backend] [           main] tor$SharedEntityManagerInvocationHandler : Creating new EntityManager for shared EntityManager invocation
2025-12-31T00:07:53.220+01:00 DEBUG 76600 --- [smboutique-backend] [           main] tor$SharedEntityManagerInvocationHandler : Creating new EntityManager for shared EntityManager invocation
2025-12-31T00:07:53.222+01:00 DEBUG 76600 --- [smboutique-backend] [           main] tor$SharedEntityManagerInvocationHandler : Creating new EntityManager for shared EntityManager invocation
2025-12-31T00:07:53.239+01:00 DEBUG 76600 --- [smboutique-backend] [           main] tor$SharedEntityManagerInvocationHandler : Creating new EntityManager for shared EntityManager invocation
2025-12-31T00:07:53.242+01:00 DEBUG 76600 --- [smboutique-backend] [           main] tor$SharedEntityManagerInvocationHandler : Creating new EntityManager for shared EntityManager invocation
2025-12-31T00:07:53.259+01:00 DEBUG 76600 --- [smboutique-backend] [           main] tor$SharedEntityManagerInvocationHandler : Creating new EntityManager for shared EntityManager invocation
2025-12-31T00:07:53.261+01:00 DEBUG 76600 --- [smboutique-backend] [           main] tor$SharedEntityManagerInvocationHandler : Creating new EntityManager for shared EntityManager invocation
2025-12-31T00:07:53.264+01:00 DEBUG 76600 --- [smboutique-backend] [           main] tor$SharedEntityManagerInvocationHandler : Creating new EntityManager for shared EntityManager invocation
2025-12-31T00:07:53.267+01:00 DEBUG 76600 --- [smboutique-backend] [           main] tor$SharedEntityManagerInvocationHandler : Creating new EntityManager for shared EntityManager invocation
2025-12-31T00:07:53.288+01:00 DEBUG 76600 --- [smboutique-backend] [           main] tor$SharedEntityManagerInvocationHandler : Creating new EntityManager for shared EntityManager invocation
2025-12-31T00:07:53.292+01:00 DEBUG 76600 --- [smboutique-backend] [           main] tor$SharedEntityManagerInvocationHandler : Creating new EntityManager for shared EntityManager invocation
2025-12-31T00:07:53.413+01:00 DEBUG 76600 --- [smboutique-backend] [           main] tor$SharedEntityManagerInvocationHandler : Creating new EntityManager for shared EntityManager invocation
2025-12-31T00:07:53.419+01:00 DEBUG 76600 --- [smboutique-backend] [           main] tor$SharedEntityManagerInvocationHandler : Creating new EntityManager for shared EntityManager invocation
2025-12-31T00:07:53.437+01:00 DEBUG 76600 --- [smboutique-backend] [           main] tor$SharedEntityManagerInvocationHandler : Creating new EntityManager for shared EntityManager invocation
2025-12-31T00:07:53.438+01:00 DEBUG 76600 --- [smboutique-backend] [           main] tor$SharedEntityManagerInvocationHandler : Creating new EntityManager for shared EntityManager invocation
2025-12-31T00:07:53.464+01:00 DEBUG 76600 --- [smboutique-backend] [           main] tor$SharedEntityManagerInvocationHandler : Creating new EntityManager for shared EntityManager invocation
2025-12-31T00:07:53.466+01:00 DEBUG 76600 --- [smboutique-backend] [           main] tor$SharedEntityManagerInvocationHandler : Creating new EntityManager for shared EntityManager invocation
2025-12-31T00:07:53.509+01:00 DEBUG 76600 --- [smboutique-backend] [           main] tor$SharedEntityManagerInvocationHandler : Creating new EntityManager for shared EntityManager invocation
2025-12-31T00:07:53.512+01:00 DEBUG 76600 --- [smboutique-backend] [           main] tor$SharedEntityManagerInvocationHandler : Creating new EntityManager for shared EntityManager invocation
2025-12-31T00:07:53.590+01:00  WARN 76600 --- [smboutique-backend] [           main] JpaBaseConfiguration$JpaWebConfiguration : spring.jpa.open-in-view is enabled by default. Therefore, database queries may be performed during view rendering. Explicitly configure spring.jpa.open-in-view to disable this warning
2025-12-31T00:07:54.129+01:00 DEBUG 76600 --- [smboutique-backend] [           main] o.s.s.web.DefaultSecurityFilterChain     : Will secure any request with filters: DisableEncodeUrlFilter, WebAsyncManagerIntegrationFilter, SecurityContextHolderFilter, HeaderWriterFilter, CorsFilter, LogoutFilter, AuthTokenFilter, RequestCacheAwareFilter, SecurityContextHolderAwareRequestFilter, AnonymousAuthenticationFilter, SessionManagementFilter, ExceptionTranslationFilter, AuthorizationFilter
2025-12-31T00:07:54.588+01:00  INFO 76600 --- [smboutique-backend] [           main] o.s.b.w.embedded.tomcat.TomcatWebServer  : Tomcat started on port 8085 (http) with context path '/'
2025-12-31T00:07:54.610+01:00  INFO 76600 --- [smboutique-backend] [           main] com.smboutique.api.ApiApplication        : Started ApiApplication in 13.783 seconds (process running for 14.906)
2025-12-31T00:07:54.614+01:00  INFO 76600 --- [smboutique-backend] [           main] c.smboutique.api.config.DataInitializer  : Starting data initialization...
2025-12-31T00:07:54.615+01:00  INFO 76600 --- [smboutique-backend] [           main] c.smboutique.api.config.DataInitializer  : Initializing permissions...
2025-12-31T00:07:54.622+01:00 DEBUG 76600 --- [smboutique-backend] [           main] o.s.orm.jpa.JpaTransactionManager        : Creating new transaction with name [org.springframework.data.jpa.repository.support.SimpleJpaRepository.count]: PROPAGATION_REQUIRED,ISOLATION_DEFAULT,readOnly
2025-12-31T00:07:54.623+01:00 DEBUG 76600 --- [smboutique-backend] [           main] o.s.orm.jpa.JpaTransactionManager        : Opened new EntityManager [SessionImpl(1221022878<open>)] for JPA transaction
2025-12-31T00:07:54.630+01:00 DEBUG 76600 --- [smboutique-backend] [           main] o.s.orm.jpa.JpaTransactionManager        : Exposing JPA transaction as JDBC [org.springframework.orm.jpa.vendor.HibernateJpaDialect$HibernateConnectionHandle@660da0d7]
2025-12-31T00:07:54.648+01:00  WARN 76600 --- [smboutique-backend] [           main] org.hibernate.orm.deprecation            : HHH90000021: Encountered deprecated setting [javax.persistence.query.timeout], use [jakarta.persistence.query.timeout] instead
2025-12-31T00:07:54.706+01:00 DEBUG 76600 --- [smboutique-backend] [           main] org.hibernate.SQL                        : 
    select
        count(*) 
    from
        permission p1_0
Hibernate: 
    select
        count(*) 
    from
        permission p1_0
2025-12-31T00:07:54.726+01:00 DEBUG 76600 --- [smboutique-backend] [           main] o.s.orm.jpa.JpaTransactionManager        : Initiating transaction commit
2025-12-31T00:07:54.727+01:00 DEBUG 76600 --- [smboutique-backend] [           main] o.s.orm.jpa.JpaTransactionManager        : Committing JPA transaction on EntityManager [SessionImpl(1221022878<open>)]
2025-12-31T00:07:54.729+01:00 DEBUG 76600 --- [smboutique-backend] [           main] o.s.orm.jpa.JpaTransactionManager        : Closing JPA EntityManager [SessionImpl(1221022878<open>)] after transaction
2025-12-31T00:07:54.729+01:00  INFO 76600 --- [smboutique-backend] [           main] c.smboutique.api.config.DataInitializer  : Permissions already exist, skipping initialization
2025-12-31T00:07:54.729+01:00  INFO 76600 --- [smboutique-backend] [           main] c.smboutique.api.config.DataInitializer  : Initializing roles...
2025-12-31T00:07:54.730+01:00 DEBUG 76600 --- [smboutique-backend] [           main] o.s.orm.jpa.JpaTransactionManager        : Creating new transaction with name [org.springframework.data.jpa.repository.support.SimpleJpaRepository.count]: PROPAGATION_REQUIRED,ISOLATION_DEFAULT,readOnly
2025-12-31T00:07:54.730+01:00 DEBUG 76600 --- [smboutique-backend] [           main] o.s.orm.jpa.JpaTransactionManager        : Opened new EntityManager [SessionImpl(1454437455<open>)] for JPA transaction
2025-12-31T00:07:54.731+01:00 DEBUG 76600 --- [smboutique-backend] [           main] o.s.orm.jpa.JpaTransactionManager        : Exposing JPA transaction as JDBC [org.springframework.orm.jpa.vendor.HibernateJpaDialect$HibernateConnectionHandle@435b70b]
2025-12-31T00:07:54.732+01:00  WARN 76600 --- [smboutique-backend] [           main] org.hibernate.orm.deprecation            : HHH90000021: Encountered deprecated setting [javax.persistence.query.timeout], use [jakarta.persistence.query.timeout] instead
2025-12-31T00:07:54.733+01:00 DEBUG 76600 --- [smboutique-backend] [           main] org.hibernate.SQL                        : 
    select
        count(*) 
    from
        role r1_0
Hibernate: 
    select
        count(*) 
    from
        role r1_0
2025-12-31T00:07:54.735+01:00 DEBUG 76600 --- [smboutique-backend] [           main] o.s.orm.jpa.JpaTransactionManager        : Initiating transaction commit
2025-12-31T00:07:54.735+01:00 DEBUG 76600 --- [smboutique-backend] [           main] o.s.orm.jpa.JpaTransactionManager        : Committing JPA transaction on EntityManager [SessionImpl(1454437455<open>)]
2025-12-31T00:07:54.736+01:00 DEBUG 76600 --- [smboutique-backend] [           main] o.s.orm.jpa.JpaTransactionManager        : Closing JPA EntityManager [SessionImpl(1454437455<open>)] after transaction
2025-12-31T00:07:54.736+01:00  INFO 76600 --- [smboutique-backend] [           main] c.smboutique.api.config.DataInitializer  : Roles already exist, skipping initialization
2025-12-31T00:07:54.740+01:00 DEBUG 76600 --- [smboutique-backend] [           main] tor$SharedEntityManagerInvocationHandler : Creating new EntityManager for shared EntityManager invocation
2025-12-31T00:07:54.751+01:00  WARN 76600 --- [smboutique-backend] [           main] org.hibernate.orm.deprecation            : HHH90000021: Encountered deprecated setting [javax.persistence.query.timeout], use [jakarta.persistence.query.timeout] instead
2025-12-31T00:07:54.817+01:00 DEBUG 76600 --- [smboutique-backend] [           main] org.hibernate.SQL                        : 
    select
        r1_0.id_role,
        r1_0.description,
        r1_0.name 
    from
        role r1_0 
    where
        r1_0.name=?
Hibernate: 
    select
        r1_0.id_role,
        r1_0.description,
        r1_0.name 
    from
        role r1_0 
    where
        r1_0.name=?
2025-12-31T00:07:54.854+01:00 DEBUG 76600 --- [smboutique-backend] [           main] org.hibernate.SQL                        : 
    select
        p1_0.role_id,
        p1_1.id_permission,
        p1_1.description,
        p1_1.name 
    from
        role_permissions p1_0 
    join
        permission p1_1 
            on p1_1.id_permission=p1_0.permission_id 
    where
        p1_0.role_id=?
Hibernate: 
    select
        p1_0.role_id,
        p1_1.id_permission,
        p1_1.description,
        p1_1.name 
    from
        role_permissions p1_0 
    join
        permission p1_1 
            on p1_1.id_permission=p1_0.permission_id 
    where
        p1_0.role_id=?
2025-12-31T00:07:54.874+01:00 DEBUG 76600 --- [smboutique-backend] [           main] o.s.orm.jpa.JpaTransactionManager        : Creating new transaction with name [org.springframework.data.jpa.repository.support.SimpleJpaRepository.findAll]: PROPAGATION_REQUIRED,ISOLATION_DEFAULT,readOnly
2025-12-31T00:07:54.875+01:00 DEBUG 76600 --- [smboutique-backend] [           main] o.s.orm.jpa.JpaTransactionManager        : Opened new EntityManager [SessionImpl(1960423402<open>)] for JPA transaction
2025-12-31T00:07:54.876+01:00 DEBUG 76600 --- [smboutique-backend] [           main] o.s.orm.jpa.JpaTransactionManager        : Exposing JPA transaction as JDBC [org.springframework.orm.jpa.vendor.HibernateJpaDialect$HibernateConnectionHandle@43c9c0b5]
2025-12-31T00:07:54.877+01:00  WARN 76600 --- [smboutique-backend] [           main] org.hibernate.orm.deprecation            : HHH90000021: Encountered deprecated setting [javax.persistence.query.timeout], use [jakarta.persistence.query.timeout] instead
2025-12-31T00:07:54.879+01:00 DEBUG 76600 --- [smboutique-backend] [           main] org.hibernate.SQL                        : 
    select
        p1_0.id_permission,
        p1_0.description,
        p1_0.name 
    from
        permission p1_0
Hibernate: 
    select
        p1_0.id_permission,
        p1_0.description,
        p1_0.name 
    from
        permission p1_0
2025-12-31T00:07:54.899+01:00 DEBUG 76600 --- [smboutique-backend] [           main] o.s.orm.jpa.JpaTransactionManager        : Initiating transaction commit
2025-12-31T00:07:54.900+01:00 DEBUG 76600 --- [smboutique-backend] [           main] o.s.orm.jpa.JpaTransactionManager        : Committing JPA transaction on EntityManager [SessionImpl(1960423402<open>)]
2025-12-31T00:07:54.901+01:00 DEBUG 76600 --- [smboutique-backend] [           main] o.s.orm.jpa.JpaTransactionManager        : Closing JPA EntityManager [SessionImpl(1960423402<open>)] after transaction
2025-12-31T00:07:54.902+01:00  INFO 76600 --- [smboutique-backend] [           main] c.smboutique.api.config.DataInitializer  : SUPERADMIN role already contains all permissions
2025-12-31T00:07:54.902+01:00  INFO 76600 --- [smboutique-backend] [           main] c.smboutique.api.config.DataInitializer  : Initializing boutique...
2025-12-31T00:07:54.903+01:00 DEBUG 76600 --- [smboutique-backend] [           main] o.s.orm.jpa.JpaTransactionManager        : Creating new transaction with name [org.springframework.data.jpa.repository.support.SimpleJpaRepository.count]: PROPAGATION_REQUIRED,ISOLATION_DEFAULT,readOnly
2025-12-31T00:07:54.903+01:00 DEBUG 76600 --- [smboutique-backend] [           main] o.s.orm.jpa.JpaTransactionManager        : Opened new EntityManager [SessionImpl(1844292006<open>)] for JPA transaction
2025-12-31T00:07:54.904+01:00 DEBUG 76600 --- [smboutique-backend] [           main] o.s.orm.jpa.JpaTransactionManager        : Exposing JPA transaction as JDBC [org.springframework.orm.jpa.vendor.HibernateJpaDialect$HibernateConnectionHandle@3f806c54]
2025-12-31T00:07:54.905+01:00  WARN 76600 --- [smboutique-backend] [           main] org.hibernate.orm.deprecation            : HHH90000021: Encountered deprecated setting [javax.persistence.query.timeout], use [jakarta.persistence.query.timeout] instead
2025-12-31T00:07:54.906+01:00 DEBUG 76600 --- [smboutique-backend] [           main] org.hibernate.SQL                        : 
    select
        count(*) 
    from
        boutique b1_0
Hibernate: 
    select
        count(*) 
    from
        boutique b1_0
2025-12-31T00:07:54.908+01:00 DEBUG 76600 --- [smboutique-backend] [           main] o.s.orm.jpa.JpaTransactionManager        : Initiating transaction commit
2025-12-31T00:07:54.908+01:00 DEBUG 76600 --- [smboutique-backend] [           main] o.s.orm.jpa.JpaTransactionManager        : Committing JPA transaction on EntityManager [SessionImpl(1844292006<open>)]
2025-12-31T00:07:54.909+01:00 DEBUG 76600 --- [smboutique-backend] [           main] o.s.orm.jpa.JpaTransactionManager        : Closing JPA EntityManager [SessionImpl(1844292006<open>)] after transaction
2025-12-31T00:07:54.909+01:00  INFO 76600 --- [smboutique-backend] [           main] c.smboutique.api.config.DataInitializer  : Boutique already exists, skipping initialization
2025-12-31T00:07:54.909+01:00  INFO 76600 --- [smboutique-backend] [           main] c.smboutique.api.config.DataInitializer  : Initializing superadmin...
2025-12-31T00:07:54.909+01:00 DEBUG 76600 --- [smboutique-backend] [           main] o.s.orm.jpa.JpaTransactionManager        : Creating new transaction with name [org.springframework.data.jpa.repository.support.SimpleJpaRepository.findAll]: PROPAGATION_REQUIRED,ISOLATION_DEFAULT,readOnly
2025-12-31T00:07:54.909+01:00 DEBUG 76600 --- [smboutique-backend] [           main] o.s.orm.jpa.JpaTransactionManager        : Opened new EntityManager [SessionImpl(121708969<open>)] for JPA transaction
2025-12-31T00:07:54.910+01:00 DEBUG 76600 --- [smboutique-backend] [           main] o.s.orm.jpa.JpaTransactionManager        : Exposing JPA transaction as JDBC [org.springframework.orm.jpa.vendor.HibernateJpaDialect$HibernateConnectionHandle@15691302]
2025-12-31T00:07:54.911+01:00  WARN 76600 --- [smboutique-backend] [           main] org.hibernate.orm.deprecation            : HHH90000021: Encountered deprecated setting [javax.persistence.query.timeout], use [jakarta.persistence.query.timeout] instead
2025-12-31T00:07:54.912+01:00 DEBUG 76600 --- [smboutique-backend] [           main] org.hibernate.SQL                        : 
    select
        p1_0.id_permission,
        p1_0.description,
        p1_0.name 
    from
        permission p1_0
Hibernate: 
    select
        p1_0.id_permission,
        p1_0.description,
        p1_0.name 
    from
        permission p1_0
2025-12-31T00:07:54.924+01:00 DEBUG 76600 --- [smboutique-backend] [           main] o.s.orm.jpa.JpaTransactionManager        : Initiating transaction commit
2025-12-31T00:07:54.925+01:00 DEBUG 76600 --- [smboutique-backend] [           main] o.s.orm.jpa.JpaTransactionManager        : Committing JPA transaction on EntityManager [SessionImpl(121708969<open>)]
2025-12-31T00:07:54.926+01:00 DEBUG 76600 --- [smboutique-backend] [           main] o.s.orm.jpa.JpaTransactionManager        : Closing JPA EntityManager [SessionImpl(121708969<open>)] after transaction
2025-12-31T00:07:54.927+01:00 DEBUG 76600 --- [smboutique-backend] [           main] tor$SharedEntityManagerInvocationHandler : Creating new EntityManager for shared EntityManager invocation
2025-12-31T00:07:54.928+01:00  WARN 76600 --- [smboutique-backend] [           main] org.hibernate.orm.deprecation            : HHH90000021: Encountered deprecated setting [javax.persistence.query.timeout], use [jakarta.persistence.query.timeout] instead
2025-12-31T00:07:54.930+01:00 DEBUG 76600 --- [smboutique-backend] [           main] org.hibernate.SQL                        : 
    select
        u1_0.id_utilisateur,
        u1_0.adresse,
        u1_0.avatar,
        u1_0.boutique_id,
        u1_0.contact_utilisateur,
        u1_0.email,
        u1_0.mot_de_passe_utilisateur,
        u1_0.nom_utilisateur,
        u1_0.prenom_utilisateur,
        u1_0.psedeau_utilisateur,
        u1_0.reset_token,
        u1_0.reset_token_expire,
        u1_0.statut,
        u1_0.type_utilisateur 
    from
        utilisateur u1_0 
    where
        upper(u1_0.email)=upper(?)
Hibernate: 
    select
        u1_0.id_utilisateur,
        u1_0.adresse,
        u1_0.avatar,
        u1_0.boutique_id,
        u1_0.contact_utilisateur,
        u1_0.email,
        u1_0.mot_de_passe_utilisateur,
        u1_0.nom_utilisateur,
        u1_0.prenom_utilisateur,
        u1_0.psedeau_utilisateur,
        u1_0.reset_token,
        u1_0.reset_token_expire,
        u1_0.statut,
        u1_0.type_utilisateur 
    from
        utilisateur u1_0 
    where
        upper(u1_0.email)=upper(?)
2025-12-31T00:07:54.943+01:00 DEBUG 76600 --- [smboutique-backend] [           main] org.hibernate.SQL                        : 
    select
        r1_0.utilisateur_id,
        r1_1.id_role,
        r1_1.description,
        r1_1.name,
        p1_0.role_id,
        p1_1.id_permission,
        p1_1.description,
        p1_1.name 
    from
        utilisateur_roles r1_0 
    join
        role r1_1 
            on r1_1.id_role=r1_0.role_id 
    left join
        role_permissions p1_0 
            on r1_1.id_role=p1_0.role_id 
    left join
        permission p1_1 
            on p1_1.id_permission=p1_0.permission_id 
    where
        r1_0.utilisateur_id=?
Hibernate: 
    select
        r1_0.utilisateur_id,
        r1_1.id_role,
        r1_1.description,
        r1_1.name,
        p1_0.role_id,
        p1_1.id_permission,
        p1_1.description,
        p1_1.name 
    from
        utilisateur_roles r1_0 
    join
        role r1_1 
            on r1_1.id_role=r1_0.role_id 
    left join
        role_permissions p1_0 
            on r1_1.id_role=p1_0.role_id 
    left join
        permission p1_1 
            on p1_1.id_permission=p1_0.permission_id 
    where
        r1_0.utilisateur_id=?
2025-12-31T00:07:54.959+01:00 DEBUG 76600 --- [smboutique-backend] [           main] org.hibernate.SQL                        : 
    select
        p1_0.utilisateur_id,
        p1_1.id_permission,
        p1_1.description,
        p1_1.name 
    from
        utilisateur_permissions p1_0 
    join
        permission p1_1 
            on p1_1.id_permission=p1_0.permission_id 
    where
        p1_0.utilisateur_id=?
Hibernate: 
    select
        p1_0.utilisateur_id,
        p1_1.id_permission,
        p1_1.description,
        p1_1.name 
    from
        utilisateur_permissions p1_0 
    join
        permission p1_1 
            on p1_1.id_permission=p1_0.permission_id 
    where
        p1_0.utilisateur_id=?
2025-12-31T00:07:54.964+01:00  INFO 76600 --- [smboutique-backend] [           main] c.smboutique.api.config.DataInitializer  : Superadmin already exists, ensuring user has all permissions
2025-12-31T00:07:54.964+01:00 DEBUG 76600 --- [smboutique-backend] [           main] tor$SharedEntityManagerInvocationHandler : Creating new EntityManager for shared EntityManager invocation
2025-12-31T00:07:54.966+01:00  WARN 76600 --- [smboutique-backend] [           main] org.hibernate.orm.deprecation            : HHH90000021: Encountered deprecated setting [javax.persistence.query.timeout], use [jakarta.persistence.query.timeout] instead
2025-12-31T00:07:54.968+01:00 DEBUG 76600 --- [smboutique-backend] [           main] org.hibernate.SQL                        : 
    select
        u1_0.id_utilisateur,
        u1_0.adresse,
        u1_0.avatar,
        u1_0.boutique_id,
        u1_0.contact_utilisateur,
        u1_0.email,
        u1_0.mot_de_passe_utilisateur,
        u1_0.nom_utilisateur,
        u1_0.prenom_utilisateur,
        u1_0.psedeau_utilisateur,
        u1_0.reset_token,
        u1_0.reset_token_expire,
        u1_0.statut,
        u1_0.type_utilisateur 
    from
        utilisateur u1_0 
    where
        upper(u1_0.email)=upper(?)
Hibernate: 
    select
        u1_0.id_utilisateur,
        u1_0.adresse,
        u1_0.avatar,
        u1_0.boutique_id,
        u1_0.contact_utilisateur,
        u1_0.email,
        u1_0.mot_de_passe_utilisateur,
        u1_0.nom_utilisateur,
        u1_0.prenom_utilisateur,
        u1_0.psedeau_utilisateur,
        u1_0.reset_token,
        u1_0.reset_token_expire,
        u1_0.statut,
        u1_0.type_utilisateur 
    from
        utilisateur u1_0 
    where
        upper(u1_0.email)=upper(?)
2025-12-31T00:07:54.972+01:00 DEBUG 76600 --- [smboutique-backend] [           main] org.hibernate.SQL                        : 
    select
        r1_0.utilisateur_id,
        r1_1.id_role,
        r1_1.description,
        r1_1.name,
        p1_0.role_id,
        p1_1.id_permission,
        p1_1.description,
        p1_1.name 
    from
        utilisateur_roles r1_0 
    join
        role r1_1 
            on r1_1.id_role=r1_0.role_id 
    left join
        role_permissions p1_0 
            on r1_1.id_role=p1_0.role_id 
    left join
        permission p1_1 
            on p1_1.id_permission=p1_0.permission_id 
    where
        r1_0.utilisateur_id=?
Hibernate: 
    select
        r1_0.utilisateur_id,
        r1_1.id_role,
        r1_1.description,
        r1_1.name,
        p1_0.role_id,
        p1_1.id_permission,
        p1_1.description,
        p1_1.name 
    from
        utilisateur_roles r1_0 
    join
        role r1_1 
            on r1_1.id_role=r1_0.role_id 
    left join
        role_permissions p1_0 
            on r1_1.id_role=p1_0.role_id 
    left join
        permission p1_1 
            on p1_1.id_permission=p1_0.permission_id 
    where
        r1_0.utilisateur_id=?
2025-12-31T00:07:54.984+01:00 DEBUG 76600 --- [smboutique-backend] [           main] org.hibernate.SQL                        : 
    select
        p1_0.utilisateur_id,
        p1_1.id_permission,
        p1_1.description,
        p1_1.name 
    from
        utilisateur_permissions p1_0 
    join
        permission p1_1 
            on p1_1.id_permission=p1_0.permission_id 
    where
        p1_0.utilisateur_id=?
Hibernate: 
    select
        p1_0.utilisateur_id,
        p1_1.id_permission,
        p1_1.description,
        p1_1.name 
    from
        utilisateur_permissions p1_0 
    join
        permission p1_1 
            on p1_1.id_permission=p1_0.permission_id 
    where
        p1_0.utilisateur_id=?
2025-12-31T00:07:54.989+01:00  INFO 76600 --- [smboutique-backend] [           main] c.smboutique.api.config.DataInitializer  : Superadmin user already has all permissions
2025-12-31T00:07:54.990+01:00  INFO 76600 --- [smboutique-backend] [           main] c.smboutique.api.config.DataInitializer  : Data initialization completed.
2025-12-31 00:07:54 - c.s.api.config.DataInitializer - Data initialization completed.
2025-12-31 00:19:46 - com.smboutique.api.ApiApplication - Starting ApiApplication using Java 21.0.9 with PID 82056 (/home/maitre/SMBOUTIQUE_V2/backend/target/classes started by maitre in /home/maitre/SMBOUTIQUE_V2/backend)
2025-12-31 00:19:46 - com.smboutique.api.ApiApplication - Running with Spring Boot v3.5.0, Spring v6.2.7
2025-12-31 00:19:46 - com.smboutique.api.ApiApplication - No active profile set, falling back to 1 default profile: "default"
2025-12-31 00:19:47 - o.s.b.f.s.DefaultListableBeanFactory - Overriding bean definition for bean 'passwordEncoder' with a different definition: replacing [Root bean: class=null; scope=; abstract=false; lazyInit=null; autowireMode=3; dependencyCheck=0; autowireCandidate=true; primary=false; fallback=false; factoryBeanName=webSecurityConfig; factoryMethodName=passwordEncoder; initMethodNames=null; destroyMethodNames=[(inferred)]; defined in class path resource [com/smboutique/api/security/WebSecurityConfig.class]] with [Root bean: class=null; scope=; abstract=false; lazyInit=null; autowireMode=3; dependencyCheck=0; autowireCandidate=true; primary=false; fallback=false; factoryBeanName=apiApplication; factoryMethodName=passwordEncoder; initMethodNames=null; destroyMethodNames=[(inferred)]; defined in com.smboutique.api.ApiApplication]
2025-12-31 00:19:47 - o.s.d.r.c.RepositoryConfigurationDelegate - Bootstrapping Spring Data JPA repositories in DEFAULT mode.
2025-12-31 00:19:47 - o.s.d.r.c.RepositoryConfigurationDelegate - Finished Spring Data repository scanning in 195 ms. Found 29 JPA repository interfaces.
2025-12-31 00:19:48 - o.s.b.w.e.tomcat.TomcatWebServer - Tomcat initialized with port 8085 (http)
2025-12-31 00:19:48 - o.a.catalina.core.StandardService - Starting service [Tomcat]
2025-12-31 00:19:48 - o.a.catalina.core.StandardEngine - Starting Servlet engine: [Apache Tomcat/10.1.41]
2025-12-31 00:19:48 - o.a.c.c.C.[Tomcat].[localhost].[/] - Initializing Spring embedded WebApplicationContext
2025-12-31 00:19:48 - o.s.b.w.s.c.ServletWebServerApplicationContext - Root WebApplicationContext: initialization completed in 2268 ms
2025-12-31 00:19:48 - o.s.o.j.LocalContainerEntityManagerFactoryBean - Building JPA container EntityManagerFactory for persistence unit 'default'
2025-12-31 00:19:48 - o.h.jpa.internal.util.LogHelper - HHH000204: Processing PersistenceUnitInfo [name: default]
2025-12-31 00:19:49 - org.hibernate.Version - HHH000412: Hibernate ORM core version 6.6.15.Final
2025-12-31 00:19:49 - o.h.c.i.RegionFactoryInitiator - HHH000026: Second-level cache disabled
2025-12-31 00:19:49 - o.s.o.j.p.SpringPersistenceUnitInfo - No LoadTimeWeaver setup: ignoring JPA class transformer
2025-12-31 00:19:49 - com.zaxxer.hikari.HikariDataSource - HikariPool-1 - Starting...
2025-12-31 00:19:49 - com.zaxxer.hikari.pool.HikariPool - HikariPool-1 - Added connection com.mysql.cj.jdbc.ConnectionImpl@2382b2f
2025-12-31 00:19:49 - com.zaxxer.hikari.HikariDataSource - HikariPool-1 - Start completed.
2025-12-31 00:19:49 - org.hibernate.orm.deprecation - HHH90000025: MySQL8Dialect does not need to be specified explicitly using 'hibernate.dialect' (remove the property setting and it will be selected by default)
2025-12-31 00:19:49 - org.hibernate.orm.deprecation - HHH90000026: MySQL8Dialect has been deprecated; use org.hibernate.dialect.MySQLDialect instead
2025-12-31 00:19:49 - o.hibernate.orm.connections.pooling - HHH10001005: Database info:
	Database JDBC URL [Connecting through datasource 'HikariDataSource (HikariPool-1)']
	Database driver: undefined/unknown
	Database version: 8.0
	Autocommit mode: undefined/unknown
	Isolation level: undefined/unknown
	Minimum pool size: undefined/unknown
	Maximum pool size: undefined/unknown
2025-12-31 00:19:51 - o.h.e.t.j.p.i.JtaPlatformInitiator - HHH000489: No JTA platform available (set 'hibernate.transaction.jta.platform' to enable JTA platform integration)
2025-12-31 00:19:51 - org.hibernate.SQL - 
    alter table livraison 
       add column annule bit
2025-12-31 00:19:51 - org.hibernate.SQL - 
    alter table livraison 
       add column annule_at datetime(6)
2025-12-31 00:19:51 - org.hibernate.SQL - 
    alter table livraison 
       add column annule_par bigint
2025-12-31 00:19:51 - org.hibernate.SQL - 
    alter table livraison 
       add column annule_reason varchar(255)
2025-12-31 00:19:51 - org.hibernate.SQL - 
    alter table paiement_client 
       add column annule bit
2025-12-31 00:19:51 - org.hibernate.SQL - 
    alter table paiement_client 
       add column annule_at datetime(6)
2025-12-31 00:19:51 - org.hibernate.SQL - 
    alter table paiement_client 
       add column annule_par bigint
2025-12-31 00:19:51 - org.hibernate.SQL - 
    alter table paiement_client 
       add column annule_reason varchar(255)
2025-12-31 00:19:51 - o.s.o.j.LocalContainerEntityManagerFactoryBean - Initialized JPA EntityManagerFactory for persistence unit 'default'
2025-12-31 00:19:51 - o.s.o.j.SharedEntityManagerCreator$SharedEntityManagerInvocationHandler - Creating new EntityManager for shared EntityManager invocation
2025-12-31 00:19:51 - o.s.o.j.SharedEntityManagerCreator$SharedEntityManagerInvocationHandler - Creating new EntityManager for shared EntityManager invocation
2025-12-31 00:19:52 - o.s.o.j.SharedEntityManagerCreator$SharedEntityManagerInvocationHandler - Creating new EntityManager for shared EntityManager invocation
2025-12-31 00:19:52 - o.s.o.j.SharedEntityManagerCreator$SharedEntityManagerInvocationHandler - Creating new EntityManager for shared EntityManager invocation
2025-12-31 00:19:52 - o.s.o.j.SharedEntityManagerCreator$SharedEntityManagerInvocationHandler - Creating new EntityManager for shared EntityManager invocation
2025-12-31 00:19:52 - o.s.o.j.SharedEntityManagerCreator$SharedEntityManagerInvocationHandler - Creating new EntityManager for shared EntityManager invocation
2025-12-31 00:19:52 - o.s.o.j.SharedEntityManagerCreator$SharedEntityManagerInvocationHandler - Creating new EntityManager for shared EntityManager invocation
2025-12-31 00:19:52 - o.s.d.j.r.query.QueryEnhancerFactory - Hibernate is in classpath; If applicable, HQL parser will be used.
2025-12-31 00:19:52 - org.hibernate.orm.deprecation - HHH90000021: Encountered deprecated setting [javax.persistence.query.timeout], use [jakarta.persistence.query.timeout] instead
2025-12-31 00:19:52 - c.s.api.security.AuthTokenFilter - Filter 'authTokenFilter' configured for use
2025-12-31 00:19:52 - c.s.api.security.AuthTokenFilter - Filter 'authenticationJwtTokenFilter' configured for use
2025-12-31 00:19:52 - o.s.o.j.SharedEntityManagerCreator$SharedEntityManagerInvocationHandler - Creating new EntityManager for shared EntityManager invocation
2025-12-31 00:19:52 - o.s.o.j.SharedEntityManagerCreator$SharedEntityManagerInvocationHandler - Creating new EntityManager for shared EntityManager invocation
2025-12-31 00:19:52 - o.s.o.j.SharedEntityManagerCreator$SharedEntityManagerInvocationHandler - Creating new EntityManager for shared EntityManager invocation
2025-12-31 00:19:52 - o.s.o.j.SharedEntityManagerCreator$SharedEntityManagerInvocationHandler - Creating new EntityManager for shared EntityManager invocation
2025-12-31 00:19:52 - o.s.o.j.SharedEntityManagerCreator$SharedEntityManagerInvocationHandler - Creating new EntityManager for shared EntityManager invocation
2025-12-31 00:19:52 - o.s.o.j.SharedEntityManagerCreator$SharedEntityManagerInvocationHandler - Creating new EntityManager for shared EntityManager invocation
2025-12-31 00:19:52 - o.s.o.j.SharedEntityManagerCreator$SharedEntityManagerInvocationHandler - Creating new EntityManager for shared EntityManager invocation
2025-12-31 00:19:52 - o.s.o.j.SharedEntityManagerCreator$SharedEntityManagerInvocationHandler - Creating new EntityManager for shared EntityManager invocation
2025-12-31 00:19:52 - o.s.o.j.SharedEntityManagerCreator$SharedEntityManagerInvocationHandler - Creating new EntityManager for shared EntityManager invocation
2025-12-31 00:19:52 - o.s.o.j.SharedEntityManagerCreator$SharedEntityManagerInvocationHandler - Creating new EntityManager for shared EntityManager invocation
2025-12-31 00:19:52 - o.s.o.j.SharedEntityManagerCreator$SharedEntityManagerInvocationHandler - Creating new EntityManager for shared EntityManager invocation
2025-12-31 00:19:53 - o.s.o.j.SharedEntityManagerCreator$SharedEntityManagerInvocationHandler - Creating new EntityManager for shared EntityManager invocation
2025-12-31 00:19:53 - o.s.o.j.SharedEntityManagerCreator$SharedEntityManagerInvocationHandler - Creating new EntityManager for shared EntityManager invocation
2025-12-31 00:19:53 - o.s.o.j.SharedEntityManagerCreator$SharedEntityManagerInvocationHandler - Creating new EntityManager for shared EntityManager invocation
2025-12-31 00:19:53 - org.hibernate.orm.deprecation - HHH90000021: Encountered deprecated setting [javax.persistence.query.timeout], use [jakarta.persistence.query.timeout] instead
2025-12-31 00:19:53 - o.s.o.j.SharedEntityManagerCreator$SharedEntityManagerInvocationHandler - Creating new EntityManager for shared EntityManager invocation
2025-12-31 00:19:53 - o.s.o.j.SharedEntityManagerCreator$SharedEntityManagerInvocationHandler - Creating new EntityManager for shared EntityManager invocation
2025-12-31 00:19:53 - o.s.o.j.SharedEntityManagerCreator$SharedEntityManagerInvocationHandler - Creating new EntityManager for shared EntityManager invocation
2025-12-31 00:19:53 - o.s.o.j.SharedEntityManagerCreator$SharedEntityManagerInvocationHandler - Creating new EntityManager for shared EntityManager invocation
2025-12-31 00:19:53 - org.hibernate.orm.deprecation - HHH90000021: Encountered deprecated setting [javax.persistence.query.timeout], use [jakarta.persistence.query.timeout] instead
2025-12-31 00:19:53 - o.s.o.j.SharedEntityManagerCreator$SharedEntityManagerInvocationHandler - Creating new EntityManager for shared EntityManager invocation
2025-12-31 00:19:53 - o.s.o.j.SharedEntityManagerCreator$SharedEntityManagerInvocationHandler - Creating new EntityManager for shared EntityManager invocation
2025-12-31 00:19:53 - o.s.o.j.SharedEntityManagerCreator$SharedEntityManagerInvocationHandler - Creating new EntityManager for shared EntityManager invocation
2025-12-31 00:19:53 - o.s.o.j.SharedEntityManagerCreator$SharedEntityManagerInvocationHandler - Creating new EntityManager for shared EntityManager invocation
2025-12-31 00:19:53 - o.s.o.j.SharedEntityManagerCreator$SharedEntityManagerInvocationHandler - Creating new EntityManager for shared EntityManager invocation
2025-12-31 00:19:53 - o.s.o.j.SharedEntityManagerCreator$SharedEntityManagerInvocationHandler - Creating new EntityManager for shared EntityManager invocation
2025-12-31 00:19:53 - o.s.o.j.SharedEntityManagerCreator$SharedEntityManagerInvocationHandler - Creating new EntityManager for shared EntityManager invocation
2025-12-31 00:19:53 - o.s.s.c.a.a.c.InitializeAuthenticationProviderBeanManagerConfigurer$InitializeAuthenticationProviderManagerConfigurer - Global AuthenticationManager configured with AuthenticationProvider bean with name authenticationProvider
2025-12-31 00:19:53 - o.s.s.c.a.a.c.InitializeUserDetailsBeanManagerConfigurer$InitializeUserDetailsManagerConfigurer - Global AuthenticationManager configured with an AuthenticationProvider bean. UserDetailsService beans will not be used by Spring Security for automatically configuring username/password login. Consider removing the AuthenticationProvider bean. Alternatively, consider using the UserDetailsService in a manually instantiated DaoAuthenticationProvider. If the current configuration is intentional, to turn off this warning, increase the logging level of 'org.springframework.security.config.annotation.authentication.configuration.InitializeUserDetailsBeanManagerConfigurer' to ERROR
2025-12-31 00:19:53 - o.s.o.j.SharedEntityManagerCreator$SharedEntityManagerInvocationHandler - Creating new EntityManager for shared EntityManager invocation
2025-12-31 00:19:53 - o.s.o.j.SharedEntityManagerCreator$SharedEntityManagerInvocationHandler - Creating new EntityManager for shared EntityManager invocation
2025-12-31 00:19:53 - o.s.o.j.SharedEntityManagerCreator$SharedEntityManagerInvocationHandler - Creating new EntityManager for shared EntityManager invocation
2025-12-31 00:19:53 - org.hibernate.orm.deprecation - HHH90000021: Encountered deprecated setting [javax.persistence.query.timeout], use [jakarta.persistence.query.timeout] instead
2025-12-31 00:19:53 - o.s.o.j.SharedEntityManagerCreator$SharedEntityManagerInvocationHandler - Creating new EntityManager for shared EntityManager invocation
2025-12-31 00:19:53 - o.s.o.j.SharedEntityManagerCreator$SharedEntityManagerInvocationHandler - Creating new EntityManager for shared EntityManager invocation
2025-12-31 00:19:53 - o.s.o.j.SharedEntityManagerCreator$SharedEntityManagerInvocationHandler - Creating new EntityManager for shared EntityManager invocation
2025-12-31 00:19:53 - o.s.o.j.SharedEntityManagerCreator$SharedEntityManagerInvocationHandler - Creating new EntityManager for shared EntityManager invocation
2025-12-31 00:19:53 - o.s.o.j.SharedEntityManagerCreator$SharedEntityManagerInvocationHandler - Creating new EntityManager for shared EntityManager invocation
2025-12-31 00:19:53 - o.s.o.j.SharedEntityManagerCreator$SharedEntityManagerInvocationHandler - Creating new EntityManager for shared EntityManager invocation
2025-12-31 00:19:53 - o.s.o.j.SharedEntityManagerCreator$SharedEntityManagerInvocationHandler - Creating new EntityManager for shared EntityManager invocation
2025-12-31 00:19:53 - o.s.o.j.SharedEntityManagerCreator$SharedEntityManagerInvocationHandler - Creating new EntityManager for shared EntityManager invocation
2025-12-31 00:19:53 - o.s.o.j.SharedEntityManagerCreator$SharedEntityManagerInvocationHandler - Creating new EntityManager for shared EntityManager invocation
2025-12-31 00:19:54 - org.hibernate.orm.deprecation - HHH90000021: Encountered deprecated setting [javax.persistence.query.timeout], use [jakarta.persistence.query.timeout] instead
2025-12-31 00:19:54 - o.s.o.j.SharedEntityManagerCreator$SharedEntityManagerInvocationHandler - Creating new EntityManager for shared EntityManager invocation
2025-12-31 00:19:54 - org.hibernate.orm.deprecation - HHH90000021: Encountered deprecated setting [javax.persistence.query.timeout], use [jakarta.persistence.query.timeout] instead
2025-12-31 00:19:54 - o.s.o.j.SharedEntityManagerCreator$SharedEntityManagerInvocationHandler - Creating new EntityManager for shared EntityManager invocation
2025-12-31 00:19:54 - o.s.o.j.SharedEntityManagerCreator$SharedEntityManagerInvocationHandler - Creating new EntityManager for shared EntityManager invocation
2025-12-31 00:19:54 - org.hibernate.orm.deprecation - HHH90000021: Encountered deprecated setting [javax.persistence.query.timeout], use [jakarta.persistence.query.timeout] instead
2025-12-31 00:19:54 - o.s.o.j.SharedEntityManagerCreator$SharedEntityManagerInvocationHandler - Creating new EntityManager for shared EntityManager invocation
2025-12-31 00:19:54 - o.s.o.j.SharedEntityManagerCreator$SharedEntityManagerInvocationHandler - Creating new EntityManager for shared EntityManager invocation
2025-12-31 00:19:54 - o.s.o.j.SharedEntityManagerCreator$SharedEntityManagerInvocationHandler - Creating new EntityManager for shared EntityManager invocation
2025-12-31 00:19:54 - o.s.o.j.SharedEntityManagerCreator$SharedEntityManagerInvocationHandler - Creating new EntityManager for shared EntityManager invocation
2025-12-31 00:19:54 - o.s.o.j.SharedEntityManagerCreator$SharedEntityManagerInvocationHandler - Creating new EntityManager for shared EntityManager invocation
2025-12-31 00:19:54 - o.s.o.j.SharedEntityManagerCreator$SharedEntityManagerInvocationHandler - Creating new EntityManager for shared EntityManager invocation
2025-12-31 00:19:54 - o.s.o.j.SharedEntityManagerCreator$SharedEntityManagerInvocationHandler - Creating new EntityManager for shared EntityManager invocation
2025-12-31 00:19:54 - org.hibernate.orm.deprecation - HHH90000021: Encountered deprecated setting [javax.persistence.query.timeout], use [jakarta.persistence.query.timeout] instead
2025-12-31 00:19:54 - o.s.o.j.SharedEntityManagerCreator$SharedEntityManagerInvocationHandler - Creating new EntityManager for shared EntityManager invocation
2025-12-31 00:19:54 - o.s.o.j.SharedEntityManagerCreator$SharedEntityManagerInvocationHandler - Creating new EntityManager for shared EntityManager invocation
2025-12-31 00:19:54 - o.s.o.j.SharedEntityManagerCreator$SharedEntityManagerInvocationHandler - Creating new EntityManager for shared EntityManager invocation
2025-12-31 00:19:54 - o.s.o.j.SharedEntityManagerCreator$SharedEntityManagerInvocationHandler - Creating new EntityManager for shared EntityManager invocation
2025-12-31 00:19:54 - o.s.o.j.SharedEntityManagerCreator$SharedEntityManagerInvocationHandler - Creating new EntityManager for shared EntityManager invocation
2025-12-31 00:19:54 - o.s.o.j.SharedEntityManagerCreator$SharedEntityManagerInvocationHandler - Creating new EntityManager for shared EntityManager invocation
2025-12-31 00:19:54 - org.hibernate.orm.deprecation - HHH90000021: Encountered deprecated setting [javax.persistence.query.timeout], use [jakarta.persistence.query.timeout] instead
2025-12-31 00:19:54 - o.s.o.j.SharedEntityManagerCreator$SharedEntityManagerInvocationHandler - Creating new EntityManager for shared EntityManager invocation
2025-12-31 00:19:54 - org.hibernate.orm.deprecation - HHH90000021: Encountered deprecated setting [javax.persistence.query.timeout], use [jakarta.persistence.query.timeout] instead
2025-12-31 00:19:54 - o.s.o.j.SharedEntityManagerCreator$SharedEntityManagerInvocationHandler - Creating new EntityManager for shared EntityManager invocation
2025-12-31 00:19:54 - o.s.o.j.SharedEntityManagerCreator$SharedEntityManagerInvocationHandler - Creating new EntityManager for shared EntityManager invocation
2025-12-31 00:19:54 - o.s.o.j.SharedEntityManagerCreator$SharedEntityManagerInvocationHandler - Creating new EntityManager for shared EntityManager invocation
2025-12-31 00:19:54 - org.hibernate.orm.deprecation - HHH90000021: Encountered deprecated setting [javax.persistence.query.timeout], use [jakarta.persistence.query.timeout] instead
2025-12-31 00:19:54 - o.s.o.j.SharedEntityManagerCreator$SharedEntityManagerInvocationHandler - Creating new EntityManager for shared EntityManager invocation
2025-12-31 00:19:54 - o.s.o.j.SharedEntityManagerCreator$SharedEntityManagerInvocationHandler - Creating new EntityManager for shared EntityManager invocation
2025-12-31 00:19:54 - o.s.o.j.SharedEntityManagerCreator$SharedEntityManagerInvocationHandler - Creating new EntityManager for shared EntityManager invocation
2025-12-31 00:19:54 - org.hibernate.orm.deprecation - HHH90000021: Encountered deprecated setting [javax.persistence.query.timeout], use [jakarta.persistence.query.timeout] instead
2025-12-31 00:19:54 - o.s.o.j.SharedEntityManagerCreator$SharedEntityManagerInvocationHandler - Creating new EntityManager for shared EntityManager invocation
2025-12-31 00:19:54 - o.s.o.j.SharedEntityManagerCreator$SharedEntityManagerInvocationHandler - Creating new EntityManager for shared EntityManager invocation
2025-12-31 00:19:54 - o.s.o.j.SharedEntityManagerCreator$SharedEntityManagerInvocationHandler - Creating new EntityManager for shared EntityManager invocation
2025-12-31 00:19:54 - org.hibernate.orm.deprecation - HHH90000021: Encountered deprecated setting [javax.persistence.query.timeout], use [jakarta.persistence.query.timeout] instead
2025-12-31 00:19:54 - o.s.o.j.SharedEntityManagerCreator$SharedEntityManagerInvocationHandler - Creating new EntityManager for shared EntityManager invocation
2025-12-31 00:19:54 - o.s.o.j.SharedEntityManagerCreator$SharedEntityManagerInvocationHandler - Creating new EntityManager for shared EntityManager invocation
2025-12-31 00:19:54 - o.s.o.j.SharedEntityManagerCreator$SharedEntityManagerInvocationHandler - Creating new EntityManager for shared EntityManager invocation
2025-12-31 00:19:54 - o.s.o.j.SharedEntityManagerCreator$SharedEntityManagerInvocationHandler - Creating new EntityManager for shared EntityManager invocation
2025-12-31 00:19:54 - o.s.o.j.SharedEntityManagerCreator$SharedEntityManagerInvocationHandler - Creating new EntityManager for shared EntityManager invocation
2025-12-31 00:19:54 - o.s.o.j.SharedEntityManagerCreator$SharedEntityManagerInvocationHandler - Creating new EntityManager for shared EntityManager invocation
2025-12-31 00:19:54 - o.s.o.j.SharedEntityManagerCreator$SharedEntityManagerInvocationHandler - Creating new EntityManager for shared EntityManager invocation
2025-12-31 00:19:54 - o.s.o.j.SharedEntityManagerCreator$SharedEntityManagerInvocationHandler - Creating new EntityManager for shared EntityManager invocation
2025-12-31 00:19:54 - o.s.o.j.SharedEntityManagerCreator$SharedEntityManagerInvocationHandler - Creating new EntityManager for shared EntityManager invocation
2025-12-31 00:19:54 - o.s.o.j.SharedEntityManagerCreator$SharedEntityManagerInvocationHandler - Creating new EntityManager for shared EntityManager invocation
2025-12-31 00:19:54 - o.s.o.j.SharedEntityManagerCreator$SharedEntityManagerInvocationHandler - Creating new EntityManager for shared EntityManager invocation
2025-12-31 00:19:54 - o.s.o.j.SharedEntityManagerCreator$SharedEntityManagerInvocationHandler - Creating new EntityManager for shared EntityManager invocation
2025-12-31 00:19:54 - o.s.o.j.SharedEntityManagerCreator$SharedEntityManagerInvocationHandler - Creating new EntityManager for shared EntityManager invocation
2025-12-31 00:19:54 - o.s.o.j.SharedEntityManagerCreator$SharedEntityManagerInvocationHandler - Creating new EntityManager for shared EntityManager invocation
2025-12-31 00:19:54 - o.s.o.j.SharedEntityManagerCreator$SharedEntityManagerInvocationHandler - Creating new EntityManager for shared EntityManager invocation
2025-12-31 00:19:54 - o.s.o.j.SharedEntityManagerCreator$SharedEntityManagerInvocationHandler - Creating new EntityManager for shared EntityManager invocation
2025-12-31 00:19:54 - o.s.o.j.SharedEntityManagerCreator$SharedEntityManagerInvocationHandler - Creating new EntityManager for shared EntityManager invocation
2025-12-31 00:19:54 - o.s.o.j.SharedEntityManagerCreator$SharedEntityManagerInvocationHandler - Creating new EntityManager for shared EntityManager invocation
2025-12-31 00:19:54 - o.s.o.j.SharedEntityManagerCreator$SharedEntityManagerInvocationHandler - Creating new EntityManager for shared EntityManager invocation
2025-12-31 00:19:55 - o.s.o.j.SharedEntityManagerCreator$SharedEntityManagerInvocationHandler - Creating new EntityManager for shared EntityManager invocation
2025-12-31 00:19:55 - o.s.o.j.SharedEntityManagerCreator$SharedEntityManagerInvocationHandler - Creating new EntityManager for shared EntityManager invocation
2025-12-31 00:19:55 - o.s.o.j.SharedEntityManagerCreator$SharedEntityManagerInvocationHandler - Creating new EntityManager for shared EntityManager invocation
2025-12-31 00:19:55 - o.s.o.j.SharedEntityManagerCreator$SharedEntityManagerInvocationHandler - Creating new EntityManager for shared EntityManager invocation
2025-12-31 00:19:55 - o.s.b.a.o.j.JpaBaseConfiguration$JpaWebConfiguration - spring.jpa.open-in-view is enabled by default. Therefore, database queries may be performed during view rendering. Explicitly configure spring.jpa.open-in-view to disable this warning
2025-12-31 00:19:55 - o.s.s.web.DefaultSecurityFilterChain - Will secure any request with filters: DisableEncodeUrlFilter, WebAsyncManagerIntegrationFilter, SecurityContextHolderFilter, HeaderWriterFilter, CorsFilter, LogoutFilter, AuthTokenFilter, RequestCacheAwareFilter, SecurityContextHolderAwareRequestFilter, AnonymousAuthenticationFilter, SessionManagementFilter, ExceptionTranslationFilter, AuthorizationFilter
2025-12-31 00:19:56 - o.s.b.w.s.c.AnnotationConfigServletWebServerApplicationContext - Exception encountered during context initialization - cancelling refresh attempt: org.springframework.context.ApplicationContextException: Failed to start bean 'webServerStartStop'
2025-12-31 00:19:56 - o.s.o.j.LocalContainerEntityManagerFactoryBean - Closing JPA EntityManagerFactory for persistence unit 'default'
2025-12-31 00:19:56 - com.zaxxer.hikari.HikariDataSource - HikariPool-1 - Shutdown initiated...
2025-12-31 00:19:56 - com.zaxxer.hikari.HikariDataSource - HikariPool-1 - Shutdown completed.
2025-12-31 00:19:56 - o.s.b.a.l.ConditionEvaluationReportLogger - 

Error starting ApplicationContext. To display the condition evaluation report re-run your application with 'debug' enabled.
2025-12-31 00:19:56 - o.s.boot.SpringApplication - Application run failed
org.springframework.context.ApplicationContextException: Failed to start bean 'webServerStartStop'
	at org.springframework.context.support.DefaultLifecycleProcessor.doStart(DefaultLifecycleProcessor.java:408)
	at org.springframework.context.support.DefaultLifecycleProcessor.doStart(DefaultLifecycleProcessor.java:394)
	at org.springframework.context.support.DefaultLifecycleProcessor$LifecycleGroup.start(DefaultLifecycleProcessor.java:586)
	at java.base/java.lang.Iterable.forEach(Iterable.java:75)
	at org.springframework.context.support.DefaultLifecycleProcessor.startBeans(DefaultLifecycleProcessor.java:364)
	at org.springframework.context.support.DefaultLifecycleProcessor.onRefresh(DefaultLifecycleProcessor.java:310)
	at org.springframework.context.support.AbstractApplicationContext.finishRefresh(AbstractApplicationContext.java:1006)
	at org.springframework.context.support.AbstractApplicationContext.refresh(AbstractApplicationContext.java:630)
	at org.springframework.boot.web.servlet.context.ServletWebServerApplicationContext.refresh(ServletWebServerApplicationContext.java:146)
	at org.springframework.boot.SpringApplication.refresh(SpringApplication.java:753)
	at org.springframework.boot.SpringApplication.refreshContext(SpringApplication.java:439)
	at org.springframework.boot.SpringApplication.run(SpringApplication.java:318)
	at org.springframework.boot.SpringApplication.run(SpringApplication.java:1362)
	at org.springframework.boot.SpringApplication.run(SpringApplication.java:1351)
	at com.smboutique.api.ApiApplication.main(ApiApplication.java:11)
Caused by: org.springframework.boot.web.server.WebServerException: Unable to start embedded Tomcat server
	at org.springframework.boot.web.embedded.tomcat.TomcatWebServer.start(TomcatWebServer.java:251)
	at org.springframework.boot.web.servlet.context.WebServerStartStopLifecycle.start(WebServerStartStopLifecycle.java:44)
	at org.springframework.context.support.DefaultLifecycleProcessor.doStart(DefaultLifecycleProcessor.java:405)
	... 14 common frames omitted
Caused by: java.lang.IllegalArgumentException: standardService.connector.startFailed
	at org.apache.catalina.core.StandardService.addConnector(StandardService.java:222)
	at org.springframework.boot.web.embedded.tomcat.TomcatWebServer.addPreviouslyRemovedConnectors(TomcatWebServer.java:310)
	at org.springframework.boot.web.embedded.tomcat.TomcatWebServer.start(TomcatWebServer.java:236)
	... 16 common frames omitted
Caused by: org.apache.catalina.LifecycleException: Protocol handler start failed
	at org.apache.catalina.connector.Connector.startInternal(Connector.java:1082)
	at org.apache.catalina.util.LifecycleBase.start(LifecycleBase.java:164)
	at org.apache.catalina.core.StandardService.addConnector(StandardService.java:219)
	... 18 common frames omitted
Caused by: java.net.BindException: Adresse déjà utilisée
	at java.base/sun.nio.ch.Net.bind0(Native Method)
	at java.base/sun.nio.ch.Net.bind(Net.java:565)
	at java.base/sun.nio.ch.ServerSocketChannelImpl.netBind(ServerSocketChannelImpl.java:344)
	at java.base/sun.nio.ch.ServerSocketChannelImpl.bind(ServerSocketChannelImpl.java:301)
	at org.apache.tomcat.util.net.NioEndpoint.initServerSocket(NioEndpoint.java:240)
	at org.apache.tomcat.util.net.NioEndpoint.bind(NioEndpoint.java:195)
	at org.apache.tomcat.util.net.AbstractEndpoint.bindWithCleanup(AbstractEndpoint.java:1304)
	at org.apache.tomcat.util.net.AbstractEndpoint.start(AbstractEndpoint.java:1390)
	at org.apache.coyote.AbstractProtocol.start(AbstractProtocol.java:644)
	at org.apache.catalina.connector.Connector.startInternal(Connector.java:1079)
	... 20 common frames omitted
2025-12-31 00:20:48 - com.smboutique.api.ApiApplication - Starting ApiApplication using Java 21.0.9 with PID 82496 (/home/maitre/SMBOUTIQUE_V2/backend/target/classes started by maitre in /home/maitre/SMBOUTIQUE_V2/backend)
2025-12-31 00:20:48 - com.smboutique.api.ApiApplication - Running with Spring Boot v3.5.0, Spring v6.2.7
2025-12-31 00:20:48 - com.smboutique.api.ApiApplication - No active profile set, falling back to 1 default profile: "default"
2025-12-31 00:20:49 - o.s.b.f.s.DefaultListableBeanFactory - Overriding bean definition for bean 'passwordEncoder' with a different definition: replacing [Root bean: class=null; scope=; abstract=false; lazyInit=null; autowireMode=3; dependencyCheck=0; autowireCandidate=true; primary=false; fallback=false; factoryBeanName=webSecurityConfig; factoryMethodName=passwordEncoder; initMethodNames=null; destroyMethodNames=[(inferred)]; defined in class path resource [com/smboutique/api/security/WebSecurityConfig.class]] with [Root bean: class=null; scope=; abstract=false; lazyInit=null; autowireMode=3; dependencyCheck=0; autowireCandidate=true; primary=false; fallback=false; factoryBeanName=apiApplication; factoryMethodName=passwordEncoder; initMethodNames=null; destroyMethodNames=[(inferred)]; defined in com.smboutique.api.ApiApplication]
2025-12-31 00:20:49 - o.s.d.r.c.RepositoryConfigurationDelegate - Bootstrapping Spring Data JPA repositories in DEFAULT mode.
2025-12-31 00:20:50 - o.s.d.r.c.RepositoryConfigurationDelegate - Finished Spring Data repository scanning in 177 ms. Found 29 JPA repository interfaces.
2025-12-31 00:20:50 - o.s.b.w.e.tomcat.TomcatWebServer - Tomcat initialized with port 8085 (http)
2025-12-31 00:20:50 - o.a.catalina.core.StandardService - Starting service [Tomcat]
2025-12-31 00:20:50 - o.a.catalina.core.StandardEngine - Starting Servlet engine: [Apache Tomcat/10.1.41]
2025-12-31 00:20:51 - o.a.c.c.C.[Tomcat].[localhost].[/] - Initializing Spring embedded WebApplicationContext
2025-12-31 00:20:51 - o.s.b.w.s.c.ServletWebServerApplicationContext - Root WebApplicationContext: initialization completed in 2118 ms
2025-12-31 00:20:51 - o.s.o.j.LocalContainerEntityManagerFactoryBean - Building JPA container EntityManagerFactory for persistence unit 'default'
2025-12-31 00:20:51 - o.h.jpa.internal.util.LogHelper - HHH000204: Processing PersistenceUnitInfo [name: default]
2025-12-31 00:20:51 - org.hibernate.Version - HHH000412: Hibernate ORM core version 6.6.15.Final
2025-12-31 00:20:51 - o.h.c.i.RegionFactoryInitiator - HHH000026: Second-level cache disabled
2025-12-31 00:20:51 - o.s.o.j.p.SpringPersistenceUnitInfo - No LoadTimeWeaver setup: ignoring JPA class transformer
2025-12-31 00:20:51 - com.zaxxer.hikari.HikariDataSource - HikariPool-1 - Starting...
2025-12-31 00:20:51 - com.zaxxer.hikari.pool.HikariPool - HikariPool-1 - Added connection com.mysql.cj.jdbc.ConnectionImpl@55c46ec1
2025-12-31 00:20:51 - com.zaxxer.hikari.HikariDataSource - HikariPool-1 - Start completed.
2025-12-31 00:20:51 - org.hibernate.orm.deprecation - HHH90000025: MySQL8Dialect does not need to be specified explicitly using 'hibernate.dialect' (remove the property setting and it will be selected by default)
2025-12-31 00:20:51 - org.hibernate.orm.deprecation - HHH90000026: MySQL8Dialect has been deprecated; use org.hibernate.dialect.MySQLDialect instead
2025-12-31 00:20:51 - o.hibernate.orm.connections.pooling - HHH10001005: Database info:
	Database JDBC URL [Connecting through datasource 'HikariDataSource (HikariPool-1)']
	Database driver: undefined/unknown
	Database version: 8.0
	Autocommit mode: undefined/unknown
	Isolation level: undefined/unknown
	Minimum pool size: undefined/unknown
	Maximum pool size: undefined/unknown
2025-12-31 00:20:53 - o.h.e.t.j.p.i.JtaPlatformInitiator - HHH000489: No JTA platform available (set 'hibernate.transaction.jta.platform' to enable JTA platform integration)
2025-12-31 00:20:54 - o.s.o.j.LocalContainerEntityManagerFactoryBean - Initialized JPA EntityManagerFactory for persistence unit 'default'
2025-12-31 00:20:54 - o.s.o.j.SharedEntityManagerCreator$SharedEntityManagerInvocationHandler - Creating new EntityManager for shared EntityManager invocation
2025-12-31 00:20:54 - o.s.o.j.SharedEntityManagerCreator$SharedEntityManagerInvocationHandler - Creating new EntityManager for shared EntityManager invocation
2025-12-31 00:20:54 - o.s.o.j.SharedEntityManagerCreator$SharedEntityManagerInvocationHandler - Creating new EntityManager for shared EntityManager invocation
2025-12-31 00:20:54 - o.s.o.j.SharedEntityManagerCreator$SharedEntityManagerInvocationHandler - Creating new EntityManager for shared EntityManager invocation
2025-12-31 00:20:54 - o.s.o.j.SharedEntityManagerCreator$SharedEntityManagerInvocationHandler - Creating new EntityManager for shared EntityManager invocation
2025-12-31 00:20:54 - o.s.o.j.SharedEntityManagerCreator$SharedEntityManagerInvocationHandler - Creating new EntityManager for shared EntityManager invocation
2025-12-31 00:20:54 - o.s.o.j.SharedEntityManagerCreator$SharedEntityManagerInvocationHandler - Creating new EntityManager for shared EntityManager invocation
2025-12-31 00:20:54 - o.s.d.j.r.query.QueryEnhancerFactory - Hibernate is in classpath; If applicable, HQL parser will be used.
2025-12-31 00:20:54 - org.hibernate.orm.deprecation - HHH90000021: Encountered deprecated setting [javax.persistence.query.timeout], use [jakarta.persistence.query.timeout] instead
2025-12-31 00:20:55 - c.s.api.security.AuthTokenFilter - Filter 'authTokenFilter' configured for use
2025-12-31 00:20:55 - c.s.api.security.AuthTokenFilter - Filter 'authenticationJwtTokenFilter' configured for use
2025-12-31 00:20:55 - o.s.o.j.SharedEntityManagerCreator$SharedEntityManagerInvocationHandler - Creating new EntityManager for shared EntityManager invocation
2025-12-31 00:20:55 - o.s.o.j.SharedEntityManagerCreator$SharedEntityManagerInvocationHandler - Creating new EntityManager for shared EntityManager invocation
2025-12-31 00:20:55 - o.s.o.j.SharedEntityManagerCreator$SharedEntityManagerInvocationHandler - Creating new EntityManager for shared EntityManager invocation
2025-12-31 00:20:55 - o.s.o.j.SharedEntityManagerCreator$SharedEntityManagerInvocationHandler - Creating new EntityManager for shared EntityManager invocation
2025-12-31 00:20:55 - o.s.o.j.SharedEntityManagerCreator$SharedEntityManagerInvocationHandler - Creating new EntityManager for shared EntityManager invocation
2025-12-31 00:20:55 - o.s.o.j.SharedEntityManagerCreator$SharedEntityManagerInvocationHandler - Creating new EntityManager for shared EntityManager invocation
2025-12-31 00:20:55 - o.s.o.j.SharedEntityManagerCreator$SharedEntityManagerInvocationHandler - Creating new EntityManager for shared EntityManager invocation
2025-12-31 00:20:55 - o.s.o.j.SharedEntityManagerCreator$SharedEntityManagerInvocationHandler - Creating new EntityManager for shared EntityManager invocation
2025-12-31 00:20:55 - o.s.o.j.SharedEntityManagerCreator$SharedEntityManagerInvocationHandler - Creating new EntityManager for shared EntityManager invocation
2025-12-31 00:20:55 - o.s.o.j.SharedEntityManagerCreator$SharedEntityManagerInvocationHandler - Creating new EntityManager for shared EntityManager invocation
2025-12-31 00:20:55 - o.s.o.j.SharedEntityManagerCreator$SharedEntityManagerInvocationHandler - Creating new EntityManager for shared EntityManager invocation
2025-12-31 00:20:55 - o.s.o.j.SharedEntityManagerCreator$SharedEntityManagerInvocationHandler - Creating new EntityManager for shared EntityManager invocation
2025-12-31 00:20:55 - o.s.o.j.SharedEntityManagerCreator$SharedEntityManagerInvocationHandler - Creating new EntityManager for shared EntityManager invocation
2025-12-31 00:20:55 - o.s.o.j.SharedEntityManagerCreator$SharedEntityManagerInvocationHandler - Creating new EntityManager for shared EntityManager invocation
2025-12-31 00:20:55 - org.hibernate.orm.deprecation - HHH90000021: Encountered deprecated setting [javax.persistence.query.timeout], use [jakarta.persistence.query.timeout] instead
2025-12-31 00:20:55 - o.s.o.j.SharedEntityManagerCreator$SharedEntityManagerInvocationHandler - Creating new EntityManager for shared EntityManager invocation
2025-12-31 00:20:55 - o.s.o.j.SharedEntityManagerCreator$SharedEntityManagerInvocationHandler - Creating new EntityManager for shared EntityManager invocation
2025-12-31 00:20:55 - o.s.o.j.SharedEntityManagerCreator$SharedEntityManagerInvocationHandler - Creating new EntityManager for shared EntityManager invocation
2025-12-31 00:20:55 - o.s.o.j.SharedEntityManagerCreator$SharedEntityManagerInvocationHandler - Creating new EntityManager for shared EntityManager invocation
2025-12-31 00:20:55 - org.hibernate.orm.deprecation - HHH90000021: Encountered deprecated setting [javax.persistence.query.timeout], use [jakarta.persistence.query.timeout] instead
2025-12-31 00:20:55 - o.s.o.j.SharedEntityManagerCreator$SharedEntityManagerInvocationHandler - Creating new EntityManager for shared EntityManager invocation
2025-12-31 00:20:55 - o.s.o.j.SharedEntityManagerCreator$SharedEntityManagerInvocationHandler - Creating new EntityManager for shared EntityManager invocation
2025-12-31 00:20:55 - o.s.o.j.SharedEntityManagerCreator$SharedEntityManagerInvocationHandler - Creating new EntityManager for shared EntityManager invocation
2025-12-31 00:20:55 - o.s.o.j.SharedEntityManagerCreator$SharedEntityManagerInvocationHandler - Creating new EntityManager for shared EntityManager invocation
2025-12-31 00:20:55 - o.s.o.j.SharedEntityManagerCreator$SharedEntityManagerInvocationHandler - Creating new EntityManager for shared EntityManager invocation
2025-12-31 00:20:55 - o.s.o.j.SharedEntityManagerCreator$SharedEntityManagerInvocationHandler - Creating new EntityManager for shared EntityManager invocation
2025-12-31 00:20:55 - o.s.o.j.SharedEntityManagerCreator$SharedEntityManagerInvocationHandler - Creating new EntityManager for shared EntityManager invocation
2025-12-31 00:20:55 - o.s.s.c.a.a.c.InitializeAuthenticationProviderBeanManagerConfigurer$InitializeAuthenticationProviderManagerConfigurer - Global AuthenticationManager configured with AuthenticationProvider bean with name authenticationProvider
2025-12-31 00:20:55 - o.s.s.c.a.a.c.InitializeUserDetailsBeanManagerConfigurer$InitializeUserDetailsManagerConfigurer - Global AuthenticationManager configured with an AuthenticationProvider bean. UserDetailsService beans will not be used by Spring Security for automatically configuring username/password login. Consider removing the AuthenticationProvider bean. Alternatively, consider using the UserDetailsService in a manually instantiated DaoAuthenticationProvider. If the current configuration is intentional, to turn off this warning, increase the logging level of 'org.springframework.security.config.annotation.authentication.configuration.InitializeUserDetailsBeanManagerConfigurer' to ERROR
2025-12-31 00:20:55 - o.s.o.j.SharedEntityManagerCreator$SharedEntityManagerInvocationHandler - Creating new EntityManager for shared EntityManager invocation
2025-12-31 00:20:55 - o.s.o.j.SharedEntityManagerCreator$SharedEntityManagerInvocationHandler - Creating new EntityManager for shared EntityManager invocation
2025-12-31 00:20:55 - o.s.o.j.SharedEntityManagerCreator$SharedEntityManagerInvocationHandler - Creating new EntityManager for shared EntityManager invocation
2025-12-31 00:20:55 - org.hibernate.orm.deprecation - HHH90000021: Encountered deprecated setting [javax.persistence.query.timeout], use [jakarta.persistence.query.timeout] instead
2025-12-31 00:20:55 - o.s.o.j.SharedEntityManagerCreator$SharedEntityManagerInvocationHandler - Creating new EntityManager for shared EntityManager invocation
2025-12-31 00:20:55 - o.s.o.j.SharedEntityManagerCreator$SharedEntityManagerInvocationHandler - Creating new EntityManager for shared EntityManager invocation
2025-12-31 00:20:55 - o.s.o.j.SharedEntityManagerCreator$SharedEntityManagerInvocationHandler - Creating new EntityManager for shared EntityManager invocation
2025-12-31 00:20:55 - o.s.o.j.SharedEntityManagerCreator$SharedEntityManagerInvocationHandler - Creating new EntityManager for shared EntityManager invocation
2025-12-31 00:20:55 - o.s.o.j.SharedEntityManagerCreator$SharedEntityManagerInvocationHandler - Creating new EntityManager for shared EntityManager invocation
2025-12-31 00:20:55 - o.s.o.j.SharedEntityManagerCreator$SharedEntityManagerInvocationHandler - Creating new EntityManager for shared EntityManager invocation
2025-12-31 00:20:55 - o.s.o.j.SharedEntityManagerCreator$SharedEntityManagerInvocationHandler - Creating new EntityManager for shared EntityManager invocation
2025-12-31 00:20:56 - o.s.o.j.SharedEntityManagerCreator$SharedEntityManagerInvocationHandler - Creating new EntityManager for shared EntityManager invocation
2025-12-31 00:20:56 - o.s.o.j.SharedEntityManagerCreator$SharedEntityManagerInvocationHandler - Creating new EntityManager for shared EntityManager invocation
2025-12-31 00:20:56 - org.hibernate.orm.deprecation - HHH90000021: Encountered deprecated setting [javax.persistence.query.timeout], use [jakarta.persistence.query.timeout] instead
2025-12-31 00:20:56 - o.s.o.j.SharedEntityManagerCreator$SharedEntityManagerInvocationHandler - Creating new EntityManager for shared EntityManager invocation
2025-12-31 00:20:56 - org.hibernate.orm.deprecation - HHH90000021: Encountered deprecated setting [javax.persistence.query.timeout], use [jakarta.persistence.query.timeout] instead
2025-12-31 00:20:56 - o.s.o.j.SharedEntityManagerCreator$SharedEntityManagerInvocationHandler - Creating new EntityManager for shared EntityManager invocation
2025-12-31 00:20:56 - o.s.o.j.SharedEntityManagerCreator$SharedEntityManagerInvocationHandler - Creating new EntityManager for shared EntityManager invocation
2025-12-31 00:20:56 - org.hibernate.orm.deprecation - HHH90000021: Encountered deprecated setting [javax.persistence.query.timeout], use [jakarta.persistence.query.timeout] instead
2025-12-31 00:20:56 - o.s.o.j.SharedEntityManagerCreator$SharedEntityManagerInvocationHandler - Creating new EntityManager for shared EntityManager invocation
2025-12-31 00:20:56 - o.s.o.j.SharedEntityManagerCreator$SharedEntityManagerInvocationHandler - Creating new EntityManager for shared EntityManager invocation
2025-12-31 00:20:56 - o.s.o.j.SharedEntityManagerCreator$SharedEntityManagerInvocationHandler - Creating new EntityManager for shared EntityManager invocation
2025-12-31 00:20:56 - o.s.o.j.SharedEntityManagerCreator$SharedEntityManagerInvocationHandler - Creating new EntityManager for shared EntityManager invocation
2025-12-31 00:20:56 - o.s.o.j.SharedEntityManagerCreator$SharedEntityManagerInvocationHandler - Creating new EntityManager for shared EntityManager invocation
2025-12-31 00:20:56 - o.s.o.j.SharedEntityManagerCreator$SharedEntityManagerInvocationHandler - Creating new EntityManager for shared EntityManager invocation
2025-12-31 00:20:56 - o.s.o.j.SharedEntityManagerCreator$SharedEntityManagerInvocationHandler - Creating new EntityManager for shared EntityManager invocation
2025-12-31 00:20:56 - org.hibernate.orm.deprecation - HHH90000021: Encountered deprecated setting [javax.persistence.query.timeout], use [jakarta.persistence.query.timeout] instead
2025-12-31 00:20:56 - o.s.o.j.SharedEntityManagerCreator$SharedEntityManagerInvocationHandler - Creating new EntityManager for shared EntityManager invocation
2025-12-31 00:20:56 - o.s.o.j.SharedEntityManagerCreator$SharedEntityManagerInvocationHandler - Creating new EntityManager for shared EntityManager invocation
2025-12-31 00:20:56 - o.s.o.j.SharedEntityManagerCreator$SharedEntityManagerInvocationHandler - Creating new EntityManager for shared EntityManager invocation
2025-12-31 00:20:56 - o.s.o.j.SharedEntityManagerCreator$SharedEntityManagerInvocationHandler - Creating new EntityManager for shared EntityManager invocation
2025-12-31 00:20:56 - o.s.o.j.SharedEntityManagerCreator$SharedEntityManagerInvocationHandler - Creating new EntityManager for shared EntityManager invocation
2025-12-31 00:20:56 - o.s.o.j.SharedEntityManagerCreator$SharedEntityManagerInvocationHandler - Creating new EntityManager for shared EntityManager invocation
2025-12-31 00:20:56 - org.hibernate.orm.deprecation - HHH90000021: Encountered deprecated setting [javax.persistence.query.timeout], use [jakarta.persistence.query.timeout] instead
2025-12-31 00:20:56 - o.s.o.j.SharedEntityManagerCreator$SharedEntityManagerInvocationHandler - Creating new EntityManager for shared EntityManager invocation
2025-12-31 00:20:56 - org.hibernate.orm.deprecation - HHH90000021: Encountered deprecated setting [javax.persistence.query.timeout], use [jakarta.persistence.query.timeout] instead
2025-12-31 00:20:56 - o.s.o.j.SharedEntityManagerCreator$SharedEntityManagerInvocationHandler - Creating new EntityManager for shared EntityManager invocation
2025-12-31 00:20:56 - o.s.o.j.SharedEntityManagerCreator$SharedEntityManagerInvocationHandler - Creating new EntityManager for shared EntityManager invocation
2025-12-31 00:20:56 - o.s.o.j.SharedEntityManagerCreator$SharedEntityManagerInvocationHandler - Creating new EntityManager for shared EntityManager invocation
2025-12-31 00:20:56 - org.hibernate.orm.deprecation - HHH90000021: Encountered deprecated setting [javax.persistence.query.timeout], use [jakarta.persistence.query.timeout] instead
2025-12-31 00:20:56 - o.s.o.j.SharedEntityManagerCreator$SharedEntityManagerInvocationHandler - Creating new EntityManager for shared EntityManager invocation
2025-12-31 00:20:56 - o.s.o.j.SharedEntityManagerCreator$SharedEntityManagerInvocationHandler - Creating new EntityManager for shared EntityManager invocation
2025-12-31 00:20:56 - o.s.o.j.SharedEntityManagerCreator$SharedEntityManagerInvocationHandler - Creating new EntityManager for shared EntityManager invocation
2025-12-31 00:20:56 - org.hibernate.orm.deprecation - HHH90000021: Encountered deprecated setting [javax.persistence.query.timeout], use [jakarta.persistence.query.timeout] instead
2025-12-31 00:20:56 - o.s.o.j.SharedEntityManagerCreator$SharedEntityManagerInvocationHandler - Creating new EntityManager for shared EntityManager invocation
2025-12-31 00:20:56 - o.s.o.j.SharedEntityManagerCreator$SharedEntityManagerInvocationHandler - Creating new EntityManager for shared EntityManager invocation
2025-12-31 00:20:56 - o.s.o.j.SharedEntityManagerCreator$SharedEntityManagerInvocationHandler - Creating new EntityManager for shared EntityManager invocation
2025-12-31 00:20:56 - org.hibernate.orm.deprecation - HHH90000021: Encountered deprecated setting [javax.persistence.query.timeout], use [jakarta.persistence.query.timeout] instead
2025-12-31 00:20:56 - o.s.o.j.SharedEntityManagerCreator$SharedEntityManagerInvocationHandler - Creating new EntityManager for shared EntityManager invocation
2025-12-31 00:20:56 - o.s.o.j.SharedEntityManagerCreator$SharedEntityManagerInvocationHandler - Creating new EntityManager for shared EntityManager invocation
2025-12-31 00:20:56 - o.s.o.j.SharedEntityManagerCreator$SharedEntityManagerInvocationHandler - Creating new EntityManager for shared EntityManager invocation
2025-12-31 00:20:56 - o.s.o.j.SharedEntityManagerCreator$SharedEntityManagerInvocationHandler - Creating new EntityManager for shared EntityManager invocation
2025-12-31 00:20:56 - o.s.o.j.SharedEntityManagerCreator$SharedEntityManagerInvocationHandler - Creating new EntityManager for shared EntityManager invocation
2025-12-31 00:20:56 - o.s.o.j.SharedEntityManagerCreator$SharedEntityManagerInvocationHandler - Creating new EntityManager for shared EntityManager invocation
2025-12-31 00:20:56 - o.s.o.j.SharedEntityManagerCreator$SharedEntityManagerInvocationHandler - Creating new EntityManager for shared EntityManager invocation
2025-12-31 00:20:56 - o.s.o.j.SharedEntityManagerCreator$SharedEntityManagerInvocationHandler - Creating new EntityManager for shared EntityManager invocation
2025-12-31 00:20:56 - o.s.o.j.SharedEntityManagerCreator$SharedEntityManagerInvocationHandler - Creating new EntityManager for shared EntityManager invocation
2025-12-31 00:20:56 - o.s.o.j.SharedEntityManagerCreator$SharedEntityManagerInvocationHandler - Creating new EntityManager for shared EntityManager invocation
2025-12-31 00:20:56 - o.s.o.j.SharedEntityManagerCreator$SharedEntityManagerInvocationHandler - Creating new EntityManager for shared EntityManager invocation
2025-12-31 00:20:56 - o.s.o.j.SharedEntityManagerCreator$SharedEntityManagerInvocationHandler - Creating new EntityManager for shared EntityManager invocation
2025-12-31 00:20:56 - o.s.o.j.SharedEntityManagerCreator$SharedEntityManagerInvocationHandler - Creating new EntityManager for shared EntityManager invocation
2025-12-31 00:20:56 - o.s.o.j.SharedEntityManagerCreator$SharedEntityManagerInvocationHandler - Creating new EntityManager for shared EntityManager invocation
2025-12-31 00:20:56 - o.s.o.j.SharedEntityManagerCreator$SharedEntityManagerInvocationHandler - Creating new EntityManager for shared EntityManager invocation
2025-12-31 00:20:57 - o.s.o.j.SharedEntityManagerCreator$SharedEntityManagerInvocationHandler - Creating new EntityManager for shared EntityManager invocation
2025-12-31 00:20:57 - o.s.o.j.SharedEntityManagerCreator$SharedEntityManagerInvocationHandler - Creating new EntityManager for shared EntityManager invocation
2025-12-31 00:20:57 - o.s.o.j.SharedEntityManagerCreator$SharedEntityManagerInvocationHandler - Creating new EntityManager for shared EntityManager invocation
2025-12-31 00:20:57 - o.s.o.j.SharedEntityManagerCreator$SharedEntityManagerInvocationHandler - Creating new EntityManager for shared EntityManager invocation
2025-12-31 00:20:57 - o.s.o.j.SharedEntityManagerCreator$SharedEntityManagerInvocationHandler - Creating new EntityManager for shared EntityManager invocation
2025-12-31 00:20:57 - o.s.o.j.SharedEntityManagerCreator$SharedEntityManagerInvocationHandler - Creating new EntityManager for shared EntityManager invocation
2025-12-31 00:20:57 - o.s.o.j.SharedEntityManagerCreator$SharedEntityManagerInvocationHandler - Creating new EntityManager for shared EntityManager invocation
2025-12-31 00:20:57 - o.s.o.j.SharedEntityManagerCreator$SharedEntityManagerInvocationHandler - Creating new EntityManager for shared EntityManager invocation
2025-12-31 00:20:57 - o.s.b.a.o.j.JpaBaseConfiguration$JpaWebConfiguration - spring.jpa.open-in-view is enabled by default. Therefore, database queries may be performed during view rendering. Explicitly configure spring.jpa.open-in-view to disable this warning
2025-12-31 00:20:57 - o.s.s.web.DefaultSecurityFilterChain - Will secure any request with filters: DisableEncodeUrlFilter, WebAsyncManagerIntegrationFilter, SecurityContextHolderFilter, HeaderWriterFilter, CorsFilter, LogoutFilter, AuthTokenFilter, RequestCacheAwareFilter, SecurityContextHolderAwareRequestFilter, AnonymousAuthenticationFilter, SessionManagementFilter, ExceptionTranslationFilter, AuthorizationFilter
2025-12-31 00:20:58 - o.s.b.w.e.tomcat.TomcatWebServer - Tomcat started on port 8085 (http) with context path '/'
2025-12-31 00:20:58 - com.smboutique.api.ApiApplication - Started ApiApplication in 10.029 seconds (process running for 10.644)
2025-12-31 00:20:58 - c.s.api.config.DataInitializer - Starting data initialization...
2025-12-31 00:20:58 - c.s.api.config.DataInitializer - Initializing permissions...
2025-12-31 00:20:58 - o.s.orm.jpa.JpaTransactionManager - Creating new transaction with name [org.springframework.data.jpa.repository.support.SimpleJpaRepository.count]: PROPAGATION_REQUIRED,ISOLATION_DEFAULT,readOnly
2025-12-31 00:20:58 - o.s.orm.jpa.JpaTransactionManager - Opened new EntityManager [SessionImpl(1086472107<open>)] for JPA transaction
2025-12-31 00:20:58 - o.s.orm.jpa.JpaTransactionManager - Exposing JPA transaction as JDBC [org.springframework.orm.jpa.vendor.HibernateJpaDialect$HibernateConnectionHandle@6afe2400]
2025-12-31 00:20:58 - org.hibernate.orm.deprecation - HHH90000021: Encountered deprecated setting [javax.persistence.query.timeout], use [jakarta.persistence.query.timeout] instead
2025-12-31 00:20:58 - org.hibernate.SQL - 
    select
        count(*) 
    from
        permission p1_0
2025-12-31 00:20:58 - o.s.orm.jpa.JpaTransactionManager - Initiating transaction commit
2025-12-31 00:20:58 - o.s.orm.jpa.JpaTransactionManager - Committing JPA transaction on EntityManager [SessionImpl(1086472107<open>)]
2025-12-31 00:20:58 - o.s.orm.jpa.JpaTransactionManager - Closing JPA EntityManager [SessionImpl(1086472107<open>)] after transaction
2025-12-31 00:20:58 - c.s.api.config.DataInitializer - Permissions already exist, skipping initialization
2025-12-31 00:20:58 - c.s.api.config.DataInitializer - Initializing roles...
2025-12-31 00:20:58 - o.s.orm.jpa.JpaTransactionManager - Creating new transaction with name [org.springframework.data.jpa.repository.support.SimpleJpaRepository.count]: PROPAGATION_REQUIRED,ISOLATION_DEFAULT,readOnly
2025-12-31 00:20:58 - o.s.orm.jpa.JpaTransactionManager - Opened new EntityManager [SessionImpl(1692316214<open>)] for JPA transaction
2025-12-31 00:20:58 - o.s.orm.jpa.JpaTransactionManager - Exposing JPA transaction as JDBC [org.springframework.orm.jpa.vendor.HibernateJpaDialect$HibernateConnectionHandle@467ce50a]
2025-12-31 00:20:58 - org.hibernate.orm.deprecation - HHH90000021: Encountered deprecated setting [javax.persistence.query.timeout], use [jakarta.persistence.query.timeout] instead
2025-12-31 00:20:58 - org.hibernate.SQL - 
    select
        count(*) 
    from
        role r1_0
2025-12-31 00:20:58 - o.s.orm.jpa.JpaTransactionManager - Initiating transaction commit
2025-12-31 00:20:58 - o.s.orm.jpa.JpaTransactionManager - Committing JPA transaction on EntityManager [SessionImpl(1692316214<open>)]
2025-12-31 00:20:58 - o.s.orm.jpa.JpaTransactionManager - Closing JPA EntityManager [SessionImpl(1692316214<open>)] after transaction
2025-12-31 00:20:58 - c.s.api.config.DataInitializer - Roles already exist, skipping initialization
2025-12-31 00:20:58 - o.s.o.j.SharedEntityManagerCreator$SharedEntityManagerInvocationHandler - Creating new EntityManager for shared EntityManager invocation
2025-12-31 00:20:58 - org.hibernate.orm.deprecation - HHH90000021: Encountered deprecated setting [javax.persistence.query.timeout], use [jakarta.persistence.query.timeout] instead
2025-12-31 00:20:58 - org.hibernate.SQL - 
    select
        r1_0.id_role,
        r1_0.description,
        r1_0.name 
    from
        role r1_0 
    where
        r1_0.name=?
2025-12-31 00:20:58 - org.hibernate.SQL - 
    select
        p1_0.role_id,
        p1_1.id_permission,
        p1_1.description,
        p1_1.name 
    from
        role_permissions p1_0 
    join
        permission p1_1 
            on p1_1.id_permission=p1_0.permission_id 
    where
        p1_0.role_id=?
2025-12-31 00:20:58 - o.s.orm.jpa.JpaTransactionManager - Creating new transaction with name [org.springframework.data.jpa.repository.support.SimpleJpaRepository.findAll]: PROPAGATION_REQUIRED,ISOLATION_DEFAULT,readOnly
2025-12-31 00:20:58 - o.s.orm.jpa.JpaTransactionManager - Opened new EntityManager [SessionImpl(2099728098<open>)] for JPA transaction
2025-12-31 00:20:58 - o.s.orm.jpa.JpaTransactionManager - Exposing JPA transaction as JDBC [org.springframework.orm.jpa.vendor.HibernateJpaDialect$HibernateConnectionHandle@6971ea5f]
2025-12-31 00:20:58 - org.hibernate.orm.deprecation - HHH90000021: Encountered deprecated setting [javax.persistence.query.timeout], use [jakarta.persistence.query.timeout] instead
2025-12-31 00:20:58 - org.hibernate.SQL - 
    select
        p1_0.id_permission,
        p1_0.description,
        p1_0.name 
    from
        permission p1_0
2025-12-31 00:20:58 - o.s.orm.jpa.JpaTransactionManager - Initiating transaction commit
2025-12-31 00:20:58 - o.s.orm.jpa.JpaTransactionManager - Committing JPA transaction on EntityManager [SessionImpl(2099728098<open>)]
2025-12-31 00:20:58 - o.s.orm.jpa.JpaTransactionManager - Closing JPA EntityManager [SessionImpl(2099728098<open>)] after transaction
2025-12-31 00:20:58 - c.s.api.config.DataInitializer - SUPERADMIN role already contains all permissions
2025-12-31 00:20:58 - c.s.api.config.DataInitializer - Initializing boutique...
2025-12-31 00:20:58 - o.s.orm.jpa.JpaTransactionManager - Creating new transaction with name [org.springframework.data.jpa.repository.support.SimpleJpaRepository.count]: PROPAGATION_REQUIRED,ISOLATION_DEFAULT,readOnly
2025-12-31 00:20:58 - o.s.orm.jpa.JpaTransactionManager - Opened new EntityManager [SessionImpl(699967913<open>)] for JPA transaction
2025-12-31 00:20:58 - o.s.orm.jpa.JpaTransactionManager - Exposing JPA transaction as JDBC [org.springframework.orm.jpa.vendor.HibernateJpaDialect$HibernateConnectionHandle@4267edd9]
2025-12-31 00:20:58 - org.hibernate.orm.deprecation - HHH90000021: Encountered deprecated setting [javax.persistence.query.timeout], use [jakarta.persistence.query.timeout] instead
2025-12-31 00:20:58 - org.hibernate.SQL - 
    select
        count(*) 
    from
        boutique b1_0
2025-12-31 00:20:58 - o.s.orm.jpa.JpaTransactionManager - Initiating transaction commit
2025-12-31 00:20:58 - o.s.orm.jpa.JpaTransactionManager - Committing JPA transaction on EntityManager [SessionImpl(699967913<open>)]
2025-12-31 00:20:58 - o.s.orm.jpa.JpaTransactionManager - Closing JPA EntityManager [SessionImpl(699967913<open>)] after transaction
2025-12-31 00:20:58 - c.s.api.config.DataInitializer - Boutique already exists, skipping initialization
2025-12-31 00:20:58 - c.s.api.config.DataInitializer - Initializing superadmin...
2025-12-31 00:20:58 - o.s.orm.jpa.JpaTransactionManager - Creating new transaction with name [org.springframework.data.jpa.repository.support.SimpleJpaRepository.findAll]: PROPAGATION_REQUIRED,ISOLATION_DEFAULT,readOnly
2025-12-31 00:20:58 - o.s.orm.jpa.JpaTransactionManager - Opened new EntityManager [SessionImpl(1228870887<open>)] for JPA transaction
2025-12-31 00:20:58 - o.s.orm.jpa.JpaTransactionManager - Exposing JPA transaction as JDBC [org.springframework.orm.jpa.vendor.HibernateJpaDialect$HibernateConnectionHandle@750a0bfe]
2025-12-31 00:20:58 - org.hibernate.orm.deprecation - HHH90000021: Encountered deprecated setting [javax.persistence.query.timeout], use [jakarta.persistence.query.timeout] instead
2025-12-31 00:20:58 - org.hibernate.SQL - 
    select
        p1_0.id_permission,
        p1_0.description,
        p1_0.name 
    from
        permission p1_0
2025-12-31 00:20:58 - o.s.orm.jpa.JpaTransactionManager - Initiating transaction commit
2025-12-31 00:20:58 - o.s.orm.jpa.JpaTransactionManager - Committing JPA transaction on EntityManager [SessionImpl(1228870887<open>)]
2025-12-31 00:20:58 - o.s.orm.jpa.JpaTransactionManager - Closing JPA EntityManager [SessionImpl(1228870887<open>)] after transaction
2025-12-31 00:20:58 - o.s.o.j.SharedEntityManagerCreator$SharedEntityManagerInvocationHandler - Creating new EntityManager for shared EntityManager invocation
2025-12-31 00:20:58 - org.hibernate.orm.deprecation - HHH90000021: Encountered deprecated setting [javax.persistence.query.timeout], use [jakarta.persistence.query.timeout] instead
2025-12-31 00:20:58 - org.hibernate.SQL - 
    select
        u1_0.id_utilisateur,
        u1_0.adresse,
        u1_0.avatar,
        u1_0.boutique_id,
        u1_0.contact_utilisateur,
        u1_0.email,
        u1_0.mot_de_passe_utilisateur,
        u1_0.nom_utilisateur,
        u1_0.prenom_utilisateur,
        u1_0.psedeau_utilisateur,
        u1_0.reset_token,
        u1_0.reset_token_expire,
        u1_0.statut,
        u1_0.type_utilisateur 
    from
        utilisateur u1_0 
    where
        upper(u1_0.email)=upper(?)
2025-12-31 00:20:58 - org.hibernate.SQL - 
    select
        r1_0.utilisateur_id,
        r1_1.id_role,
        r1_1.description,
        r1_1.name,
        p1_0.role_id,
        p1_1.id_permission,
        p1_1.description,
        p1_1.name 
    from
        utilisateur_roles r1_0 
    join
        role r1_1 
            on r1_1.id_role=r1_0.role_id 
    left join
        role_permissions p1_0 
            on r1_1.id_role=p1_0.role_id 
    left join
        permission p1_1 
            on p1_1.id_permission=p1_0.permission_id 
    where
        r1_0.utilisateur_id=?
2025-12-31 00:20:58 - org.hibernate.SQL - 
    select
        p1_0.utilisateur_id,
        p1_1.id_permission,
        p1_1.description,
        p1_1.name 
    from
        utilisateur_permissions p1_0 
    join
        permission p1_1 
            on p1_1.id_permission=p1_0.permission_id 
    where
        p1_0.utilisateur_id=?
2025-12-31 00:20:58 - c.s.api.config.DataInitializer - Superadmin already exists, ensuring user has all permissions
2025-12-31 00:20:58 - o.s.o.j.SharedEntityManagerCreator$SharedEntityManagerInvocationHandler - Creating new EntityManager for shared EntityManager invocation
2025-12-31 00:20:58 - org.hibernate.orm.deprecation - HHH90000021: Encountered deprecated setting [javax.persistence.query.timeout], use [jakarta.persistence.query.timeout] instead
2025-12-31 00:20:58 - org.hibernate.SQL - 
    select
        u1_0.id_utilisateur,
        u1_0.adresse,
        u1_0.avatar,
        u1_0.boutique_id,
        u1_0.contact_utilisateur,
        u1_0.email,
        u1_0.mot_de_passe_utilisateur,
        u1_0.nom_utilisateur,
        u1_0.prenom_utilisateur,
        u1_0.psedeau_utilisateur,
        u1_0.reset_token,
        u1_0.reset_token_expire,
        u1_0.statut,
        u1_0.type_utilisateur 
    from
        utilisateur u1_0 
    where
        upper(u1_0.email)=upper(?)
2025-12-31 00:20:58 - org.hibernate.SQL - 
    select
        r1_0.utilisateur_id,
        r1_1.id_role,
        r1_1.description,
        r1_1.name,
        p1_0.role_id,
        p1_1.id_permission,
        p1_1.description,
        p1_1.name 
    from
        utilisateur_roles r1_0 
    join
        role r1_1 
            on r1_1.id_role=r1_0.role_id 
    left join
        role_permissions p1_0 
            on r1_1.id_role=p1_0.role_id 
    left join
        permission p1_1 
            on p1_1.id_permission=p1_0.permission_id 
    where
        r1_0.utilisateur_id=?
2025-12-31 00:20:58 - org.hibernate.SQL - 
    select
        p1_0.utilisateur_id,
        p1_1.id_permission,
        p1_1.description,
        p1_1.name 
    from
        utilisateur_permissions p1_0 
    join
        permission p1_1 
            on p1_1.id_permission=p1_0.permission_id 
    where
        p1_0.utilisateur_id=?
2025-12-31 00:20:58 - c.s.api.config.DataInitializer - Superadmin user already has all permissions
2025-12-31 00:20:58 - c.s.api.config.DataInitializer - Data initialization completed.
2025-12-31 00:22:55 - o.a.c.c.C.[Tomcat].[localhost].[/] - Initializing Spring DispatcherServlet 'dispatcherServlet'
2025-12-31 00:22:55 - o.s.web.servlet.DispatcherServlet - Initializing Servlet 'dispatcherServlet'
2025-12-31 00:22:55 - o.s.web.servlet.DispatcherServlet - Completed initialization in 2 ms
2025-12-31 00:22:55 - o.s.security.web.FilterChainProxy - Securing OPTIONS /api/auth/login
2025-12-31 00:22:55 - o.s.security.web.FilterChainProxy - Securing POST /api/auth/login
2025-12-31 00:22:55 - c.s.api.security.AuthTokenFilter - Incoming request: POST /api/auth/login - Authorization present? false - startsWithBearer? false
2025-12-31 00:22:55 - c.s.api.security.AuthTokenFilter - Authorization header missing or not a Bearer token for request POST /api/auth/login
2025-12-31 00:22:55 - o.s.s.w.a.AnonymousAuthenticationFilter - Set SecurityContextHolder to anonymous SecurityContext
2025-12-31 00:22:55 - o.s.security.web.FilterChainProxy - Secured POST /api/auth/login
2025-12-31 00:22:55 - c.s.api.security.AuthTokenFilter - Incoming request: POST /api/auth/login - Authorization present? false - startsWithBearer? false
2025-12-31 00:22:55 - c.s.api.security.AuthTokenFilter - Authorization header missing or not a Bearer token for request POST /api/auth/login
2025-12-31 00:22:55 - o.s.o.j.s.OpenEntityManagerInViewInterceptor - Opening JPA EntityManager in OpenEntityManagerInViewInterceptor
2025-12-31 00:22:55 - org.hibernate.orm.deprecation - HHH90000021: Encountered deprecated setting [javax.persistence.query.timeout], use [jakarta.persistence.query.timeout] instead
2025-12-31 00:22:55 - org.hibernate.SQL - 
    select
        u1_0.id_utilisateur,
        u1_0.adresse,
        u1_0.avatar,
        u1_0.boutique_id,
        u1_0.contact_utilisateur,
        u1_0.email,
        u1_0.mot_de_passe_utilisateur,
        u1_0.nom_utilisateur,
        u1_0.prenom_utilisateur,
        u1_0.psedeau_utilisateur,
        u1_0.reset_token,
        u1_0.reset_token_expire,
        u1_0.statut,
        u1_0.type_utilisateur 
    from
        utilisateur u1_0 
    where
        upper(u1_0.email)=upper(?)
2025-12-31 00:22:55 - org.hibernate.SQL - 
    select
        r1_0.utilisateur_id,
        r1_1.id_role,
        r1_1.description,
        r1_1.name,
        p1_0.role_id,
        p1_1.id_permission,
        p1_1.description,
        p1_1.name 
    from
        utilisateur_roles r1_0 
    join
        role r1_1 
            on r1_1.id_role=r1_0.role_id 
    left join
        role_permissions p1_0 
            on r1_1.id_role=p1_0.role_id 
    left join
        permission p1_1 
            on p1_1.id_permission=p1_0.permission_id 
    where
        r1_0.utilisateur_id=?
2025-12-31 00:22:55 - org.hibernate.SQL - 
    select
        p1_0.utilisateur_id,
        p1_1.id_permission,
        p1_1.description,
        p1_1.name 
    from
        utilisateur_permissions p1_0 
    join
        permission p1_1 
            on p1_1.id_permission=p1_0.permission_id 
    where
        p1_0.utilisateur_id=?
2025-12-31 00:22:56 - o.s.s.a.d.DaoAuthenticationProvider - Authenticated user
2025-12-31 00:22:56 - o.s.o.j.s.OpenEntityManagerInViewInterceptor - Closing JPA EntityManager in OpenEntityManagerInViewInterceptor
2025-12-31 00:22:56 - o.s.security.web.FilterChainProxy - Securing OPTIONS /api/auth/me
2025-12-31 00:22:56 - o.s.security.web.FilterChainProxy - Securing GET /api/auth/me
2025-12-31 00:22:56 - c.s.api.security.AuthTokenFilter - Incoming request: GET /api/auth/me - Authorization present? true - startsWithBearer? true
2025-12-31 00:22:56 - o.s.o.j.SharedEntityManagerCreator$SharedEntityManagerInvocationHandler - Creating new EntityManager for shared EntityManager invocation
2025-12-31 00:22:56 - org.hibernate.orm.deprecation - HHH90000021: Encountered deprecated setting [javax.persistence.query.timeout], use [jakarta.persistence.query.timeout] instead
2025-12-31 00:22:56 - org.hibernate.SQL - 
    select
        u1_0.id_utilisateur,
        u1_0.adresse,
        u1_0.avatar,
        u1_0.boutique_id,
        u1_0.contact_utilisateur,
        u1_0.email,
        u1_0.mot_de_passe_utilisateur,
        u1_0.nom_utilisateur,
        u1_0.prenom_utilisateur,
        u1_0.psedeau_utilisateur,
        u1_0.reset_token,
        u1_0.reset_token_expire,
        u1_0.statut,
        u1_0.type_utilisateur 
    from
        utilisateur u1_0 
    where
        upper(u1_0.email)=upper(?)
2025-12-31 00:22:56 - org.hibernate.SQL - 
    select
        r1_0.utilisateur_id,
        r1_1.id_role,
        r1_1.description,
        r1_1.name,
        p1_0.role_id,
        p1_1.id_permission,
        p1_1.description,
        p1_1.name 
    from
        utilisateur_roles r1_0 
    join
        role r1_1 
            on r1_1.id_role=r1_0.role_id 
    left join
        role_permissions p1_0 
            on r1_1.id_role=p1_0.role_id 
    left join
        permission p1_1 
            on p1_1.id_permission=p1_0.permission_id 
    where
        r1_0.utilisateur_id=?
2025-12-31 00:22:56 - org.hibernate.SQL - 
    select
        p1_0.utilisateur_id,
        p1_1.id_permission,
        p1_1.description,
        p1_1.name 
    from
        utilisateur_permissions p1_0 
    join
        permission p1_1 
            on p1_1.id_permission=p1_0.permission_id 
    where
        p1_0.utilisateur_id=?
2025-12-31 00:22:56 - o.s.security.web.FilterChainProxy - Secured GET /api/auth/me
2025-12-31 00:22:56 - c.s.api.security.AuthTokenFilter - Incoming request: GET /api/auth/me - Authorization present? true - startsWithBearer? true
2025-12-31 00:22:56 - o.s.o.j.SharedEntityManagerCreator$SharedEntityManagerInvocationHandler - Creating new EntityManager for shared EntityManager invocation
2025-12-31 00:22:56 - org.hibernate.orm.deprecation - HHH90000021: Encountered deprecated setting [javax.persistence.query.timeout], use [jakarta.persistence.query.timeout] instead
2025-12-31 00:22:56 - org.hibernate.SQL - 
    select
        u1_0.id_utilisateur,
        u1_0.adresse,
        u1_0.avatar,
        u1_0.boutique_id,
        u1_0.contact_utilisateur,
        u1_0.email,
        u1_0.mot_de_passe_utilisateur,
        u1_0.nom_utilisateur,
        u1_0.prenom_utilisateur,
        u1_0.psedeau_utilisateur,
        u1_0.reset_token,
        u1_0.reset_token_expire,
        u1_0.statut,
        u1_0.type_utilisateur 
    from
        utilisateur u1_0 
    where
        upper(u1_0.email)=upper(?)
2025-12-31 00:22:56 - org.hibernate.SQL - 
    select
        r1_0.utilisateur_id,
        r1_1.id_role,
        r1_1.description,
        r1_1.name,
        p1_0.role_id,
        p1_1.id_permission,
        p1_1.description,
        p1_1.name 
    from
        utilisateur_roles r1_0 
    join
        role r1_1 
            on r1_1.id_role=r1_0.role_id 
    left join
        role_permissions p1_0 
            on r1_1.id_role=p1_0.role_id 
    left join
        permission p1_1 
            on p1_1.id_permission=p1_0.permission_id 
    where
        r1_0.utilisateur_id=?
2025-12-31 00:22:56 - org.hibernate.SQL - 
    select
        p1_0.utilisateur_id,
        p1_1.id_permission,
        p1_1.description,
        p1_1.name 
    from
        utilisateur_permissions p1_0 
    join
        permission p1_1 
            on p1_1.id_permission=p1_0.permission_id 
    where
        p1_0.utilisateur_id=?
2025-12-31 00:22:56 - o.s.o.j.s.OpenEntityManagerInViewInterceptor - Opening JPA EntityManager in OpenEntityManagerInViewInterceptor
2025-12-31 00:22:56 - org.hibernate.orm.deprecation - HHH90000021: Encountered deprecated setting [javax.persistence.query.timeout], use [jakarta.persistence.query.timeout] instead
2025-12-31 00:22:56 - org.hibernate.SQL - 
    select
        u1_0.id_utilisateur,
        u1_0.adresse,
        u1_0.avatar,
        u1_0.boutique_id,
        u1_0.contact_utilisateur,
        u1_0.email,
        u1_0.mot_de_passe_utilisateur,
        u1_0.nom_utilisateur,
        u1_0.prenom_utilisateur,
        u1_0.psedeau_utilisateur,
        u1_0.reset_token,
        u1_0.reset_token_expire,
        u1_0.statut,
        u1_0.type_utilisateur 
    from
        utilisateur u1_0 
    where
        upper(u1_0.email)=upper(?)
2025-12-31 00:22:56 - org.hibernate.SQL - 
    select
        r1_0.utilisateur_id,
        r1_1.id_role,
        r1_1.description,
        r1_1.name,
        p1_0.role_id,
        p1_1.id_permission,
        p1_1.description,
        p1_1.name 
    from
        utilisateur_roles r1_0 
    join
        role r1_1 
            on r1_1.id_role=r1_0.role_id 
    left join
        role_permissions p1_0 
            on r1_1.id_role=p1_0.role_id 
    left join
        permission p1_1 
            on p1_1.id_permission=p1_0.permission_id 
    where
        r1_0.utilisateur_id=?
2025-12-31 00:22:56 - org.hibernate.SQL - 
    select
        p1_0.utilisateur_id,
        p1_1.id_permission,
        p1_1.description,
        p1_1.name 
    from
        utilisateur_permissions p1_0 
    join
        permission p1_1 
            on p1_1.id_permission=p1_0.permission_id 
    where
        p1_0.utilisateur_id=?
2025-12-31 00:22:56 - org.hibernate.SQL - 
    select
        b1_0.id_boutique,
        b1_0.adresse,
        b1_0.logo,
        b1_0.nom,
        b1_0.quartier,
        b1_0.telephone 
    from
        boutique b1_0 
    where
        b1_0.id_boutique=?
2025-12-31 00:22:56 - o.s.o.j.s.OpenEntityManagerInViewInterceptor - Closing JPA EntityManager in OpenEntityManagerInViewInterceptor
2025-12-31 00:23:16 - o.s.security.web.FilterChainProxy - Securing OPTIONS /api/auth/login
2025-12-31 00:23:16 - o.s.security.web.FilterChainProxy - Securing POST /api/auth/login
2025-12-31 00:23:16 - c.s.api.security.AuthTokenFilter - Incoming request: POST /api/auth/login - Authorization present? false - startsWithBearer? false
2025-12-31 00:23:16 - c.s.api.security.AuthTokenFilter - Authorization header missing or not a Bearer token for request POST /api/auth/login
2025-12-31 00:23:16 - o.s.s.w.a.AnonymousAuthenticationFilter - Set SecurityContextHolder to anonymous SecurityContext
2025-12-31 00:23:16 - o.s.security.web.FilterChainProxy - Secured POST /api/auth/login
2025-12-31 00:23:16 - c.s.api.security.AuthTokenFilter - Incoming request: POST /api/auth/login - Authorization present? false - startsWithBearer? false
2025-12-31 00:23:16 - c.s.api.security.AuthTokenFilter - Authorization header missing or not a Bearer token for request POST /api/auth/login
2025-12-31 00:23:16 - o.s.o.j.s.OpenEntityManagerInViewInterceptor - Opening JPA EntityManager in OpenEntityManagerInViewInterceptor
2025-12-31 00:23:16 - org.hibernate.orm.deprecation - HHH90000021: Encountered deprecated setting [javax.persistence.query.timeout], use [jakarta.persistence.query.timeout] instead
2025-12-31 00:23:16 - org.hibernate.SQL - 
    select
        u1_0.id_utilisateur,
        u1_0.adresse,
        u1_0.avatar,
        u1_0.boutique_id,
        u1_0.contact_utilisateur,
        u1_0.email,
        u1_0.mot_de_passe_utilisateur,
        u1_0.nom_utilisateur,
        u1_0.prenom_utilisateur,
        u1_0.psedeau_utilisateur,
        u1_0.reset_token,
        u1_0.reset_token_expire,
        u1_0.statut,
        u1_0.type_utilisateur 
    from
        utilisateur u1_0 
    where
        upper(u1_0.email)=upper(?)
2025-12-31 00:23:16 - org.hibernate.SQL - 
    select
        r1_0.utilisateur_id,
        r1_1.id_role,
        r1_1.description,
        r1_1.name,
        p1_0.role_id,
        p1_1.id_permission,
        p1_1.description,
        p1_1.name 
    from
        utilisateur_roles r1_0 
    join
        role r1_1 
            on r1_1.id_role=r1_0.role_id 
    left join
        role_permissions p1_0 
            on r1_1.id_role=p1_0.role_id 
    left join
        permission p1_1 
            on p1_1.id_permission=p1_0.permission_id 
    where
        r1_0.utilisateur_id=?
2025-12-31 00:23:16 - org.hibernate.SQL - 
    select
        p1_0.utilisateur_id,
        p1_1.id_permission,
        p1_1.description,
        p1_1.name 
    from
        utilisateur_permissions p1_0 
    join
        permission p1_1 
            on p1_1.id_permission=p1_0.permission_id 
    where
        p1_0.utilisateur_id=?
2025-12-31 00:23:16 - o.s.s.a.d.DaoAuthenticationProvider - Authenticated user
2025-12-31 00:23:16 - o.s.o.j.s.OpenEntityManagerInViewInterceptor - Closing JPA EntityManager in OpenEntityManagerInViewInterceptor
2025-12-31 00:23:16 - o.s.security.web.FilterChainProxy - Securing OPTIONS /api/auth/me
2025-12-31 00:23:16 - o.s.security.web.FilterChainProxy - Securing GET /api/auth/me
2025-12-31 00:23:16 - c.s.api.security.AuthTokenFilter - Incoming request: GET /api/auth/me - Authorization present? true - startsWithBearer? true
2025-12-31 00:23:16 - o.s.o.j.SharedEntityManagerCreator$SharedEntityManagerInvocationHandler - Creating new EntityManager for shared EntityManager invocation
2025-12-31 00:23:16 - org.hibernate.orm.deprecation - HHH90000021: Encountered deprecated setting [javax.persistence.query.timeout], use [jakarta.persistence.query.timeout] instead
2025-12-31 00:23:16 - org.hibernate.SQL - 
    select
        u1_0.id_utilisateur,
        u1_0.adresse,
        u1_0.avatar,
        u1_0.boutique_id,
        u1_0.contact_utilisateur,
        u1_0.email,
        u1_0.mot_de_passe_utilisateur,
        u1_0.nom_utilisateur,
        u1_0.prenom_utilisateur,
        u1_0.psedeau_utilisateur,
        u1_0.reset_token,
        u1_0.reset_token_expire,
        u1_0.statut,
        u1_0.type_utilisateur 
    from
        utilisateur u1_0 
    where
        upper(u1_0.email)=upper(?)
2025-12-31 00:23:16 - org.hibernate.SQL - 
    select
        r1_0.utilisateur_id,
        r1_1.id_role,
        r1_1.description,
        r1_1.name,
        p1_0.role_id,
        p1_1.id_permission,
        p1_1.description,
        p1_1.name 
    from
        utilisateur_roles r1_0 
    join
        role r1_1 
            on r1_1.id_role=r1_0.role_id 
    left join
        role_permissions p1_0 
            on r1_1.id_role=p1_0.role_id 
    left join
        permission p1_1 
            on p1_1.id_permission=p1_0.permission_id 
    where
        r1_0.utilisateur_id=?
2025-12-31 00:23:16 - org.hibernate.SQL - 
    select
        p1_0.utilisateur_id,
        p1_1.id_permission,
        p1_1.description,
        p1_1.name 
    from
        utilisateur_permissions p1_0 
    join
        permission p1_1 
            on p1_1.id_permission=p1_0.permission_id 
    where
        p1_0.utilisateur_id=?
2025-12-31 00:23:16 - o.s.security.web.FilterChainProxy - Secured GET /api/auth/me
2025-12-31 00:23:16 - c.s.api.security.AuthTokenFilter - Incoming request: GET /api/auth/me - Authorization present? true - startsWithBearer? true
2025-12-31 00:23:16 - o.s.o.j.SharedEntityManagerCreator$SharedEntityManagerInvocationHandler - Creating new EntityManager for shared EntityManager invocation
2025-12-31 00:23:16 - org.hibernate.orm.deprecation - HHH90000021: Encountered deprecated setting [javax.persistence.query.timeout], use [jakarta.persistence.query.timeout] instead
2025-12-31 00:23:16 - org.hibernate.SQL - 
    select
        u1_0.id_utilisateur,
        u1_0.adresse,
        u1_0.avatar,
        u1_0.boutique_id,
        u1_0.contact_utilisateur,
        u1_0.email,
        u1_0.mot_de_passe_utilisateur,
        u1_0.nom_utilisateur,
        u1_0.prenom_utilisateur,
        u1_0.psedeau_utilisateur,
        u1_0.reset_token,
        u1_0.reset_token_expire,
        u1_0.statut,
        u1_0.type_utilisateur 
    from
        utilisateur u1_0 
    where
        upper(u1_0.email)=upper(?)
2025-12-31 00:23:16 - org.hibernate.SQL - 
    select
        r1_0.utilisateur_id,
        r1_1.id_role,
        r1_1.description,
        r1_1.name,
        p1_0.role_id,
        p1_1.id_permission,
        p1_1.description,
        p1_1.name 
    from
        utilisateur_roles r1_0 
    join
        role r1_1 
            on r1_1.id_role=r1_0.role_id 
    left join
        role_permissions p1_0 
            on r1_1.id_role=p1_0.role_id 
    left join
        permission p1_1 
            on p1_1.id_permission=p1_0.permission_id 
    where
        r1_0.utilisateur_id=?
2025-12-31 00:23:16 - org.hibernate.SQL - 
    select
        p1_0.utilisateur_id,
        p1_1.id_permission,
        p1_1.description,
        p1_1.name 
    from
        utilisateur_permissions p1_0 
    join
        permission p1_1 
            on p1_1.id_permission=p1_0.permission_id 
    where
        p1_0.utilisateur_id=?
2025-12-31 00:23:16 - o.s.o.j.s.OpenEntityManagerInViewInterceptor - Opening JPA EntityManager in OpenEntityManagerInViewInterceptor
2025-12-31 00:23:16 - org.hibernate.orm.deprecation - HHH90000021: Encountered deprecated setting [javax.persistence.query.timeout], use [jakarta.persistence.query.timeout] instead
2025-12-31 00:23:16 - org.hibernate.SQL - 
    select
        u1_0.id_utilisateur,
        u1_0.adresse,
        u1_0.avatar,
        u1_0.boutique_id,
        u1_0.contact_utilisateur,
        u1_0.email,
        u1_0.mot_de_passe_utilisateur,
        u1_0.nom_utilisateur,
        u1_0.prenom_utilisateur,
        u1_0.psedeau_utilisateur,
        u1_0.reset_token,
        u1_0.reset_token_expire,
        u1_0.statut,
        u1_0.type_utilisateur 
    from
        utilisateur u1_0 
    where
        upper(u1_0.email)=upper(?)
2025-12-31 00:23:16 - org.hibernate.SQL - 
    select
        r1_0.utilisateur_id,
        r1_1.id_role,
        r1_1.description,
        r1_1.name,
        p1_0.role_id,
        p1_1.id_permission,
        p1_1.description,
        p1_1.name 
    from
        utilisateur_roles r1_0 
    join
        role r1_1 
            on r1_1.id_role=r1_0.role_id 
    left join
        role_permissions p1_0 
            on r1_1.id_role=p1_0.role_id 
    left join
        permission p1_1 
            on p1_1.id_permission=p1_0.permission_id 
    where
        r1_0.utilisateur_id=?
2025-12-31 00:23:16 - org.hibernate.SQL - 
    select
        p1_0.utilisateur_id,
        p1_1.id_permission,
        p1_1.description,
        p1_1.name 
    from
        utilisateur_permissions p1_0 
    join
        permission p1_1 
            on p1_1.id_permission=p1_0.permission_id 
    where
        p1_0.utilisateur_id=?
2025-12-31 00:23:16 - org.hibernate.SQL - 
    select
        b1_0.id_boutique,
        b1_0.adresse,
        b1_0.logo,
        b1_0.nom,
        b1_0.quartier,
        b1_0.telephone 
    from
        boutique b1_0 
    where
        b1_0.id_boutique=?
2025-12-31 00:23:16 - o.s.o.j.s.OpenEntityManagerInViewInterceptor - Closing JPA EntityManager in OpenEntityManagerInViewInterceptor
2025-12-31 00:23:19 - o.s.security.web.FilterChainProxy - Securing OPTIONS /api/users
2025-12-31 00:23:19 - o.s.security.web.FilterChainProxy - Securing OPTIONS /api/users
2025-12-31 00:23:19 - o.s.security.web.FilterChainProxy - Securing GET /api/users
2025-12-31 00:23:19 - c.s.api.security.AuthTokenFilter - Incoming request: GET /api/users - Authorization present? true - startsWithBearer? true
2025-12-31 00:23:19 - o.s.o.j.SharedEntityManagerCreator$SharedEntityManagerInvocationHandler - Creating new EntityManager for shared EntityManager invocation
2025-12-31 00:23:19 - org.hibernate.orm.deprecation - HHH90000021: Encountered deprecated setting [javax.persistence.query.timeout], use [jakarta.persistence.query.timeout] instead
2025-12-31 00:23:19 - org.hibernate.SQL - 
    select
        u1_0.id_utilisateur,
        u1_0.adresse,
        u1_0.avatar,
        u1_0.boutique_id,
        u1_0.contact_utilisateur,
        u1_0.email,
        u1_0.mot_de_passe_utilisateur,
        u1_0.nom_utilisateur,
        u1_0.prenom_utilisateur,
        u1_0.psedeau_utilisateur,
        u1_0.reset_token,
        u1_0.reset_token_expire,
        u1_0.statut,
        u1_0.type_utilisateur 
    from
        utilisateur u1_0 
    where
        upper(u1_0.email)=upper(?)
2025-12-31 00:23:19 - org.hibernate.SQL - 
    select
        r1_0.utilisateur_id,
        r1_1.id_role,
        r1_1.description,
        r1_1.name,
        p1_0.role_id,
        p1_1.id_permission,
        p1_1.description,
        p1_1.name 
    from
        utilisateur_roles r1_0 
    join
        role r1_1 
            on r1_1.id_role=r1_0.role_id 
    left join
        role_permissions p1_0 
            on r1_1.id_role=p1_0.role_id 
    left join
        permission p1_1 
            on p1_1.id_permission=p1_0.permission_id 
    where
        r1_0.utilisateur_id=?
2025-12-31 00:23:19 - org.hibernate.SQL - 
    select
        p1_0.utilisateur_id,
        p1_1.id_permission,
        p1_1.description,
        p1_1.name 
    from
        utilisateur_permissions p1_0 
    join
        permission p1_1 
            on p1_1.id_permission=p1_0.permission_id 
    where
        p1_0.utilisateur_id=?
2025-12-31 00:23:19 - o.s.security.web.FilterChainProxy - Secured GET /api/users
2025-12-31 00:23:19 - c.s.api.security.AuthTokenFilter - Incoming request: GET /api/users - Authorization present? true - startsWithBearer? true
2025-12-31 00:23:19 - o.s.o.j.SharedEntityManagerCreator$SharedEntityManagerInvocationHandler - Creating new EntityManager for shared EntityManager invocation
2025-12-31 00:23:19 - org.hibernate.orm.deprecation - HHH90000021: Encountered deprecated setting [javax.persistence.query.timeout], use [jakarta.persistence.query.timeout] instead
2025-12-31 00:23:19 - org.hibernate.SQL - 
    select
        u1_0.id_utilisateur,
        u1_0.adresse,
        u1_0.avatar,
        u1_0.boutique_id,
        u1_0.contact_utilisateur,
        u1_0.email,
        u1_0.mot_de_passe_utilisateur,
        u1_0.nom_utilisateur,
        u1_0.prenom_utilisateur,
        u1_0.psedeau_utilisateur,
        u1_0.reset_token,
        u1_0.reset_token_expire,
        u1_0.statut,
        u1_0.type_utilisateur 
    from
        utilisateur u1_0 
    where
        upper(u1_0.email)=upper(?)
2025-12-31 00:23:19 - org.hibernate.SQL - 
    select
        r1_0.utilisateur_id,
        r1_1.id_role,
        r1_1.description,
        r1_1.name,
        p1_0.role_id,
        p1_1.id_permission,
        p1_1.description,
        p1_1.name 
    from
        utilisateur_roles r1_0 
    join
        role r1_1 
            on r1_1.id_role=r1_0.role_id 
    left join
        role_permissions p1_0 
            on r1_1.id_role=p1_0.role_id 
    left join
        permission p1_1 
            on p1_1.id_permission=p1_0.permission_id 
    where
        r1_0.utilisateur_id=?
2025-12-31 00:23:19 - org.hibernate.SQL - 
    select
        p1_0.utilisateur_id,
        p1_1.id_permission,
        p1_1.description,
        p1_1.name 
    from
        utilisateur_permissions p1_0 
    join
        permission p1_1 
            on p1_1.id_permission=p1_0.permission_id 
    where
        p1_0.utilisateur_id=?
2025-12-31 00:23:19 - o.s.o.j.s.OpenEntityManagerInViewInterceptor - Opening JPA EntityManager in OpenEntityManagerInViewInterceptor
2025-12-31 00:23:19 - o.s.s.a.m.AuthorizationManagerBeforeMethodInterceptor - Authorizing method invocation ReflectiveMethodInvocation: public java.util.List com.smboutique.api.controller.UtilisateurController.getUsers(); target is of class [com.smboutique.api.controller.UtilisateurController]
2025-12-31 00:23:19 - o.s.s.a.m.AuthorizationManagerBeforeMethodInterceptor - Authorized method invocation ReflectiveMethodInvocation: public java.util.List com.smboutique.api.controller.UtilisateurController.getUsers(); target is of class [com.smboutique.api.controller.UtilisateurController]
2025-12-31 00:23:19 - org.hibernate.orm.deprecation - HHH90000021: Encountered deprecated setting [javax.persistence.query.timeout], use [jakarta.persistence.query.timeout] instead
2025-12-31 00:23:19 - org.hibernate.SQL - 
    select
        u1_0.id_utilisateur,
        u1_0.adresse,
        u1_0.avatar,
        u1_0.boutique_id,
        u1_0.contact_utilisateur,
        u1_0.email,
        u1_0.mot_de_passe_utilisateur,
        u1_0.nom_utilisateur,
        u1_0.prenom_utilisateur,
        u1_0.psedeau_utilisateur,
        u1_0.reset_token,
        u1_0.reset_token_expire,
        u1_0.statut,
        u1_0.type_utilisateur 
    from
        utilisateur u1_0 
    where
        upper(u1_0.email)=upper(?)
2025-12-31 00:23:19 - org.hibernate.SQL - 
    select
        r1_0.utilisateur_id,
        r1_1.id_role,
        r1_1.description,
        r1_1.name,
        p1_0.role_id,
        p1_1.id_permission,
        p1_1.description,
        p1_1.name 
    from
        utilisateur_roles r1_0 
    join
        role r1_1 
            on r1_1.id_role=r1_0.role_id 
    left join
        role_permissions p1_0 
            on r1_1.id_role=p1_0.role_id 
    left join
        permission p1_1 
            on p1_1.id_permission=p1_0.permission_id 
    where
        r1_0.utilisateur_id=?
2025-12-31 00:23:19 - org.hibernate.SQL - 
    select
        p1_0.utilisateur_id,
        p1_1.id_permission,
        p1_1.description,
        p1_1.name 
    from
        utilisateur_permissions p1_0 
    join
        permission p1_1 
            on p1_1.id_permission=p1_0.permission_id 
    where
        p1_0.utilisateur_id=?
2025-12-31 00:23:19 - o.s.orm.jpa.JpaTransactionManager - Found thread-bound EntityManager [SessionImpl(1480530061<open>)] for JPA transaction
2025-12-31 00:23:19 - o.s.orm.jpa.JpaTransactionManager - Creating new transaction with name [org.springframework.data.jpa.repository.support.SimpleJpaRepository.findAll]: PROPAGATION_REQUIRED,ISOLATION_DEFAULT,readOnly
2025-12-31 00:23:19 - o.s.orm.jpa.JpaTransactionManager - Exposing JPA transaction as JDBC [org.springframework.orm.jpa.vendor.HibernateJpaDialect$HibernateConnectionHandle@3c9d0a6f]
2025-12-31 00:23:19 - org.hibernate.orm.deprecation - HHH90000021: Encountered deprecated setting [javax.persistence.query.timeout], use [jakarta.persistence.query.timeout] instead
2025-12-31 00:23:19 - org.hibernate.SQL - 
    select
        u1_0.id_utilisateur,
        u1_0.adresse,
        u1_0.avatar,
        u1_0.boutique_id,
        u1_0.contact_utilisateur,
        u1_0.email,
        u1_0.mot_de_passe_utilisateur,
        u1_0.nom_utilisateur,
        u1_0.prenom_utilisateur,
        u1_0.psedeau_utilisateur,
        u1_0.reset_token,
        u1_0.reset_token_expire,
        u1_0.statut,
        u1_0.type_utilisateur 
    from
        utilisateur u1_0
2025-12-31 00:23:19 - org.hibernate.SQL - 
    select
        r1_0.utilisateur_id,
        r1_1.id_role,
        r1_1.description,
        r1_1.name,
        p1_0.role_id,
        p1_1.id_permission,
        p1_1.description,
        p1_1.name 
    from
        utilisateur_roles r1_0 
    join
        role r1_1 
            on r1_1.id_role=r1_0.role_id 
    left join
        role_permissions p1_0 
            on r1_1.id_role=p1_0.role_id 
    left join
        permission p1_1 
            on p1_1.id_permission=p1_0.permission_id 
    where
        r1_0.utilisateur_id=?
2025-12-31 00:23:19 - org.hibernate.SQL - 
    select
        p1_0.utilisateur_id,
        p1_1.id_permission,
        p1_1.description,
        p1_1.name 
    from
        utilisateur_permissions p1_0 
    join
        permission p1_1 
            on p1_1.id_permission=p1_0.permission_id 
    where
        p1_0.utilisateur_id=?
2025-12-31 00:23:19 - org.hibernate.SQL - 
    select
        r1_0.utilisateur_id,
        r1_1.id_role,
        r1_1.description,
        r1_1.name,
        p1_0.role_id,
        p1_1.id_permission,
        p1_1.description,
        p1_1.name 
    from
        utilisateur_roles r1_0 
    join
        role r1_1 
            on r1_1.id_role=r1_0.role_id 
    left join
        role_permissions p1_0 
            on r1_1.id_role=p1_0.role_id 
    left join
        permission p1_1 
            on p1_1.id_permission=p1_0.permission_id 
    where
        r1_0.utilisateur_id=?
2025-12-31 00:23:19 - org.hibernate.SQL - 
    select
        p1_0.utilisateur_id,
        p1_1.id_permission,
        p1_1.description,
        p1_1.name 
    from
        utilisateur_permissions p1_0 
    join
        permission p1_1 
            on p1_1.id_permission=p1_0.permission_id 
    where
        p1_0.utilisateur_id=?
2025-12-31 00:23:19 - o.s.orm.jpa.JpaTransactionManager - Initiating transaction commit
2025-12-31 00:23:19 - o.s.orm.jpa.JpaTransactionManager - Committing JPA transaction on EntityManager [SessionImpl(1480530061<open>)]
2025-12-31 00:23:19 - o.s.orm.jpa.JpaTransactionManager - Not closing pre-bound JPA EntityManager after transaction
2025-12-31 00:23:19 - org.hibernate.SQL - 
    select
        b1_0.id_boutique,
        b1_0.adresse,
        b1_0.logo,
        b1_0.nom,
        b1_0.quartier,
        b1_0.telephone 
    from
        boutique b1_0 
    where
        b1_0.id_boutique=?
2025-12-31 00:23:19 - org.hibernate.SQL - 
    select
        b1_0.id_boutique,
        b1_0.adresse,
        b1_0.logo,
        b1_0.nom,
        b1_0.quartier,
        b1_0.telephone 
    from
        boutique b1_0 
    where
        b1_0.id_boutique=?
2025-12-31 00:23:19 - org.hibernate.SQL - 
    select
        b1_0.id_boutique,
        b1_0.adresse,
        b1_0.logo,
        b1_0.nom,
        b1_0.quartier,
        b1_0.telephone 
    from
        boutique b1_0 
    where
        b1_0.id_boutique=?
2025-12-31 00:23:19 - o.s.o.j.s.OpenEntityManagerInViewInterceptor - Closing JPA EntityManager in OpenEntityManagerInViewInterceptor
2025-12-31 00:23:19 - o.s.security.web.FilterChainProxy - Securing GET /api/users
2025-12-31 00:23:19 - c.s.api.security.AuthTokenFilter - Incoming request: GET /api/users - Authorization present? true - startsWithBearer? true
2025-12-31 00:23:19 - o.s.o.j.SharedEntityManagerCreator$SharedEntityManagerInvocationHandler - Creating new EntityManager for shared EntityManager invocation
2025-12-31 00:23:19 - org.hibernate.orm.deprecation - HHH90000021: Encountered deprecated setting [javax.persistence.query.timeout], use [jakarta.persistence.query.timeout] instead
2025-12-31 00:23:19 - org.hibernate.SQL - 
    select
        u1_0.id_utilisateur,
        u1_0.adresse,
        u1_0.avatar,
        u1_0.boutique_id,
        u1_0.contact_utilisateur,
        u1_0.email,
        u1_0.mot_de_passe_utilisateur,
        u1_0.nom_utilisateur,
        u1_0.prenom_utilisateur,
        u1_0.psedeau_utilisateur,
        u1_0.reset_token,
        u1_0.reset_token_expire,
        u1_0.statut,
        u1_0.type_utilisateur 
    from
        utilisateur u1_0 
    where
        upper(u1_0.email)=upper(?)
2025-12-31 00:23:19 - org.hibernate.SQL - 
    select
        r1_0.utilisateur_id,
        r1_1.id_role,
        r1_1.description,
        r1_1.name,
        p1_0.role_id,
        p1_1.id_permission,
        p1_1.description,
        p1_1.name 
    from
        utilisateur_roles r1_0 
    join
        role r1_1 
            on r1_1.id_role=r1_0.role_id 
    left join
        role_permissions p1_0 
            on r1_1.id_role=p1_0.role_id 
    left join
        permission p1_1 
            on p1_1.id_permission=p1_0.permission_id 
    where
        r1_0.utilisateur_id=?
2025-12-31 00:23:19 - org.hibernate.SQL - 
    select
        p1_0.utilisateur_id,
        p1_1.id_permission,
        p1_1.description,
        p1_1.name 
    from
        utilisateur_permissions p1_0 
    join
        permission p1_1 
            on p1_1.id_permission=p1_0.permission_id 
    where
        p1_0.utilisateur_id=?
2025-12-31 00:23:19 - o.s.security.web.FilterChainProxy - Secured GET /api/users
2025-12-31 00:23:19 - c.s.api.security.AuthTokenFilter - Incoming request: GET /api/users - Authorization present? true - startsWithBearer? true
2025-12-31 00:23:19 - o.s.o.j.SharedEntityManagerCreator$SharedEntityManagerInvocationHandler - Creating new EntityManager for shared EntityManager invocation
2025-12-31 00:23:19 - org.hibernate.orm.deprecation - HHH90000021: Encountered deprecated setting [javax.persistence.query.timeout], use [jakarta.persistence.query.timeout] instead
2025-12-31 00:23:19 - org.hibernate.SQL - 
    select
        u1_0.id_utilisateur,
        u1_0.adresse,
        u1_0.avatar,
        u1_0.boutique_id,
        u1_0.contact_utilisateur,
        u1_0.email,
        u1_0.mot_de_passe_utilisateur,
        u1_0.nom_utilisateur,
        u1_0.prenom_utilisateur,
        u1_0.psedeau_utilisateur,
        u1_0.reset_token,
        u1_0.reset_token_expire,
        u1_0.statut,
        u1_0.type_utilisateur 
    from
        utilisateur u1_0 
    where
        upper(u1_0.email)=upper(?)
2025-12-31 00:23:19 - org.hibernate.SQL - 
    select
        r1_0.utilisateur_id,
        r1_1.id_role,
        r1_1.description,
        r1_1.name,
        p1_0.role_id,
        p1_1.id_permission,
        p1_1.description,
        p1_1.name 
    from
        utilisateur_roles r1_0 
    join
        role r1_1 
            on r1_1.id_role=r1_0.role_id 
    left join
        role_permissions p1_0 
            on r1_1.id_role=p1_0.role_id 
    left join
        permission p1_1 
            on p1_1.id_permission=p1_0.permission_id 
    where
        r1_0.utilisateur_id=?
2025-12-31 00:23:19 - org.hibernate.SQL - 
    select
        p1_0.utilisateur_id,
        p1_1.id_permission,
        p1_1.description,
        p1_1.name 
    from
        utilisateur_permissions p1_0 
    join
        permission p1_1 
            on p1_1.id_permission=p1_0.permission_id 
    where
        p1_0.utilisateur_id=?
2025-12-31 00:23:19 - o.s.o.j.s.OpenEntityManagerInViewInterceptor - Opening JPA EntityManager in OpenEntityManagerInViewInterceptor
2025-12-31 00:23:19 - o.s.s.a.m.AuthorizationManagerBeforeMethodInterceptor - Authorizing method invocation ReflectiveMethodInvocation: public java.util.List com.smboutique.api.controller.UtilisateurController.getUsers(); target is of class [com.smboutique.api.controller.UtilisateurController]
2025-12-31 00:23:19 - o.s.s.a.m.AuthorizationManagerBeforeMethodInterceptor - Authorized method invocation ReflectiveMethodInvocation: public java.util.List com.smboutique.api.controller.UtilisateurController.getUsers(); target is of class [com.smboutique.api.controller.UtilisateurController]
2025-12-31 00:23:19 - org.hibernate.orm.deprecation - HHH90000021: Encountered deprecated setting [javax.persistence.query.timeout], use [jakarta.persistence.query.timeout] instead
2025-12-31 00:23:19 - org.hibernate.SQL - 
    select
        u1_0.id_utilisateur,
        u1_0.adresse,
        u1_0.avatar,
        u1_0.boutique_id,
        u1_0.contact_utilisateur,
        u1_0.email,
        u1_0.mot_de_passe_utilisateur,
        u1_0.nom_utilisateur,
        u1_0.prenom_utilisateur,
        u1_0.psedeau_utilisateur,
        u1_0.reset_token,
        u1_0.reset_token_expire,
        u1_0.statut,
        u1_0.type_utilisateur 
    from
        utilisateur u1_0 
    where
        upper(u1_0.email)=upper(?)
2025-12-31 00:23:19 - org.hibernate.SQL - 
    select
        r1_0.utilisateur_id,
        r1_1.id_role,
        r1_1.description,
        r1_1.name,
        p1_0.role_id,
        p1_1.id_permission,
        p1_1.description,
        p1_1.name 
    from
        utilisateur_roles r1_0 
    join
        role r1_1 
            on r1_1.id_role=r1_0.role_id 
    left join
        role_permissions p1_0 
            on r1_1.id_role=p1_0.role_id 
    left join
        permission p1_1 
            on p1_1.id_permission=p1_0.permission_id 
    where
        r1_0.utilisateur_id=?
2025-12-31 00:23:19 - org.hibernate.SQL - 
    select
        p1_0.utilisateur_id,
        p1_1.id_permission,
        p1_1.description,
        p1_1.name 
    from
        utilisateur_permissions p1_0 
    join
        permission p1_1 
            on p1_1.id_permission=p1_0.permission_id 
    where
        p1_0.utilisateur_id=?
2025-12-31 00:23:19 - o.s.orm.jpa.JpaTransactionManager - Found thread-bound EntityManager [SessionImpl(490027924<open>)] for JPA transaction
2025-12-31 00:23:19 - o.s.orm.jpa.JpaTransactionManager - Creating new transaction with name [org.springframework.data.jpa.repository.support.SimpleJpaRepository.findAll]: PROPAGATION_REQUIRED,ISOLATION_DEFAULT,readOnly
2025-12-31 00:23:19 - o.s.orm.jpa.JpaTransactionManager - Exposing JPA transaction as JDBC [org.springframework.orm.jpa.vendor.HibernateJpaDialect$HibernateConnectionHandle@49bc4023]
2025-12-31 00:23:19 - org.hibernate.orm.deprecation - HHH90000021: Encountered deprecated setting [javax.persistence.query.timeout], use [jakarta.persistence.query.timeout] instead
2025-12-31 00:23:19 - org.hibernate.SQL - 
    select
        u1_0.id_utilisateur,
        u1_0.adresse,
        u1_0.avatar,
        u1_0.boutique_id,
        u1_0.contact_utilisateur,
        u1_0.email,
        u1_0.mot_de_passe_utilisateur,
        u1_0.nom_utilisateur,
        u1_0.prenom_utilisateur,
        u1_0.psedeau_utilisateur,
        u1_0.reset_token,
        u1_0.reset_token_expire,
        u1_0.statut,
        u1_0.type_utilisateur 
    from
        utilisateur u1_0
2025-12-31 00:23:19 - org.hibernate.SQL - 
    select
        r1_0.utilisateur_id,
        r1_1.id_role,
        r1_1.description,
        r1_1.name,
        p1_0.role_id,
        p1_1.id_permission,
        p1_1.description,
        p1_1.name 
    from
        utilisateur_roles r1_0 
    join
        role r1_1 
            on r1_1.id_role=r1_0.role_id 
    left join
        role_permissions p1_0 
            on r1_1.id_role=p1_0.role_id 
    left join
        permission p1_1 
            on p1_1.id_permission=p1_0.permission_id 
    where
        r1_0.utilisateur_id=?
2025-12-31 00:23:19 - org.hibernate.SQL - 
    select
        p1_0.utilisateur_id,
        p1_1.id_permission,
        p1_1.description,
        p1_1.name 
    from
        utilisateur_permissions p1_0 
    join
        permission p1_1 
            on p1_1.id_permission=p1_0.permission_id 
    where
        p1_0.utilisateur_id=?
2025-12-31 00:23:19 - org.hibernate.SQL - 
    select
        r1_0.utilisateur_id,
        r1_1.id_role,
        r1_1.description,
        r1_1.name,
        p1_0.role_id,
        p1_1.id_permission,
        p1_1.description,
        p1_1.name 
    from
        utilisateur_roles r1_0 
    join
        role r1_1 
            on r1_1.id_role=r1_0.role_id 
    left join
        role_permissions p1_0 
            on r1_1.id_role=p1_0.role_id 
    left join
        permission p1_1 
            on p1_1.id_permission=p1_0.permission_id 
    where
        r1_0.utilisateur_id=?
2025-12-31 00:23:19 - org.hibernate.SQL - 
    select
        p1_0.utilisateur_id,
        p1_1.id_permission,
        p1_1.description,
        p1_1.name 
    from
        utilisateur_permissions p1_0 
    join
        permission p1_1 
            on p1_1.id_permission=p1_0.permission_id 
    where
        p1_0.utilisateur_id=?
2025-12-31 00:23:19 - o.s.orm.jpa.JpaTransactionManager - Initiating transaction commit
2025-12-31 00:23:19 - o.s.orm.jpa.JpaTransactionManager - Committing JPA transaction on EntityManager [SessionImpl(490027924<open>)]
2025-12-31 00:23:19 - o.s.orm.jpa.JpaTransactionManager - Not closing pre-bound JPA EntityManager after transaction
2025-12-31 00:23:19 - org.hibernate.SQL - 
    select
        b1_0.id_boutique,
        b1_0.adresse,
        b1_0.logo,
        b1_0.nom,
        b1_0.quartier,
        b1_0.telephone 
    from
        boutique b1_0 
    where
        b1_0.id_boutique=?
2025-12-31 00:23:19 - org.hibernate.SQL - 
    select
        b1_0.id_boutique,
        b1_0.adresse,
        b1_0.logo,
        b1_0.nom,
        b1_0.quartier,
        b1_0.telephone 
    from
        boutique b1_0 
    where
        b1_0.id_boutique=?
2025-12-31 00:23:19 - org.hibernate.SQL - 
    select
        b1_0.id_boutique,
        b1_0.adresse,
        b1_0.logo,
        b1_0.nom,
        b1_0.quartier,
        b1_0.telephone 
    from
        boutique b1_0 
    where
        b1_0.id_boutique=?
2025-12-31 00:23:19 - o.s.o.j.s.OpenEntityManagerInViewInterceptor - Closing JPA EntityManager in OpenEntityManagerInViewInterceptor
2025-12-31 00:23:19 - o.s.security.web.FilterChainProxy - Securing OPTIONS /api/boutiques
2025-12-31 00:23:19 - o.s.security.web.FilterChainProxy - Securing GET /api/boutiques
2025-12-31 00:23:19 - c.s.api.security.AuthTokenFilter - Incoming request: GET /api/boutiques - Authorization present? true - startsWithBearer? true
2025-12-31 00:23:19 - o.s.o.j.SharedEntityManagerCreator$SharedEntityManagerInvocationHandler - Creating new EntityManager for shared EntityManager invocation
2025-12-31 00:23:19 - org.hibernate.orm.deprecation - HHH90000021: Encountered deprecated setting [javax.persistence.query.timeout], use [jakarta.persistence.query.timeout] instead
2025-12-31 00:23:19 - org.hibernate.SQL - 
    select
        u1_0.id_utilisateur,
        u1_0.adresse,
        u1_0.avatar,
        u1_0.boutique_id,
        u1_0.contact_utilisateur,
        u1_0.email,
        u1_0.mot_de_passe_utilisateur,
        u1_0.nom_utilisateur,
        u1_0.prenom_utilisateur,
        u1_0.psedeau_utilisateur,
        u1_0.reset_token,
        u1_0.reset_token_expire,
        u1_0.statut,
        u1_0.type_utilisateur 
    from
        utilisateur u1_0 
    where
        upper(u1_0.email)=upper(?)
2025-12-31 00:23:19 - org.hibernate.SQL - 
    select
        r1_0.utilisateur_id,
        r1_1.id_role,
        r1_1.description,
        r1_1.name,
        p1_0.role_id,
        p1_1.id_permission,
        p1_1.description,
        p1_1.name 
    from
        utilisateur_roles r1_0 
    join
        role r1_1 
            on r1_1.id_role=r1_0.role_id 
    left join
        role_permissions p1_0 
            on r1_1.id_role=p1_0.role_id 
    left join
        permission p1_1 
            on p1_1.id_permission=p1_0.permission_id 
    where
        r1_0.utilisateur_id=?
2025-12-31 00:23:19 - org.hibernate.SQL - 
    select
        p1_0.utilisateur_id,
        p1_1.id_permission,
        p1_1.description,
        p1_1.name 
    from
        utilisateur_permissions p1_0 
    join
        permission p1_1 
            on p1_1.id_permission=p1_0.permission_id 
    where
        p1_0.utilisateur_id=?
2025-12-31 00:23:19 - o.s.security.web.FilterChainProxy - Secured GET /api/boutiques
2025-12-31 00:23:19 - c.s.api.security.AuthTokenFilter - Incoming request: GET /api/boutiques - Authorization present? true - startsWithBearer? true
2025-12-31 00:23:19 - o.s.o.j.SharedEntityManagerCreator$SharedEntityManagerInvocationHandler - Creating new EntityManager for shared EntityManager invocation
2025-12-31 00:23:19 - org.hibernate.orm.deprecation - HHH90000021: Encountered deprecated setting [javax.persistence.query.timeout], use [jakarta.persistence.query.timeout] instead
2025-12-31 00:23:19 - org.hibernate.SQL - 
    select
        u1_0.id_utilisateur,
        u1_0.adresse,
        u1_0.avatar,
        u1_0.boutique_id,
        u1_0.contact_utilisateur,
        u1_0.email,
        u1_0.mot_de_passe_utilisateur,
        u1_0.nom_utilisateur,
        u1_0.prenom_utilisateur,
        u1_0.psedeau_utilisateur,
        u1_0.reset_token,
        u1_0.reset_token_expire,
        u1_0.statut,
        u1_0.type_utilisateur 
    from
        utilisateur u1_0 
    where
        upper(u1_0.email)=upper(?)
2025-12-31 00:23:19 - org.hibernate.SQL - 
    select
        r1_0.utilisateur_id,
        r1_1.id_role,
        r1_1.description,
        r1_1.name,
        p1_0.role_id,
        p1_1.id_permission,
        p1_1.description,
        p1_1.name 
    from
        utilisateur_roles r1_0 
    join
        role r1_1 
            on r1_1.id_role=r1_0.role_id 
    left join
        role_permissions p1_0 
            on r1_1.id_role=p1_0.role_id 
    left join
        permission p1_1 
            on p1_1.id_permission=p1_0.permission_id 
    where
        r1_0.utilisateur_id=?
2025-12-31 00:23:19 - org.hibernate.SQL - 
    select
        p1_0.utilisateur_id,
        p1_1.id_permission,
        p1_1.description,
        p1_1.name 
    from
        utilisateur_permissions p1_0 
    join
        permission p1_1 
            on p1_1.id_permission=p1_0.permission_id 
    where
        p1_0.utilisateur_id=?
2025-12-31 00:23:19 - o.s.o.j.s.OpenEntityManagerInViewInterceptor - Opening JPA EntityManager in OpenEntityManagerInViewInterceptor
2025-12-31 00:23:19 - o.s.s.a.m.AuthorizationManagerBeforeMethodInterceptor - Authorizing method invocation ReflectiveMethodInvocation: public java.util.List com.smboutique.api.controller.BoutiqueController.getAllBoutiques(); target is of class [com.smboutique.api.controller.BoutiqueController]
2025-12-31 00:23:19 - o.s.s.a.m.AuthorizationManagerBeforeMethodInterceptor - Authorized method invocation ReflectiveMethodInvocation: public java.util.List com.smboutique.api.controller.BoutiqueController.getAllBoutiques(); target is of class [com.smboutique.api.controller.BoutiqueController]
2025-12-31 00:23:19 - org.hibernate.orm.deprecation - HHH90000021: Encountered deprecated setting [javax.persistence.query.timeout], use [jakarta.persistence.query.timeout] instead
2025-12-31 00:23:19 - org.hibernate.SQL - 
    select
        u1_0.id_utilisateur,
        u1_0.adresse,
        u1_0.avatar,
        u1_0.boutique_id,
        u1_0.contact_utilisateur,
        u1_0.email,
        u1_0.mot_de_passe_utilisateur,
        u1_0.nom_utilisateur,
        u1_0.prenom_utilisateur,
        u1_0.psedeau_utilisateur,
        u1_0.reset_token,
        u1_0.reset_token_expire,
        u1_0.statut,
        u1_0.type_utilisateur 
    from
        utilisateur u1_0 
    where
        upper(u1_0.email)=upper(?)
2025-12-31 00:23:19 - org.hibernate.SQL - 
    select
        r1_0.utilisateur_id,
        r1_1.id_role,
        r1_1.description,
        r1_1.name,
        p1_0.role_id,
        p1_1.id_permission,
        p1_1.description,
        p1_1.name 
    from
        utilisateur_roles r1_0 
    join
        role r1_1 
            on r1_1.id_role=r1_0.role_id 
    left join
        role_permissions p1_0 
            on r1_1.id_role=p1_0.role_id 
    left join
        permission p1_1 
            on p1_1.id_permission=p1_0.permission_id 
    where
        r1_0.utilisateur_id=?
2025-12-31 00:23:19 - org.hibernate.SQL - 
    select
        p1_0.utilisateur_id,
        p1_1.id_permission,
        p1_1.description,
        p1_1.name 
    from
        utilisateur_permissions p1_0 
    join
        permission p1_1 
            on p1_1.id_permission=p1_0.permission_id 
    where
        p1_0.utilisateur_id=?
2025-12-31 00:23:19 - o.s.orm.jpa.JpaTransactionManager - Found thread-bound EntityManager [SessionImpl(1196253939<open>)] for JPA transaction
2025-12-31 00:23:19 - o.s.orm.jpa.JpaTransactionManager - Creating new transaction with name [org.springframework.data.jpa.repository.support.SimpleJpaRepository.findAll]: PROPAGATION_REQUIRED,ISOLATION_DEFAULT,readOnly
2025-12-31 00:23:19 - o.s.orm.jpa.JpaTransactionManager - Exposing JPA transaction as JDBC [org.springframework.orm.jpa.vendor.HibernateJpaDialect$HibernateConnectionHandle@33e8d9e8]
2025-12-31 00:23:19 - org.hibernate.orm.deprecation - HHH90000021: Encountered deprecated setting [javax.persistence.query.timeout], use [jakarta.persistence.query.timeout] instead
2025-12-31 00:23:19 - org.hibernate.SQL - 
    select
        b1_0.id_boutique,
        b1_0.adresse,
        b1_0.logo,
        b1_0.nom,
        b1_0.quartier,
        b1_0.telephone 
    from
        boutique b1_0
2025-12-31 00:23:19 - o.s.orm.jpa.JpaTransactionManager - Initiating transaction commit
2025-12-31 00:23:19 - o.s.orm.jpa.JpaTransactionManager - Committing JPA transaction on EntityManager [SessionImpl(1196253939<open>)]
2025-12-31 00:23:19 - o.s.orm.jpa.JpaTransactionManager - Not closing pre-bound JPA EntityManager after transaction
2025-12-31 00:23:19 - o.s.o.j.s.OpenEntityManagerInViewInterceptor - Closing JPA EntityManager in OpenEntityManagerInViewInterceptor
2025-12-31 00:23:19 - o.s.security.web.FilterChainProxy - Securing GET /api/boutiques
2025-12-31 00:23:19 - c.s.api.security.AuthTokenFilter - Incoming request: GET /api/boutiques - Authorization present? true - startsWithBearer? true
2025-12-31 00:23:19 - o.s.o.j.SharedEntityManagerCreator$SharedEntityManagerInvocationHandler - Creating new EntityManager for shared EntityManager invocation
2025-12-31 00:23:19 - org.hibernate.orm.deprecation - HHH90000021: Encountered deprecated setting [javax.persistence.query.timeout], use [jakarta.persistence.query.timeout] instead
2025-12-31 00:23:19 - org.hibernate.SQL - 
    select
        u1_0.id_utilisateur,
        u1_0.adresse,
        u1_0.avatar,
        u1_0.boutique_id,
        u1_0.contact_utilisateur,
        u1_0.email,
        u1_0.mot_de_passe_utilisateur,
        u1_0.nom_utilisateur,
        u1_0.prenom_utilisateur,
        u1_0.psedeau_utilisateur,
        u1_0.reset_token,
        u1_0.reset_token_expire,
        u1_0.statut,
        u1_0.type_utilisateur 
    from
        utilisateur u1_0 
    where
        upper(u1_0.email)=upper(?)
2025-12-31 00:23:19 - org.hibernate.SQL - 
    select
        r1_0.utilisateur_id,
        r1_1.id_role,
        r1_1.description,
        r1_1.name,
        p1_0.role_id,
        p1_1.id_permission,
        p1_1.description,
        p1_1.name 
    from
        utilisateur_roles r1_0 
    join
        role r1_1 
            on r1_1.id_role=r1_0.role_id 
    left join
        role_permissions p1_0 
            on r1_1.id_role=p1_0.role_id 
    left join
        permission p1_1 
            on p1_1.id_permission=p1_0.permission_id 
    where
        r1_0.utilisateur_id=?
2025-12-31 00:23:19 - o.s.security.web.FilterChainProxy - Securing OPTIONS /api/roles
2025-12-31 00:23:19 - org.hibernate.SQL - 
    select
        p1_0.utilisateur_id,
        p1_1.id_permission,
        p1_1.description,
        p1_1.name 
    from
        utilisateur_permissions p1_0 
    join
        permission p1_1 
            on p1_1.id_permission=p1_0.permission_id 
    where
        p1_0.utilisateur_id=?
2025-12-31 00:23:19 - o.s.security.web.FilterChainProxy - Secured GET /api/boutiques
2025-12-31 00:23:19 - c.s.api.security.AuthTokenFilter - Incoming request: GET /api/boutiques - Authorization present? true - startsWithBearer? true
2025-12-31 00:23:19 - o.s.o.j.SharedEntityManagerCreator$SharedEntityManagerInvocationHandler - Creating new EntityManager for shared EntityManager invocation
2025-12-31 00:23:19 - org.hibernate.orm.deprecation - HHH90000021: Encountered deprecated setting [javax.persistence.query.timeout], use [jakarta.persistence.query.timeout] instead
2025-12-31 00:23:19 - org.hibernate.SQL - 
    select
        u1_0.id_utilisateur,
        u1_0.adresse,
        u1_0.avatar,
        u1_0.boutique_id,
        u1_0.contact_utilisateur,
        u1_0.email,
        u1_0.mot_de_passe_utilisateur,
        u1_0.nom_utilisateur,
        u1_0.prenom_utilisateur,
        u1_0.psedeau_utilisateur,
        u1_0.reset_token,
        u1_0.reset_token_expire,
        u1_0.statut,
        u1_0.type_utilisateur 
    from
        utilisateur u1_0 
    where
        upper(u1_0.email)=upper(?)
2025-12-31 00:23:19 - org.hibernate.SQL - 
    select
        r1_0.utilisateur_id,
        r1_1.id_role,
        r1_1.description,
        r1_1.name,
        p1_0.role_id,
        p1_1.id_permission,
        p1_1.description,
        p1_1.name 
    from
        utilisateur_roles r1_0 
    join
        role r1_1 
            on r1_1.id_role=r1_0.role_id 
    left join
        role_permissions p1_0 
            on r1_1.id_role=p1_0.role_id 
    left join
        permission p1_1 
            on p1_1.id_permission=p1_0.permission_id 
    where
        r1_0.utilisateur_id=?
2025-12-31 00:23:19 - org.hibernate.SQL - 
    select
        p1_0.utilisateur_id,
        p1_1.id_permission,
        p1_1.description,
        p1_1.name 
    from
        utilisateur_permissions p1_0 
    join
        permission p1_1 
            on p1_1.id_permission=p1_0.permission_id 
    where
        p1_0.utilisateur_id=?
2025-12-31 00:23:19 - o.s.o.j.s.OpenEntityManagerInViewInterceptor - Opening JPA EntityManager in OpenEntityManagerInViewInterceptor
2025-12-31 00:23:19 - o.s.s.a.m.AuthorizationManagerBeforeMethodInterceptor - Authorizing method invocation ReflectiveMethodInvocation: public java.util.List com.smboutique.api.controller.BoutiqueController.getAllBoutiques(); target is of class [com.smboutique.api.controller.BoutiqueController]
2025-12-31 00:23:19 - o.s.s.a.m.AuthorizationManagerBeforeMethodInterceptor - Authorized method invocation ReflectiveMethodInvocation: public java.util.List com.smboutique.api.controller.BoutiqueController.getAllBoutiques(); target is of class [com.smboutique.api.controller.BoutiqueController]
2025-12-31 00:23:19 - o.s.security.web.FilterChainProxy - Securing GET /api/roles
2025-12-31 00:23:19 - org.hibernate.orm.deprecation - HHH90000021: Encountered deprecated setting [javax.persistence.query.timeout], use [jakarta.persistence.query.timeout] instead
2025-12-31 00:23:19 - c.s.api.security.AuthTokenFilter - Incoming request: GET /api/roles - Authorization present? true - startsWithBearer? true
2025-12-31 00:23:19 - org.hibernate.SQL - 
    select
        u1_0.id_utilisateur,
        u1_0.adresse,
        u1_0.avatar,
        u1_0.boutique_id,
        u1_0.contact_utilisateur,
        u1_0.email,
        u1_0.mot_de_passe_utilisateur,
        u1_0.nom_utilisateur,
        u1_0.prenom_utilisateur,
        u1_0.psedeau_utilisateur,
        u1_0.reset_token,
        u1_0.reset_token_expire,
        u1_0.statut,
        u1_0.type_utilisateur 
    from
        utilisateur u1_0 
    where
        upper(u1_0.email)=upper(?)
2025-12-31 00:23:19 - org.hibernate.SQL - 
    select
        r1_0.utilisateur_id,
        r1_1.id_role,
        r1_1.description,
        r1_1.name,
        p1_0.role_id,
        p1_1.id_permission,
        p1_1.description,
        p1_1.name 
    from
        utilisateur_roles r1_0 
    join
        role r1_1 
            on r1_1.id_role=r1_0.role_id 
    left join
        role_permissions p1_0 
            on r1_1.id_role=p1_0.role_id 
    left join
        permission p1_1 
            on p1_1.id_permission=p1_0.permission_id 
    where
        r1_0.utilisateur_id=?
2025-12-31 00:23:19 - o.s.o.j.SharedEntityManagerCreator$SharedEntityManagerInvocationHandler - Creating new EntityManager for shared EntityManager invocation
2025-12-31 00:23:19 - org.hibernate.orm.deprecation - HHH90000021: Encountered deprecated setting [javax.persistence.query.timeout], use [jakarta.persistence.query.timeout] instead
2025-12-31 00:23:19 - org.hibernate.SQL - 
    select
        p1_0.utilisateur_id,
        p1_1.id_permission,
        p1_1.description,
        p1_1.name 
    from
        utilisateur_permissions p1_0 
    join
        permission p1_1 
            on p1_1.id_permission=p1_0.permission_id 
    where
        p1_0.utilisateur_id=?
2025-12-31 00:23:19 - org.hibernate.SQL - 
    select
        u1_0.id_utilisateur,
        u1_0.adresse,
        u1_0.avatar,
        u1_0.boutique_id,
        u1_0.contact_utilisateur,
        u1_0.email,
        u1_0.mot_de_passe_utilisateur,
        u1_0.nom_utilisateur,
        u1_0.prenom_utilisateur,
        u1_0.psedeau_utilisateur,
        u1_0.reset_token,
        u1_0.reset_token_expire,
        u1_0.statut,
        u1_0.type_utilisateur 
    from
        utilisateur u1_0 
    where
        upper(u1_0.email)=upper(?)
2025-12-31 00:23:19 - o.s.orm.jpa.JpaTransactionManager - Found thread-bound EntityManager [SessionImpl(1500735017<open>)] for JPA transaction
2025-12-31 00:23:19 - o.s.orm.jpa.JpaTransactionManager - Creating new transaction with name [org.springframework.data.jpa.repository.support.SimpleJpaRepository.findAll]: PROPAGATION_REQUIRED,ISOLATION_DEFAULT,readOnly
2025-12-31 00:23:19 - org.hibernate.SQL - 
    select
        r1_0.utilisateur_id,
        r1_1.id_role,
        r1_1.description,
        r1_1.name,
        p1_0.role_id,
        p1_1.id_permission,
        p1_1.description,
        p1_1.name 
    from
        utilisateur_roles r1_0 
    join
        role r1_1 
            on r1_1.id_role=r1_0.role_id 
    left join
        role_permissions p1_0 
            on r1_1.id_role=p1_0.role_id 
    left join
        permission p1_1 
            on p1_1.id_permission=p1_0.permission_id 
    where
        r1_0.utilisateur_id=?
2025-12-31 00:23:19 - o.s.orm.jpa.JpaTransactionManager - Exposing JPA transaction as JDBC [org.springframework.orm.jpa.vendor.HibernateJpaDialect$HibernateConnectionHandle@7ee0402]
2025-12-31 00:23:19 - org.hibernate.orm.deprecation - HHH90000021: Encountered deprecated setting [javax.persistence.query.timeout], use [jakarta.persistence.query.timeout] instead
2025-12-31 00:23:19 - org.hibernate.SQL - 
    select
        b1_0.id_boutique,
        b1_0.adresse,
        b1_0.logo,
        b1_0.nom,
        b1_0.quartier,
        b1_0.telephone 
    from
        boutique b1_0
2025-12-31 00:23:19 - o.s.orm.jpa.JpaTransactionManager - Initiating transaction commit
2025-12-31 00:23:19 - o.s.orm.jpa.JpaTransactionManager - Committing JPA transaction on EntityManager [SessionImpl(1500735017<open>)]
2025-12-31 00:23:19 - o.s.orm.jpa.JpaTransactionManager - Not closing pre-bound JPA EntityManager after transaction
2025-12-31 00:23:19 - o.s.o.j.s.OpenEntityManagerInViewInterceptor - Closing JPA EntityManager in OpenEntityManagerInViewInterceptor
2025-12-31 00:23:19 - org.hibernate.SQL - 
    select
        p1_0.utilisateur_id,
        p1_1.id_permission,
        p1_1.description,
        p1_1.name 
    from
        utilisateur_permissions p1_0 
    join
        permission p1_1 
            on p1_1.id_permission=p1_0.permission_id 
    where
        p1_0.utilisateur_id=?
2025-12-31 00:23:19 - o.s.security.web.FilterChainProxy - Secured GET /api/roles
2025-12-31 00:23:19 - c.s.api.security.AuthTokenFilter - Incoming request: GET /api/roles - Authorization present? true - startsWithBearer? true
2025-12-31 00:23:19 - o.s.o.j.SharedEntityManagerCreator$SharedEntityManagerInvocationHandler - Creating new EntityManager for shared EntityManager invocation
2025-12-31 00:23:19 - org.hibernate.orm.deprecation - HHH90000021: Encountered deprecated setting [javax.persistence.query.timeout], use [jakarta.persistence.query.timeout] instead
2025-12-31 00:23:19 - org.hibernate.SQL - 
    select
        u1_0.id_utilisateur,
        u1_0.adresse,
        u1_0.avatar,
        u1_0.boutique_id,
        u1_0.contact_utilisateur,
        u1_0.email,
        u1_0.mot_de_passe_utilisateur,
        u1_0.nom_utilisateur,
        u1_0.prenom_utilisateur,
        u1_0.psedeau_utilisateur,
        u1_0.reset_token,
        u1_0.reset_token_expire,
        u1_0.statut,
        u1_0.type_utilisateur 
    from
        utilisateur u1_0 
    where
        upper(u1_0.email)=upper(?)
2025-12-31 00:23:19 - org.hibernate.SQL - 
    select
        r1_0.utilisateur_id,
        r1_1.id_role,
        r1_1.description,
        r1_1.name,
        p1_0.role_id,
        p1_1.id_permission,
        p1_1.description,
        p1_1.name 
    from
        utilisateur_roles r1_0 
    join
        role r1_1 
            on r1_1.id_role=r1_0.role_id 
    left join
        role_permissions p1_0 
            on r1_1.id_role=p1_0.role_id 
    left join
        permission p1_1 
            on p1_1.id_permission=p1_0.permission_id 
    where
        r1_0.utilisateur_id=?
2025-12-31 00:23:19 - org.hibernate.SQL - 
    select
        p1_0.utilisateur_id,
        p1_1.id_permission,
        p1_1.description,
        p1_1.name 
    from
        utilisateur_permissions p1_0 
    join
        permission p1_1 
            on p1_1.id_permission=p1_0.permission_id 
    where
        p1_0.utilisateur_id=?
2025-12-31 00:23:19 - o.s.o.j.s.OpenEntityManagerInViewInterceptor - Opening JPA EntityManager in OpenEntityManagerInViewInterceptor
2025-12-31 00:23:19 - o.s.orm.jpa.JpaTransactionManager - Found thread-bound EntityManager [SessionImpl(602230144<open>)] for JPA transaction
2025-12-31 00:23:19 - o.s.orm.jpa.JpaTransactionManager - Creating new transaction with name [org.springframework.data.jpa.repository.support.SimpleJpaRepository.findAll]: PROPAGATION_REQUIRED,ISOLATION_DEFAULT,readOnly
2025-12-31 00:23:19 - o.s.orm.jpa.JpaTransactionManager - Exposing JPA transaction as JDBC [org.springframework.orm.jpa.vendor.HibernateJpaDialect$HibernateConnectionHandle@6f946fb1]
2025-12-31 00:23:19 - org.hibernate.orm.deprecation - HHH90000021: Encountered deprecated setting [javax.persistence.query.timeout], use [jakarta.persistence.query.timeout] instead
2025-12-31 00:23:19 - org.hibernate.SQL - 
    select
        r1_0.id_role,
        r1_0.description,
        r1_0.name 
    from
        role r1_0
2025-12-31 00:23:19 - org.hibernate.SQL - 
    select
        p1_0.role_id,
        p1_1.id_permission,
        p1_1.description,
        p1_1.name 
    from
        role_permissions p1_0 
    join
        permission p1_1 
            on p1_1.id_permission=p1_0.permission_id 
    where
        p1_0.role_id=?
2025-12-31 00:23:19 - org.hibernate.SQL - 
    select
        p1_0.role_id,
        p1_1.id_permission,
        p1_1.description,
        p1_1.name 
    from
        role_permissions p1_0 
    join
        permission p1_1 
            on p1_1.id_permission=p1_0.permission_id 
    where
        p1_0.role_id=?
2025-12-31 00:23:19 - org.hibernate.SQL - 
    select
        p1_0.role_id,
        p1_1.id_permission,
        p1_1.description,
        p1_1.name 
    from
        role_permissions p1_0 
    join
        permission p1_1 
            on p1_1.id_permission=p1_0.permission_id 
    where
        p1_0.role_id=?
2025-12-31 00:23:19 - org.hibernate.SQL - 
    select
        p1_0.role_id,
        p1_1.id_permission,
        p1_1.description,
        p1_1.name 
    from
        role_permissions p1_0 
    join
        permission p1_1 
            on p1_1.id_permission=p1_0.permission_id 
    where
        p1_0.role_id=?
2025-12-31 00:23:19 - org.hibernate.SQL - 
    select
        p1_0.role_id,
        p1_1.id_permission,
        p1_1.description,
        p1_1.name 
    from
        role_permissions p1_0 
    join
        permission p1_1 
            on p1_1.id_permission=p1_0.permission_id 
    where
        p1_0.role_id=?
2025-12-31 00:23:19 - o.s.orm.jpa.JpaTransactionManager - Initiating transaction commit
2025-12-31 00:23:19 - o.s.orm.jpa.JpaTransactionManager - Committing JPA transaction on EntityManager [SessionImpl(602230144<open>)]
2025-12-31 00:23:19 - o.s.orm.jpa.JpaTransactionManager - Not closing pre-bound JPA EntityManager after transaction
2025-12-31 00:23:19 - o.s.o.j.s.OpenEntityManagerInViewInterceptor - Closing JPA EntityManager in OpenEntityManagerInViewInterceptor
2025-12-31 00:23:19 - o.s.security.web.FilterChainProxy - Securing GET /api/roles
2025-12-31 00:23:19 - c.s.api.security.AuthTokenFilter - Incoming request: GET /api/roles - Authorization present? true - startsWithBearer? true
2025-12-31 00:23:19 - o.s.o.j.SharedEntityManagerCreator$SharedEntityManagerInvocationHandler - Creating new EntityManager for shared EntityManager invocation
2025-12-31 00:23:19 - org.hibernate.orm.deprecation - HHH90000021: Encountered deprecated setting [javax.persistence.query.timeout], use [jakarta.persistence.query.timeout] instead
2025-12-31 00:23:19 - org.hibernate.SQL - 
    select
        u1_0.id_utilisateur,
        u1_0.adresse,
        u1_0.avatar,
        u1_0.boutique_id,
        u1_0.contact_utilisateur,
        u1_0.email,
        u1_0.mot_de_passe_utilisateur,
        u1_0.nom_utilisateur,
        u1_0.prenom_utilisateur,
        u1_0.psedeau_utilisateur,
        u1_0.reset_token,
        u1_0.reset_token_expire,
        u1_0.statut,
        u1_0.type_utilisateur 
    from
        utilisateur u1_0 
    where
        upper(u1_0.email)=upper(?)
2025-12-31 00:23:19 - org.hibernate.SQL - 
    select
        r1_0.utilisateur_id,
        r1_1.id_role,
        r1_1.description,
        r1_1.name,
        p1_0.role_id,
        p1_1.id_permission,
        p1_1.description,
        p1_1.name 
    from
        utilisateur_roles r1_0 
    join
        role r1_1 
            on r1_1.id_role=r1_0.role_id 
    left join
        role_permissions p1_0 
            on r1_1.id_role=p1_0.role_id 
    left join
        permission p1_1 
            on p1_1.id_permission=p1_0.permission_id 
    where
        r1_0.utilisateur_id=?
2025-12-31 00:23:19 - org.hibernate.SQL - 
    select
        p1_0.utilisateur_id,
        p1_1.id_permission,
        p1_1.description,
        p1_1.name 
    from
        utilisateur_permissions p1_0 
    join
        permission p1_1 
            on p1_1.id_permission=p1_0.permission_id 
    where
        p1_0.utilisateur_id=?
2025-12-31 00:23:19 - o.s.security.web.FilterChainProxy - Secured GET /api/roles
2025-12-31 00:23:19 - c.s.api.security.AuthTokenFilter - Incoming request: GET /api/roles - Authorization present? true - startsWithBearer? true
2025-12-31 00:23:19 - o.s.o.j.SharedEntityManagerCreator$SharedEntityManagerInvocationHandler - Creating new EntityManager for shared EntityManager invocation
2025-12-31 00:23:19 - org.hibernate.orm.deprecation - HHH90000021: Encountered deprecated setting [javax.persistence.query.timeout], use [jakarta.persistence.query.timeout] instead
2025-12-31 00:23:19 - org.hibernate.SQL - 
    select
        u1_0.id_utilisateur,
        u1_0.adresse,
        u1_0.avatar,
        u1_0.boutique_id,
        u1_0.contact_utilisateur,
        u1_0.email,
        u1_0.mot_de_passe_utilisateur,
        u1_0.nom_utilisateur,
        u1_0.prenom_utilisateur,
        u1_0.psedeau_utilisateur,
        u1_0.reset_token,
        u1_0.reset_token_expire,
        u1_0.statut,
        u1_0.type_utilisateur 
    from
        utilisateur u1_0 
    where
        upper(u1_0.email)=upper(?)
2025-12-31 00:23:19 - org.hibernate.SQL - 
    select
        r1_0.utilisateur_id,
        r1_1.id_role,
        r1_1.description,
        r1_1.name,
        p1_0.role_id,
        p1_1.id_permission,
        p1_1.description,
        p1_1.name 
    from
        utilisateur_roles r1_0 
    join
        role r1_1 
            on r1_1.id_role=r1_0.role_id 
    left join
        role_permissions p1_0 
            on r1_1.id_role=p1_0.role_id 
    left join
        permission p1_1 
            on p1_1.id_permission=p1_0.permission_id 
    where
        r1_0.utilisateur_id=?
2025-12-31 00:23:19 - org.hibernate.SQL - 
    select
        p1_0.utilisateur_id,
        p1_1.id_permission,
        p1_1.description,
        p1_1.name 
    from
        utilisateur_permissions p1_0 
    join
        permission p1_1 
            on p1_1.id_permission=p1_0.permission_id 
    where
        p1_0.utilisateur_id=?
2025-12-31 00:23:19 - o.s.o.j.s.OpenEntityManagerInViewInterceptor - Opening JPA EntityManager in OpenEntityManagerInViewInterceptor
2025-12-31 00:23:19 - o.s.orm.jpa.JpaTransactionManager - Found thread-bound EntityManager [SessionImpl(3921330<open>)] for JPA transaction
2025-12-31 00:23:19 - o.s.orm.jpa.JpaTransactionManager - Creating new transaction with name [org.springframework.data.jpa.repository.support.SimpleJpaRepository.findAll]: PROPAGATION_REQUIRED,ISOLATION_DEFAULT,readOnly
2025-12-31 00:23:19 - o.s.orm.jpa.JpaTransactionManager - Exposing JPA transaction as JDBC [org.springframework.orm.jpa.vendor.HibernateJpaDialect$HibernateConnectionHandle@7fba7454]
2025-12-31 00:23:19 - org.hibernate.orm.deprecation - HHH90000021: Encountered deprecated setting [javax.persistence.query.timeout], use [jakarta.persistence.query.timeout] instead
2025-12-31 00:23:19 - org.hibernate.SQL - 
    select
        r1_0.id_role,
        r1_0.description,
        r1_0.name 
    from
        role r1_0
2025-12-31 00:23:19 - org.hibernate.SQL - 
    select
        p1_0.role_id,
        p1_1.id_permission,
        p1_1.description,
        p1_1.name 
    from
        role_permissions p1_0 
    join
        permission p1_1 
            on p1_1.id_permission=p1_0.permission_id 
    where
        p1_0.role_id=?
2025-12-31 00:23:19 - org.hibernate.SQL - 
    select
        p1_0.role_id,
        p1_1.id_permission,
        p1_1.description,
        p1_1.name 
    from
        role_permissions p1_0 
    join
        permission p1_1 
            on p1_1.id_permission=p1_0.permission_id 
    where
        p1_0.role_id=?
2025-12-31 00:23:19 - org.hibernate.SQL - 
    select
        p1_0.role_id,
        p1_1.id_permission,
        p1_1.description,
        p1_1.name 
    from
        role_permissions p1_0 
    join
        permission p1_1 
            on p1_1.id_permission=p1_0.permission_id 
    where
        p1_0.role_id=?
2025-12-31 00:23:19 - org.hibernate.SQL - 
    select
        p1_0.role_id,
        p1_1.id_permission,
        p1_1.description,
        p1_1.name 
    from
        role_permissions p1_0 
    join
        permission p1_1 
            on p1_1.id_permission=p1_0.permission_id 
    where
        p1_0.role_id=?
2025-12-31 00:23:19 - org.hibernate.SQL - 
    select
        p1_0.role_id,
        p1_1.id_permission,
        p1_1.description,
        p1_1.name 
    from
        role_permissions p1_0 
    join
        permission p1_1 
            on p1_1.id_permission=p1_0.permission_id 
    where
        p1_0.role_id=?
2025-12-31 00:23:19 - o.s.orm.jpa.JpaTransactionManager - Initiating transaction commit
2025-12-31 00:23:19 - o.s.orm.jpa.JpaTransactionManager - Committing JPA transaction on EntityManager [SessionImpl(3921330<open>)]
2025-12-31 00:23:19 - o.s.orm.jpa.JpaTransactionManager - Not closing pre-bound JPA EntityManager after transaction
2025-12-31 00:23:19 - o.s.o.j.s.OpenEntityManagerInViewInterceptor - Closing JPA EntityManager in OpenEntityManagerInViewInterceptor
2025-12-31 00:23:20 - o.s.security.web.FilterChainProxy - Securing OPTIONS /api/permissions
2025-12-31 00:23:20 - o.s.security.web.FilterChainProxy - Securing OPTIONS /api/permissions
2025-12-31 00:23:21 - o.s.security.web.FilterChainProxy - Securing GET /api/permissions
2025-12-31 00:23:21 - c.s.api.security.AuthTokenFilter - Incoming request: GET /api/permissions - Authorization present? true - startsWithBearer? true
2025-12-31 00:23:21 - o.s.o.j.SharedEntityManagerCreator$SharedEntityManagerInvocationHandler - Creating new EntityManager for shared EntityManager invocation
2025-12-31 00:23:21 - org.hibernate.orm.deprecation - HHH90000021: Encountered deprecated setting [javax.persistence.query.timeout], use [jakarta.persistence.query.timeout] instead
2025-12-31 00:23:21 - org.hibernate.SQL - 
    select
        u1_0.id_utilisateur,
        u1_0.adresse,
        u1_0.avatar,
        u1_0.boutique_id,
        u1_0.contact_utilisateur,
        u1_0.email,
        u1_0.mot_de_passe_utilisateur,
        u1_0.nom_utilisateur,
        u1_0.prenom_utilisateur,
        u1_0.psedeau_utilisateur,
        u1_0.reset_token,
        u1_0.reset_token_expire,
        u1_0.statut,
        u1_0.type_utilisateur 
    from
        utilisateur u1_0 
    where
        upper(u1_0.email)=upper(?)
2025-12-31 00:23:21 - org.hibernate.SQL - 
    select
        r1_0.utilisateur_id,
        r1_1.id_role,
        r1_1.description,
        r1_1.name,
        p1_0.role_id,
        p1_1.id_permission,
        p1_1.description,
        p1_1.name 
    from
        utilisateur_roles r1_0 
    join
        role r1_1 
            on r1_1.id_role=r1_0.role_id 
    left join
        role_permissions p1_0 
            on r1_1.id_role=p1_0.role_id 
    left join
        permission p1_1 
            on p1_1.id_permission=p1_0.permission_id 
    where
        r1_0.utilisateur_id=?
2025-12-31 00:23:21 - org.hibernate.SQL - 
    select
        p1_0.utilisateur_id,
        p1_1.id_permission,
        p1_1.description,
        p1_1.name 
    from
        utilisateur_permissions p1_0 
    join
        permission p1_1 
            on p1_1.id_permission=p1_0.permission_id 
    where
        p1_0.utilisateur_id=?
2025-12-31 00:23:21 - o.s.security.web.FilterChainProxy - Secured GET /api/permissions
2025-12-31 00:23:21 - c.s.api.security.AuthTokenFilter - Incoming request: GET /api/permissions - Authorization present? true - startsWithBearer? true
2025-12-31 00:23:21 - o.s.o.j.SharedEntityManagerCreator$SharedEntityManagerInvocationHandler - Creating new EntityManager for shared EntityManager invocation
2025-12-31 00:23:21 - org.hibernate.orm.deprecation - HHH90000021: Encountered deprecated setting [javax.persistence.query.timeout], use [jakarta.persistence.query.timeout] instead
2025-12-31 00:23:21 - org.hibernate.SQL - 
    select
        u1_0.id_utilisateur,
        u1_0.adresse,
        u1_0.avatar,
        u1_0.boutique_id,
        u1_0.contact_utilisateur,
        u1_0.email,
        u1_0.mot_de_passe_utilisateur,
        u1_0.nom_utilisateur,
        u1_0.prenom_utilisateur,
        u1_0.psedeau_utilisateur,
        u1_0.reset_token,
        u1_0.reset_token_expire,
        u1_0.statut,
        u1_0.type_utilisateur 
    from
        utilisateur u1_0 
    where
        upper(u1_0.email)=upper(?)
2025-12-31 00:23:21 - org.hibernate.SQL - 
    select
        r1_0.utilisateur_id,
        r1_1.id_role,
        r1_1.description,
        r1_1.name,
        p1_0.role_id,
        p1_1.id_permission,
        p1_1.description,
        p1_1.name 
    from
        utilisateur_roles r1_0 
    join
        role r1_1 
            on r1_1.id_role=r1_0.role_id 
    left join
        role_permissions p1_0 
            on r1_1.id_role=p1_0.role_id 
    left join
        permission p1_1 
            on p1_1.id_permission=p1_0.permission_id 
    where
        r1_0.utilisateur_id=?
2025-12-31 00:23:21 - org.hibernate.SQL - 
    select
        p1_0.utilisateur_id,
        p1_1.id_permission,
        p1_1.description,
        p1_1.name 
    from
        utilisateur_permissions p1_0 
    join
        permission p1_1 
            on p1_1.id_permission=p1_0.permission_id 
    where
        p1_0.utilisateur_id=?
2025-12-31 00:23:21 - o.s.o.j.s.OpenEntityManagerInViewInterceptor - Opening JPA EntityManager in OpenEntityManagerInViewInterceptor
2025-12-31 00:23:21 - o.s.orm.jpa.JpaTransactionManager - Found thread-bound EntityManager [SessionImpl(1347712284<open>)] for JPA transaction
2025-12-31 00:23:21 - o.s.orm.jpa.JpaTransactionManager - Creating new transaction with name [org.springframework.data.jpa.repository.support.SimpleJpaRepository.findAll]: PROPAGATION_REQUIRED,ISOLATION_DEFAULT,readOnly
2025-12-31 00:23:21 - o.s.orm.jpa.JpaTransactionManager - Exposing JPA transaction as JDBC [org.springframework.orm.jpa.vendor.HibernateJpaDialect$HibernateConnectionHandle@790818a5]
2025-12-31 00:23:21 - org.hibernate.orm.deprecation - HHH90000021: Encountered deprecated setting [javax.persistence.query.timeout], use [jakarta.persistence.query.timeout] instead
2025-12-31 00:23:21 - org.hibernate.SQL - 
    select
        p1_0.id_permission,
        p1_0.description,
        p1_0.name 
    from
        permission p1_0
2025-12-31 00:23:21 - o.s.orm.jpa.JpaTransactionManager - Initiating transaction commit
2025-12-31 00:23:21 - o.s.orm.jpa.JpaTransactionManager - Committing JPA transaction on EntityManager [SessionImpl(1347712284<open>)]
2025-12-31 00:23:21 - o.s.orm.jpa.JpaTransactionManager - Not closing pre-bound JPA EntityManager after transaction
2025-12-31 00:23:21 - o.s.o.j.s.OpenEntityManagerInViewInterceptor - Closing JPA EntityManager in OpenEntityManagerInViewInterceptor
2025-12-31 00:23:21 - o.s.security.web.FilterChainProxy - Securing GET /api/permissions
2025-12-31 00:23:21 - c.s.api.security.AuthTokenFilter - Incoming request: GET /api/permissions - Authorization present? true - startsWithBearer? true
2025-12-31 00:23:21 - o.s.o.j.SharedEntityManagerCreator$SharedEntityManagerInvocationHandler - Creating new EntityManager for shared EntityManager invocation
2025-12-31 00:23:21 - org.hibernate.orm.deprecation - HHH90000021: Encountered deprecated setting [javax.persistence.query.timeout], use [jakarta.persistence.query.timeout] instead
2025-12-31 00:23:21 - org.hibernate.SQL - 
    select
        u1_0.id_utilisateur,
        u1_0.adresse,
        u1_0.avatar,
        u1_0.boutique_id,
        u1_0.contact_utilisateur,
        u1_0.email,
        u1_0.mot_de_passe_utilisateur,
        u1_0.nom_utilisateur,
        u1_0.prenom_utilisateur,
        u1_0.psedeau_utilisateur,
        u1_0.reset_token,
        u1_0.reset_token_expire,
        u1_0.statut,
        u1_0.type_utilisateur 
    from
        utilisateur u1_0 
    where
        upper(u1_0.email)=upper(?)
2025-12-31 00:23:21 - org.hibernate.SQL - 
    select
        r1_0.utilisateur_id,
        r1_1.id_role,
        r1_1.description,
        r1_1.name,
        p1_0.role_id,
        p1_1.id_permission,
        p1_1.description,
        p1_1.name 
    from
        utilisateur_roles r1_0 
    join
        role r1_1 
            on r1_1.id_role=r1_0.role_id 
    left join
        role_permissions p1_0 
            on r1_1.id_role=p1_0.role_id 
    left join
        permission p1_1 
            on p1_1.id_permission=p1_0.permission_id 
    where
        r1_0.utilisateur_id=?
2025-12-31 00:23:21 - org.hibernate.SQL - 
    select
        p1_0.utilisateur_id,
        p1_1.id_permission,
        p1_1.description,
        p1_1.name 
    from
        utilisateur_permissions p1_0 
    join
        permission p1_1 
            on p1_1.id_permission=p1_0.permission_id 
    where
        p1_0.utilisateur_id=?
2025-12-31 00:23:21 - o.s.security.web.FilterChainProxy - Secured GET /api/permissions
2025-12-31 00:23:21 - c.s.api.security.AuthTokenFilter - Incoming request: GET /api/permissions - Authorization present? true - startsWithBearer? true
2025-12-31 00:23:21 - o.s.o.j.SharedEntityManagerCreator$SharedEntityManagerInvocationHandler - Creating new EntityManager for shared EntityManager invocation
2025-12-31 00:23:21 - org.hibernate.orm.deprecation - HHH90000021: Encountered deprecated setting [javax.persistence.query.timeout], use [jakarta.persistence.query.timeout] instead
2025-12-31 00:23:21 - org.hibernate.SQL - 
    select
        u1_0.id_utilisateur,
        u1_0.adresse,
        u1_0.avatar,
        u1_0.boutique_id,
        u1_0.contact_utilisateur,
        u1_0.email,
        u1_0.mot_de_passe_utilisateur,
        u1_0.nom_utilisateur,
        u1_0.prenom_utilisateur,
        u1_0.psedeau_utilisateur,
        u1_0.reset_token,
        u1_0.reset_token_expire,
        u1_0.statut,
        u1_0.type_utilisateur 
    from
        utilisateur u1_0 
    where
        upper(u1_0.email)=upper(?)
2025-12-31 00:23:21 - org.hibernate.SQL - 
    select
        r1_0.utilisateur_id,
        r1_1.id_role,
        r1_1.description,
        r1_1.name,
        p1_0.role_id,
        p1_1.id_permission,
        p1_1.description,
        p1_1.name 
    from
        utilisateur_roles r1_0 
    join
        role r1_1 
            on r1_1.id_role=r1_0.role_id 
    left join
        role_permissions p1_0 
            on r1_1.id_role=p1_0.role_id 
    left join
        permission p1_1 
            on p1_1.id_permission=p1_0.permission_id 
    where
        r1_0.utilisateur_id=?
2025-12-31 00:23:21 - org.hibernate.SQL - 
    select
        p1_0.utilisateur_id,
        p1_1.id_permission,
        p1_1.description,
        p1_1.name 
    from
        utilisateur_permissions p1_0 
    join
        permission p1_1 
            on p1_1.id_permission=p1_0.permission_id 
    where
        p1_0.utilisateur_id=?
2025-12-31 00:23:21 - o.s.o.j.s.OpenEntityManagerInViewInterceptor - Opening JPA EntityManager in OpenEntityManagerInViewInterceptor
2025-12-31 00:23:21 - o.s.orm.jpa.JpaTransactionManager - Found thread-bound EntityManager [SessionImpl(1275940595<open>)] for JPA transaction
2025-12-31 00:23:21 - o.s.orm.jpa.JpaTransactionManager - Creating new transaction with name [org.springframework.data.jpa.repository.support.SimpleJpaRepository.findAll]: PROPAGATION_REQUIRED,ISOLATION_DEFAULT,readOnly
2025-12-31 00:23:21 - o.s.orm.jpa.JpaTransactionManager - Exposing JPA transaction as JDBC [org.springframework.orm.jpa.vendor.HibernateJpaDialect$HibernateConnectionHandle@3abbd38b]
2025-12-31 00:23:21 - org.hibernate.orm.deprecation - HHH90000021: Encountered deprecated setting [javax.persistence.query.timeout], use [jakarta.persistence.query.timeout] instead
2025-12-31 00:23:21 - org.hibernate.SQL - 
    select
        p1_0.id_permission,
        p1_0.description,
        p1_0.name 
    from
        permission p1_0
2025-12-31 00:23:21 - o.s.orm.jpa.JpaTransactionManager - Initiating transaction commit
2025-12-31 00:23:21 - o.s.orm.jpa.JpaTransactionManager - Committing JPA transaction on EntityManager [SessionImpl(1275940595<open>)]
2025-12-31 00:23:21 - o.s.orm.jpa.JpaTransactionManager - Not closing pre-bound JPA EntityManager after transaction
2025-12-31 00:23:21 - o.s.o.j.s.OpenEntityManagerInViewInterceptor - Closing JPA EntityManager in OpenEntityManagerInViewInterceptor
2025-12-31 00:23:57 - o.s.security.web.FilterChainProxy - Securing OPTIONS /api/permissions
2025-12-31 00:23:57 - o.s.security.web.FilterChainProxy - Securing POST /api/permissions
2025-12-31 00:23:57 - c.s.api.security.AuthTokenFilter - Incoming request: POST /api/permissions - Authorization present? true - startsWithBearer? true
2025-12-31 00:23:57 - o.s.o.j.SharedEntityManagerCreator$SharedEntityManagerInvocationHandler - Creating new EntityManager for shared EntityManager invocation
2025-12-31 00:23:57 - org.hibernate.orm.deprecation - HHH90000021: Encountered deprecated setting [javax.persistence.query.timeout], use [jakarta.persistence.query.timeout] instead
2025-12-31 00:23:57 - org.hibernate.SQL - 
    select
        u1_0.id_utilisateur,
        u1_0.adresse,
        u1_0.avatar,
        u1_0.boutique_id,
        u1_0.contact_utilisateur,
        u1_0.email,
        u1_0.mot_de_passe_utilisateur,
        u1_0.nom_utilisateur,
        u1_0.prenom_utilisateur,
        u1_0.psedeau_utilisateur,
        u1_0.reset_token,
        u1_0.reset_token_expire,
        u1_0.statut,
        u1_0.type_utilisateur 
    from
        utilisateur u1_0 
    where
        upper(u1_0.email)=upper(?)
2025-12-31 00:23:57 - org.hibernate.SQL - 
    select
        r1_0.utilisateur_id,
        r1_1.id_role,
        r1_1.description,
        r1_1.name,
        p1_0.role_id,
        p1_1.id_permission,
        p1_1.description,
        p1_1.name 
    from
        utilisateur_roles r1_0 
    join
        role r1_1 
            on r1_1.id_role=r1_0.role_id 
    left join
        role_permissions p1_0 
            on r1_1.id_role=p1_0.role_id 
    left join
        permission p1_1 
            on p1_1.id_permission=p1_0.permission_id 
    where
        r1_0.utilisateur_id=?
2025-12-31 00:23:57 - org.hibernate.SQL - 
    select
        p1_0.utilisateur_id,
        p1_1.id_permission,
        p1_1.description,
        p1_1.name 
    from
        utilisateur_permissions p1_0 
    join
        permission p1_1 
            on p1_1.id_permission=p1_0.permission_id 
    where
        p1_0.utilisateur_id=?
2025-12-31 00:23:57 - o.s.security.web.FilterChainProxy - Secured POST /api/permissions
2025-12-31 00:23:57 - c.s.api.security.AuthTokenFilter - Incoming request: POST /api/permissions - Authorization present? true - startsWithBearer? true
2025-12-31 00:23:57 - o.s.o.j.SharedEntityManagerCreator$SharedEntityManagerInvocationHandler - Creating new EntityManager for shared EntityManager invocation
2025-12-31 00:23:57 - org.hibernate.orm.deprecation - HHH90000021: Encountered deprecated setting [javax.persistence.query.timeout], use [jakarta.persistence.query.timeout] instead
2025-12-31 00:23:57 - org.hibernate.SQL - 
    select
        u1_0.id_utilisateur,
        u1_0.adresse,
        u1_0.avatar,
        u1_0.boutique_id,
        u1_0.contact_utilisateur,
        u1_0.email,
        u1_0.mot_de_passe_utilisateur,
        u1_0.nom_utilisateur,
        u1_0.prenom_utilisateur,
        u1_0.psedeau_utilisateur,
        u1_0.reset_token,
        u1_0.reset_token_expire,
        u1_0.statut,
        u1_0.type_utilisateur 
    from
        utilisateur u1_0 
    where
        upper(u1_0.email)=upper(?)
2025-12-31 00:23:57 - org.hibernate.SQL - 
    select
        r1_0.utilisateur_id,
        r1_1.id_role,
        r1_1.description,
        r1_1.name,
        p1_0.role_id,
        p1_1.id_permission,
        p1_1.description,
        p1_1.name 
    from
        utilisateur_roles r1_0 
    join
        role r1_1 
            on r1_1.id_role=r1_0.role_id 
    left join
        role_permissions p1_0 
            on r1_1.id_role=p1_0.role_id 
    left join
        permission p1_1 
            on p1_1.id_permission=p1_0.permission_id 
    where
        r1_0.utilisateur_id=?
2025-12-31 00:23:57 - org.hibernate.SQL - 
    select
        p1_0.utilisateur_id,
        p1_1.id_permission,
        p1_1.description,
        p1_1.name 
    from
        utilisateur_permissions p1_0 
    join
        permission p1_1 
            on p1_1.id_permission=p1_0.permission_id 
    where
        p1_0.utilisateur_id=?
2025-12-31 00:23:57 - o.s.o.j.s.OpenEntityManagerInViewInterceptor - Opening JPA EntityManager in OpenEntityManagerInViewInterceptor
2025-12-31 00:23:57 - o.s.orm.jpa.JpaTransactionManager - Found thread-bound EntityManager [SessionImpl(870928754<open>)] for JPA transaction
2025-12-31 00:23:57 - o.s.orm.jpa.JpaTransactionManager - Creating new transaction with name [org.springframework.data.jpa.repository.support.SimpleJpaRepository.save]: PROPAGATION_REQUIRED,ISOLATION_DEFAULT
2025-12-31 00:23:57 - o.s.orm.jpa.JpaTransactionManager - Exposing JPA transaction as JDBC [org.springframework.orm.jpa.vendor.HibernateJpaDialect$HibernateConnectionHandle@101476b2]
2025-12-31 00:23:57 - org.hibernate.SQL - 
    insert 
    into
        permission
        (description, name) 
    values
        (?, ?)
2025-12-31 00:23:57 - o.s.orm.jpa.JpaTransactionManager - Initiating transaction commit
2025-12-31 00:23:57 - o.s.orm.jpa.JpaTransactionManager - Committing JPA transaction on EntityManager [SessionImpl(870928754<open>)]
2025-12-31 00:23:57 - o.s.orm.jpa.JpaTransactionManager - Not closing pre-bound JPA EntityManager after transaction
2025-12-31 00:23:57 - o.s.o.j.s.OpenEntityManagerInViewInterceptor - Closing JPA EntityManager in OpenEntityManagerInViewInterceptor
2025-12-31 00:23:57 - o.s.security.web.FilterChainProxy - Securing GET /api/permissions
2025-12-31 00:23:57 - c.s.api.security.AuthTokenFilter - Incoming request: GET /api/permissions - Authorization present? true - startsWithBearer? true
2025-12-31 00:23:57 - o.s.o.j.SharedEntityManagerCreator$SharedEntityManagerInvocationHandler - Creating new EntityManager for shared EntityManager invocation
2025-12-31 00:23:57 - org.hibernate.orm.deprecation - HHH90000021: Encountered deprecated setting [javax.persistence.query.timeout], use [jakarta.persistence.query.timeout] instead
2025-12-31 00:23:57 - org.hibernate.SQL - 
    select
        u1_0.id_utilisateur,
        u1_0.adresse,
        u1_0.avatar,
        u1_0.boutique_id,
        u1_0.contact_utilisateur,
        u1_0.email,
        u1_0.mot_de_passe_utilisateur,
        u1_0.nom_utilisateur,
        u1_0.prenom_utilisateur,
        u1_0.psedeau_utilisateur,
        u1_0.reset_token,
        u1_0.reset_token_expire,
        u1_0.statut,
        u1_0.type_utilisateur 
    from
        utilisateur u1_0 
    where
        upper(u1_0.email)=upper(?)
2025-12-31 00:23:57 - org.hibernate.SQL - 
    select
        r1_0.utilisateur_id,
        r1_1.id_role,
        r1_1.description,
        r1_1.name,
        p1_0.role_id,
        p1_1.id_permission,
        p1_1.description,
        p1_1.name 
    from
        utilisateur_roles r1_0 
    join
        role r1_1 
            on r1_1.id_role=r1_0.role_id 
    left join
        role_permissions p1_0 
            on r1_1.id_role=p1_0.role_id 
    left join
        permission p1_1 
            on p1_1.id_permission=p1_0.permission_id 
    where
        r1_0.utilisateur_id=?
2025-12-31 00:23:57 - org.hibernate.SQL - 
    select
        p1_0.utilisateur_id,
        p1_1.id_permission,
        p1_1.description,
        p1_1.name 
    from
        utilisateur_permissions p1_0 
    join
        permission p1_1 
            on p1_1.id_permission=p1_0.permission_id 
    where
        p1_0.utilisateur_id=?
2025-12-31 00:23:57 - o.s.security.web.FilterChainProxy - Secured GET /api/permissions
2025-12-31 00:23:57 - c.s.api.security.AuthTokenFilter - Incoming request: GET /api/permissions - Authorization present? true - startsWithBearer? true
2025-12-31 00:23:57 - o.s.o.j.SharedEntityManagerCreator$SharedEntityManagerInvocationHandler - Creating new EntityManager for shared EntityManager invocation
2025-12-31 00:23:57 - org.hibernate.orm.deprecation - HHH90000021: Encountered deprecated setting [javax.persistence.query.timeout], use [jakarta.persistence.query.timeout] instead
2025-12-31 00:23:57 - org.hibernate.SQL - 
    select
        u1_0.id_utilisateur,
        u1_0.adresse,
        u1_0.avatar,
        u1_0.boutique_id,
        u1_0.contact_utilisateur,
        u1_0.email,
        u1_0.mot_de_passe_utilisateur,
        u1_0.nom_utilisateur,
        u1_0.prenom_utilisateur,
        u1_0.psedeau_utilisateur,
        u1_0.reset_token,
        u1_0.reset_token_expire,
        u1_0.statut,
        u1_0.type_utilisateur 
    from
        utilisateur u1_0 
    where
        upper(u1_0.email)=upper(?)
2025-12-31 00:23:57 - org.hibernate.SQL - 
    select
        r1_0.utilisateur_id,
        r1_1.id_role,
        r1_1.description,
        r1_1.name,
        p1_0.role_id,
        p1_1.id_permission,
        p1_1.description,
        p1_1.name 
    from
        utilisateur_roles r1_0 
    join
        role r1_1 
            on r1_1.id_role=r1_0.role_id 
    left join
        role_permissions p1_0 
            on r1_1.id_role=p1_0.role_id 
    left join
        permission p1_1 
            on p1_1.id_permission=p1_0.permission_id 
    where
        r1_0.utilisateur_id=?
2025-12-31 00:23:57 - org.hibernate.SQL - 
    select
        p1_0.utilisateur_id,
        p1_1.id_permission,
        p1_1.description,
        p1_1.name 
    from
        utilisateur_permissions p1_0 
    join
        permission p1_1 
            on p1_1.id_permission=p1_0.permission_id 
    where
        p1_0.utilisateur_id=?
2025-12-31 00:23:57 - o.s.o.j.s.OpenEntityManagerInViewInterceptor - Opening JPA EntityManager in OpenEntityManagerInViewInterceptor
2025-12-31 00:23:57 - o.s.orm.jpa.JpaTransactionManager - Found thread-bound EntityManager [SessionImpl(1929264336<open>)] for JPA transaction
2025-12-31 00:23:57 - o.s.orm.jpa.JpaTransactionManager - Creating new transaction with name [org.springframework.data.jpa.repository.support.SimpleJpaRepository.findAll]: PROPAGATION_REQUIRED,ISOLATION_DEFAULT,readOnly
2025-12-31 00:23:57 - o.s.orm.jpa.JpaTransactionManager - Exposing JPA transaction as JDBC [org.springframework.orm.jpa.vendor.HibernateJpaDialect$HibernateConnectionHandle@3fe21eb]
2025-12-31 00:23:57 - org.hibernate.orm.deprecation - HHH90000021: Encountered deprecated setting [javax.persistence.query.timeout], use [jakarta.persistence.query.timeout] instead
2025-12-31 00:23:57 - org.hibernate.SQL - 
    select
        p1_0.id_permission,
        p1_0.description,
        p1_0.name 
    from
        permission p1_0
2025-12-31 00:23:57 - o.s.orm.jpa.JpaTransactionManager - Initiating transaction commit
2025-12-31 00:23:57 - o.s.orm.jpa.JpaTransactionManager - Committing JPA transaction on EntityManager [SessionImpl(1929264336<open>)]
2025-12-31 00:23:57 - o.s.orm.jpa.JpaTransactionManager - Not closing pre-bound JPA EntityManager after transaction
2025-12-31 00:23:57 - o.s.o.j.s.OpenEntityManagerInViewInterceptor - Closing JPA EntityManager in OpenEntityManagerInViewInterceptor
2025-12-31 00:24:20 - o.s.security.web.FilterChainProxy - Securing OPTIONS /api/permissions
2025-12-31 00:24:20 - o.s.security.web.FilterChainProxy - Securing POST /api/permissions
2025-12-31 00:24:20 - c.s.api.security.AuthTokenFilter - Incoming request: POST /api/permissions - Authorization present? true - startsWithBearer? true
2025-12-31 00:24:20 - o.s.o.j.SharedEntityManagerCreator$SharedEntityManagerInvocationHandler - Creating new EntityManager for shared EntityManager invocation
2025-12-31 00:24:20 - org.hibernate.orm.deprecation - HHH90000021: Encountered deprecated setting [javax.persistence.query.timeout], use [jakarta.persistence.query.timeout] instead
2025-12-31 00:24:20 - org.hibernate.SQL - 
    select
        u1_0.id_utilisateur,
        u1_0.adresse,
        u1_0.avatar,
        u1_0.boutique_id,
        u1_0.contact_utilisateur,
        u1_0.email,
        u1_0.mot_de_passe_utilisateur,
        u1_0.nom_utilisateur,
        u1_0.prenom_utilisateur,
        u1_0.psedeau_utilisateur,
        u1_0.reset_token,
        u1_0.reset_token_expire,
        u1_0.statut,
        u1_0.type_utilisateur 
    from
        utilisateur u1_0 
    where
        upper(u1_0.email)=upper(?)
2025-12-31 00:24:20 - org.hibernate.SQL - 
    select
        r1_0.utilisateur_id,
        r1_1.id_role,
        r1_1.description,
        r1_1.name,
        p1_0.role_id,
        p1_1.id_permission,
        p1_1.description,
        p1_1.name 
    from
        utilisateur_roles r1_0 
    join
        role r1_1 
            on r1_1.id_role=r1_0.role_id 
    left join
        role_permissions p1_0 
            on r1_1.id_role=p1_0.role_id 
    left join
        permission p1_1 
            on p1_1.id_permission=p1_0.permission_id 
    where
        r1_0.utilisateur_id=?
2025-12-31 00:24:20 - org.hibernate.SQL - 
    select
        p1_0.utilisateur_id,
        p1_1.id_permission,
        p1_1.description,
        p1_1.name 
    from
        utilisateur_permissions p1_0 
    join
        permission p1_1 
            on p1_1.id_permission=p1_0.permission_id 
    where
        p1_0.utilisateur_id=?
2025-12-31 00:24:20 - o.s.security.web.FilterChainProxy - Secured POST /api/permissions
2025-12-31 00:24:20 - c.s.api.security.AuthTokenFilter - Incoming request: POST /api/permissions - Authorization present? true - startsWithBearer? true
2025-12-31 00:24:20 - o.s.o.j.SharedEntityManagerCreator$SharedEntityManagerInvocationHandler - Creating new EntityManager for shared EntityManager invocation
2025-12-31 00:24:20 - org.hibernate.orm.deprecation - HHH90000021: Encountered deprecated setting [javax.persistence.query.timeout], use [jakarta.persistence.query.timeout] instead
2025-12-31 00:24:20 - org.hibernate.SQL - 
    select
        u1_0.id_utilisateur,
        u1_0.adresse,
        u1_0.avatar,
        u1_0.boutique_id,
        u1_0.contact_utilisateur,
        u1_0.email,
        u1_0.mot_de_passe_utilisateur,
        u1_0.nom_utilisateur,
        u1_0.prenom_utilisateur,
        u1_0.psedeau_utilisateur,
        u1_0.reset_token,
        u1_0.reset_token_expire,
        u1_0.statut,
        u1_0.type_utilisateur 
    from
        utilisateur u1_0 
    where
        upper(u1_0.email)=upper(?)
2025-12-31 00:24:20 - org.hibernate.SQL - 
    select
        r1_0.utilisateur_id,
        r1_1.id_role,
        r1_1.description,
        r1_1.name,
        p1_0.role_id,
        p1_1.id_permission,
        p1_1.description,
        p1_1.name 
    from
        utilisateur_roles r1_0 
    join
        role r1_1 
            on r1_1.id_role=r1_0.role_id 
    left join
        role_permissions p1_0 
            on r1_1.id_role=p1_0.role_id 
    left join
        permission p1_1 
            on p1_1.id_permission=p1_0.permission_id 
    where
        r1_0.utilisateur_id=?
2025-12-31 00:24:20 - org.hibernate.SQL - 
    select
        p1_0.utilisateur_id,
        p1_1.id_permission,
        p1_1.description,
        p1_1.name 
    from
        utilisateur_permissions p1_0 
    join
        permission p1_1 
            on p1_1.id_permission=p1_0.permission_id 
    where
        p1_0.utilisateur_id=?
2025-12-31 00:24:20 - o.s.o.j.s.OpenEntityManagerInViewInterceptor - Opening JPA EntityManager in OpenEntityManagerInViewInterceptor
2025-12-31 00:24:20 - o.s.orm.jpa.JpaTransactionManager - Found thread-bound EntityManager [SessionImpl(1249390088<open>)] for JPA transaction
2025-12-31 00:24:20 - o.s.orm.jpa.JpaTransactionManager - Creating new transaction with name [org.springframework.data.jpa.repository.support.SimpleJpaRepository.save]: PROPAGATION_REQUIRED,ISOLATION_DEFAULT
2025-12-31 00:24:20 - o.s.orm.jpa.JpaTransactionManager - Exposing JPA transaction as JDBC [org.springframework.orm.jpa.vendor.HibernateJpaDialect$HibernateConnectionHandle@264e4ff5]
2025-12-31 00:24:20 - org.hibernate.SQL - 
    insert 
    into
        permission
        (description, name) 
    values
        (?, ?)
2025-12-31 00:24:20 - o.s.orm.jpa.JpaTransactionManager - Initiating transaction commit
2025-12-31 00:24:20 - o.s.orm.jpa.JpaTransactionManager - Committing JPA transaction on EntityManager [SessionImpl(1249390088<open>)]
2025-12-31 00:24:20 - o.s.orm.jpa.JpaTransactionManager - Not closing pre-bound JPA EntityManager after transaction
2025-12-31 00:24:20 - o.s.o.j.s.OpenEntityManagerInViewInterceptor - Closing JPA EntityManager in OpenEntityManagerInViewInterceptor
2025-12-31 00:24:20 - o.s.security.web.FilterChainProxy - Securing GET /api/permissions
2025-12-31 00:24:20 - c.s.api.security.AuthTokenFilter - Incoming request: GET /api/permissions - Authorization present? true - startsWithBearer? true
2025-12-31 00:24:20 - o.s.o.j.SharedEntityManagerCreator$SharedEntityManagerInvocationHandler - Creating new EntityManager for shared EntityManager invocation
2025-12-31 00:24:20 - org.hibernate.orm.deprecation - HHH90000021: Encountered deprecated setting [javax.persistence.query.timeout], use [jakarta.persistence.query.timeout] instead
2025-12-31 00:24:20 - org.hibernate.SQL - 
    select
        u1_0.id_utilisateur,
        u1_0.adresse,
        u1_0.avatar,
        u1_0.boutique_id,
        u1_0.contact_utilisateur,
        u1_0.email,
        u1_0.mot_de_passe_utilisateur,
        u1_0.nom_utilisateur,
        u1_0.prenom_utilisateur,
        u1_0.psedeau_utilisateur,
        u1_0.reset_token,
        u1_0.reset_token_expire,
        u1_0.statut,
        u1_0.type_utilisateur 
    from
        utilisateur u1_0 
    where
        upper(u1_0.email)=upper(?)
2025-12-31 00:24:20 - org.hibernate.SQL - 
    select
        r1_0.utilisateur_id,
        r1_1.id_role,
        r1_1.description,
        r1_1.name,
        p1_0.role_id,
        p1_1.id_permission,
        p1_1.description,
        p1_1.name 
    from
        utilisateur_roles r1_0 
    join
        role r1_1 
            on r1_1.id_role=r1_0.role_id 
    left join
        role_permissions p1_0 
            on r1_1.id_role=p1_0.role_id 
    left join
        permission p1_1 
            on p1_1.id_permission=p1_0.permission_id 
    where
        r1_0.utilisateur_id=?
2025-12-31 00:24:20 - org.hibernate.SQL - 
    select
        p1_0.utilisateur_id,
        p1_1.id_permission,
        p1_1.description,
        p1_1.name 
    from
        utilisateur_permissions p1_0 
    join
        permission p1_1 
            on p1_1.id_permission=p1_0.permission_id 
    where
        p1_0.utilisateur_id=?
2025-12-31 00:24:20 - o.s.security.web.FilterChainProxy - Secured GET /api/permissions
2025-12-31 00:24:20 - c.s.api.security.AuthTokenFilter - Incoming request: GET /api/permissions - Authorization present? true - startsWithBearer? true
2025-12-31 00:24:20 - o.s.o.j.SharedEntityManagerCreator$SharedEntityManagerInvocationHandler - Creating new EntityManager for shared EntityManager invocation
2025-12-31 00:24:20 - org.hibernate.orm.deprecation - HHH90000021: Encountered deprecated setting [javax.persistence.query.timeout], use [jakarta.persistence.query.timeout] instead
2025-12-31 00:24:20 - org.hibernate.SQL - 
    select
        u1_0.id_utilisateur,
        u1_0.adresse,
        u1_0.avatar,
        u1_0.boutique_id,
        u1_0.contact_utilisateur,
        u1_0.email,
        u1_0.mot_de_passe_utilisateur,
        u1_0.nom_utilisateur,
        u1_0.prenom_utilisateur,
        u1_0.psedeau_utilisateur,
        u1_0.reset_token,
        u1_0.reset_token_expire,
        u1_0.statut,
        u1_0.type_utilisateur 
    from
        utilisateur u1_0 
    where
        upper(u1_0.email)=upper(?)
2025-12-31 00:24:20 - org.hibernate.SQL - 
    select
        r1_0.utilisateur_id,
        r1_1.id_role,
        r1_1.description,
        r1_1.name,
        p1_0.role_id,
        p1_1.id_permission,
        p1_1.description,
        p1_1.name 
    from
        utilisateur_roles r1_0 
    join
        role r1_1 
            on r1_1.id_role=r1_0.role_id 
    left join
        role_permissions p1_0 
            on r1_1.id_role=p1_0.role_id 
    left join
        permission p1_1 
            on p1_1.id_permission=p1_0.permission_id 
    where
        r1_0.utilisateur_id=?
2025-12-31 00:24:20 - org.hibernate.SQL - 
    select
        p1_0.utilisateur_id,
        p1_1.id_permission,
        p1_1.description,
        p1_1.name 
    from
        utilisateur_permissions p1_0 
    join
        permission p1_1 
            on p1_1.id_permission=p1_0.permission_id 
    where
        p1_0.utilisateur_id=?
2025-12-31 00:24:20 - o.s.o.j.s.OpenEntityManagerInViewInterceptor - Opening JPA EntityManager in OpenEntityManagerInViewInterceptor
2025-12-31 00:24:20 - o.s.orm.jpa.JpaTransactionManager - Found thread-bound EntityManager [SessionImpl(468587666<open>)] for JPA transaction
2025-12-31 00:24:20 - o.s.orm.jpa.JpaTransactionManager - Creating new transaction with name [org.springframework.data.jpa.repository.support.SimpleJpaRepository.findAll]: PROPAGATION_REQUIRED,ISOLATION_DEFAULT,readOnly
2025-12-31 00:24:20 - o.s.orm.jpa.JpaTransactionManager - Exposing JPA transaction as JDBC [org.springframework.orm.jpa.vendor.HibernateJpaDialect$HibernateConnectionHandle@9097c82]
2025-12-31 00:24:20 - org.hibernate.orm.deprecation - HHH90000021: Encountered deprecated setting [javax.persistence.query.timeout], use [jakarta.persistence.query.timeout] instead
2025-12-31 00:24:20 - org.hibernate.SQL - 
    select
        p1_0.id_permission,
        p1_0.description,
        p1_0.name 
    from
        permission p1_0
2025-12-31 00:24:20 - o.s.orm.jpa.JpaTransactionManager - Initiating transaction commit
2025-12-31 00:24:20 - o.s.orm.jpa.JpaTransactionManager - Committing JPA transaction on EntityManager [SessionImpl(468587666<open>)]
2025-12-31 00:24:20 - o.s.orm.jpa.JpaTransactionManager - Not closing pre-bound JPA EntityManager after transaction
2025-12-31 00:24:20 - o.s.o.j.s.OpenEntityManagerInViewInterceptor - Closing JPA EntityManager in OpenEntityManagerInViewInterceptor
2025-12-31 00:24:49 - o.s.security.web.FilterChainProxy - Securing OPTIONS /api/permissions
2025-12-31 00:24:49 - o.s.security.web.FilterChainProxy - Securing POST /api/permissions
2025-12-31 00:24:49 - c.s.api.security.AuthTokenFilter - Incoming request: POST /api/permissions - Authorization present? true - startsWithBearer? true
2025-12-31 00:24:49 - o.s.o.j.SharedEntityManagerCreator$SharedEntityManagerInvocationHandler - Creating new EntityManager for shared EntityManager invocation
2025-12-31 00:24:49 - org.hibernate.orm.deprecation - HHH90000021: Encountered deprecated setting [javax.persistence.query.timeout], use [jakarta.persistence.query.timeout] instead
2025-12-31 00:24:49 - org.hibernate.SQL - 
    select
        u1_0.id_utilisateur,
        u1_0.adresse,
        u1_0.avatar,
        u1_0.boutique_id,
        u1_0.contact_utilisateur,
        u1_0.email,
        u1_0.mot_de_passe_utilisateur,
        u1_0.nom_utilisateur,
        u1_0.prenom_utilisateur,
        u1_0.psedeau_utilisateur,
        u1_0.reset_token,
        u1_0.reset_token_expire,
        u1_0.statut,
        u1_0.type_utilisateur 
    from
        utilisateur u1_0 
    where
        upper(u1_0.email)=upper(?)
2025-12-31 00:24:49 - org.hibernate.SQL - 
    select
        r1_0.utilisateur_id,
        r1_1.id_role,
        r1_1.description,
        r1_1.name,
        p1_0.role_id,
        p1_1.id_permission,
        p1_1.description,
        p1_1.name 
    from
        utilisateur_roles r1_0 
    join
        role r1_1 
            on r1_1.id_role=r1_0.role_id 
    left join
        role_permissions p1_0 
            on r1_1.id_role=p1_0.role_id 
    left join
        permission p1_1 
            on p1_1.id_permission=p1_0.permission_id 
    where
        r1_0.utilisateur_id=?
2025-12-31 00:24:49 - org.hibernate.SQL - 
    select
        p1_0.utilisateur_id,
        p1_1.id_permission,
        p1_1.description,
        p1_1.name 
    from
        utilisateur_permissions p1_0 
    join
        permission p1_1 
            on p1_1.id_permission=p1_0.permission_id 
    where
        p1_0.utilisateur_id=?
2025-12-31 00:24:49 - o.s.security.web.FilterChainProxy - Secured POST /api/permissions
2025-12-31 00:24:49 - c.s.api.security.AuthTokenFilter - Incoming request: POST /api/permissions - Authorization present? true - startsWithBearer? true
2025-12-31 00:24:49 - o.s.o.j.SharedEntityManagerCreator$SharedEntityManagerInvocationHandler - Creating new EntityManager for shared EntityManager invocation
2025-12-31 00:24:49 - org.hibernate.orm.deprecation - HHH90000021: Encountered deprecated setting [javax.persistence.query.timeout], use [jakarta.persistence.query.timeout] instead
2025-12-31 00:24:49 - org.hibernate.SQL - 
    select
        u1_0.id_utilisateur,
        u1_0.adresse,
        u1_0.avatar,
        u1_0.boutique_id,
        u1_0.contact_utilisateur,
        u1_0.email,
        u1_0.mot_de_passe_utilisateur,
        u1_0.nom_utilisateur,
        u1_0.prenom_utilisateur,
        u1_0.psedeau_utilisateur,
        u1_0.reset_token,
        u1_0.reset_token_expire,
        u1_0.statut,
        u1_0.type_utilisateur 
    from
        utilisateur u1_0 
    where
        upper(u1_0.email)=upper(?)
2025-12-31 00:24:49 - org.hibernate.SQL - 
    select
        r1_0.utilisateur_id,
        r1_1.id_role,
        r1_1.description,
        r1_1.name,
        p1_0.role_id,
        p1_1.id_permission,
        p1_1.description,
        p1_1.name 
    from
        utilisateur_roles r1_0 
    join
        role r1_1 
            on r1_1.id_role=r1_0.role_id 
    left join
        role_permissions p1_0 
            on r1_1.id_role=p1_0.role_id 
    left join
        permission p1_1 
            on p1_1.id_permission=p1_0.permission_id 
    where
        r1_0.utilisateur_id=?
2025-12-31 00:24:49 - org.hibernate.SQL - 
    select
        p1_0.utilisateur_id,
        p1_1.id_permission,
        p1_1.description,
        p1_1.name 
    from
        utilisateur_permissions p1_0 
    join
        permission p1_1 
            on p1_1.id_permission=p1_0.permission_id 
    where
        p1_0.utilisateur_id=?
2025-12-31 00:24:49 - o.s.o.j.s.OpenEntityManagerInViewInterceptor - Opening JPA EntityManager in OpenEntityManagerInViewInterceptor
2025-12-31 00:24:49 - o.s.orm.jpa.JpaTransactionManager - Found thread-bound EntityManager [SessionImpl(1712531036<open>)] for JPA transaction
2025-12-31 00:24:49 - o.s.orm.jpa.JpaTransactionManager - Creating new transaction with name [org.springframework.data.jpa.repository.support.SimpleJpaRepository.save]: PROPAGATION_REQUIRED,ISOLATION_DEFAULT
2025-12-31 00:24:49 - o.s.orm.jpa.JpaTransactionManager - Exposing JPA transaction as JDBC [org.springframework.orm.jpa.vendor.HibernateJpaDialect$HibernateConnectionHandle@6fb01fa0]
2025-12-31 00:24:49 - org.hibernate.SQL - 
    insert 
    into
        permission
        (description, name) 
    values
        (?, ?)
2025-12-31 00:24:49 - o.s.orm.jpa.JpaTransactionManager - Initiating transaction commit
2025-12-31 00:24:49 - o.s.orm.jpa.JpaTransactionManager - Committing JPA transaction on EntityManager [SessionImpl(1712531036<open>)]
2025-12-31 00:24:49 - o.s.orm.jpa.JpaTransactionManager - Not closing pre-bound JPA EntityManager after transaction
2025-12-31 00:24:49 - o.s.o.j.s.OpenEntityManagerInViewInterceptor - Closing JPA EntityManager in OpenEntityManagerInViewInterceptor
2025-12-31 00:24:49 - o.s.security.web.FilterChainProxy - Securing GET /api/permissions
2025-12-31 00:24:49 - c.s.api.security.AuthTokenFilter - Incoming request: GET /api/permissions - Authorization present? true - startsWithBearer? true
2025-12-31 00:24:49 - o.s.o.j.SharedEntityManagerCreator$SharedEntityManagerInvocationHandler - Creating new EntityManager for shared EntityManager invocation
2025-12-31 00:24:49 - org.hibernate.orm.deprecation - HHH90000021: Encountered deprecated setting [javax.persistence.query.timeout], use [jakarta.persistence.query.timeout] instead
2025-12-31 00:24:49 - org.hibernate.SQL - 
    select
        u1_0.id_utilisateur,
        u1_0.adresse,
        u1_0.avatar,
        u1_0.boutique_id,
        u1_0.contact_utilisateur,
        u1_0.email,
        u1_0.mot_de_passe_utilisateur,
        u1_0.nom_utilisateur,
        u1_0.prenom_utilisateur,
        u1_0.psedeau_utilisateur,
        u1_0.reset_token,
        u1_0.reset_token_expire,
        u1_0.statut,
        u1_0.type_utilisateur 
    from
        utilisateur u1_0 
    where
        upper(u1_0.email)=upper(?)
2025-12-31 00:24:49 - org.hibernate.SQL - 
    select
        r1_0.utilisateur_id,
        r1_1.id_role,
        r1_1.description,
        r1_1.name,
        p1_0.role_id,
        p1_1.id_permission,
        p1_1.description,
        p1_1.name 
    from
        utilisateur_roles r1_0 
    join
        role r1_1 
            on r1_1.id_role=r1_0.role_id 
    left join
        role_permissions p1_0 
            on r1_1.id_role=p1_0.role_id 
    left join
        permission p1_1 
            on p1_1.id_permission=p1_0.permission_id 
    where
        r1_0.utilisateur_id=?
2025-12-31 00:24:49 - org.hibernate.SQL - 
    select
        p1_0.utilisateur_id,
        p1_1.id_permission,
        p1_1.description,
        p1_1.name 
    from
        utilisateur_permissions p1_0 
    join
        permission p1_1 
            on p1_1.id_permission=p1_0.permission_id 
    where
        p1_0.utilisateur_id=?
2025-12-31 00:24:49 - o.s.security.web.FilterChainProxy - Secured GET /api/permissions
2025-12-31 00:24:49 - c.s.api.security.AuthTokenFilter - Incoming request: GET /api/permissions - Authorization present? true - startsWithBearer? true
2025-12-31 00:24:49 - o.s.o.j.SharedEntityManagerCreator$SharedEntityManagerInvocationHandler - Creating new EntityManager for shared EntityManager invocation
2025-12-31 00:24:49 - org.hibernate.orm.deprecation - HHH90000021: Encountered deprecated setting [javax.persistence.query.timeout], use [jakarta.persistence.query.timeout] instead
2025-12-31 00:24:49 - org.hibernate.SQL - 
    select
        u1_0.id_utilisateur,
        u1_0.adresse,
        u1_0.avatar,
        u1_0.boutique_id,
        u1_0.contact_utilisateur,
        u1_0.email,
        u1_0.mot_de_passe_utilisateur,
        u1_0.nom_utilisateur,
        u1_0.prenom_utilisateur,
        u1_0.psedeau_utilisateur,
        u1_0.reset_token,
        u1_0.reset_token_expire,
        u1_0.statut,
        u1_0.type_utilisateur 
    from
        utilisateur u1_0 
    where
        upper(u1_0.email)=upper(?)
2025-12-31 00:24:49 - org.hibernate.SQL - 
    select
        r1_0.utilisateur_id,
        r1_1.id_role,
        r1_1.description,
        r1_1.name,
        p1_0.role_id,
        p1_1.id_permission,
        p1_1.description,
        p1_1.name 
    from
        utilisateur_roles r1_0 
    join
        role r1_1 
            on r1_1.id_role=r1_0.role_id 
    left join
        role_permissions p1_0 
            on r1_1.id_role=p1_0.role_id 
    left join
        permission p1_1 
            on p1_1.id_permission=p1_0.permission_id 
    where
        r1_0.utilisateur_id=?
2025-12-31 00:24:49 - org.hibernate.SQL - 
    select
        p1_0.utilisateur_id,
        p1_1.id_permission,
        p1_1.description,
        p1_1.name 
    from
        utilisateur_permissions p1_0 
    join
        permission p1_1 
            on p1_1.id_permission=p1_0.permission_id 
    where
        p1_0.utilisateur_id=?
2025-12-31 00:24:49 - o.s.o.j.s.OpenEntityManagerInViewInterceptor - Opening JPA EntityManager in OpenEntityManagerInViewInterceptor
2025-12-31 00:24:49 - o.s.orm.jpa.JpaTransactionManager - Found thread-bound EntityManager [SessionImpl(940356510<open>)] for JPA transaction
2025-12-31 00:24:49 - o.s.orm.jpa.JpaTransactionManager - Creating new transaction with name [org.springframework.data.jpa.repository.support.SimpleJpaRepository.findAll]: PROPAGATION_REQUIRED,ISOLATION_DEFAULT,readOnly
2025-12-31 00:24:49 - o.s.orm.jpa.JpaTransactionManager - Exposing JPA transaction as JDBC [org.springframework.orm.jpa.vendor.HibernateJpaDialect$HibernateConnectionHandle@4bd83576]
2025-12-31 00:24:49 - org.hibernate.orm.deprecation - HHH90000021: Encountered deprecated setting [javax.persistence.query.timeout], use [jakarta.persistence.query.timeout] instead
2025-12-31 00:24:49 - org.hibernate.SQL - 
    select
        p1_0.id_permission,
        p1_0.description,
        p1_0.name 
    from
        permission p1_0
2025-12-31 00:24:49 - o.s.orm.jpa.JpaTransactionManager - Initiating transaction commit
2025-12-31 00:24:49 - o.s.orm.jpa.JpaTransactionManager - Committing JPA transaction on EntityManager [SessionImpl(940356510<open>)]
2025-12-31 00:24:49 - o.s.orm.jpa.JpaTransactionManager - Not closing pre-bound JPA EntityManager after transaction
2025-12-31 00:24:49 - o.s.o.j.s.OpenEntityManagerInViewInterceptor - Closing JPA EntityManager in OpenEntityManagerInViewInterceptor
2025-12-31 00:25:10 - o.s.security.web.FilterChainProxy - Securing OPTIONS /api/permissions
2025-12-31 00:25:10 - o.s.security.web.FilterChainProxy - Securing POST /api/permissions
2025-12-31 00:25:10 - c.s.api.security.AuthTokenFilter - Incoming request: POST /api/permissions - Authorization present? true - startsWithBearer? true
2025-12-31 00:25:10 - o.s.o.j.SharedEntityManagerCreator$SharedEntityManagerInvocationHandler - Creating new EntityManager for shared EntityManager invocation
2025-12-31 00:25:10 - org.hibernate.orm.deprecation - HHH90000021: Encountered deprecated setting [javax.persistence.query.timeout], use [jakarta.persistence.query.timeout] instead
2025-12-31 00:25:10 - org.hibernate.SQL - 
    select
        u1_0.id_utilisateur,
        u1_0.adresse,
        u1_0.avatar,
        u1_0.boutique_id,
        u1_0.contact_utilisateur,
        u1_0.email,
        u1_0.mot_de_passe_utilisateur,
        u1_0.nom_utilisateur,
        u1_0.prenom_utilisateur,
        u1_0.psedeau_utilisateur,
        u1_0.reset_token,
        u1_0.reset_token_expire,
        u1_0.statut,
        u1_0.type_utilisateur 
    from
        utilisateur u1_0 
    where
        upper(u1_0.email)=upper(?)
2025-12-31 00:25:10 - org.hibernate.SQL - 
    select
        r1_0.utilisateur_id,
        r1_1.id_role,
        r1_1.description,
        r1_1.name,
        p1_0.role_id,
        p1_1.id_permission,
        p1_1.description,
        p1_1.name 
    from
        utilisateur_roles r1_0 
    join
        role r1_1 
            on r1_1.id_role=r1_0.role_id 
    left join
        role_permissions p1_0 
            on r1_1.id_role=p1_0.role_id 
    left join
        permission p1_1 
            on p1_1.id_permission=p1_0.permission_id 
    where
        r1_0.utilisateur_id=?
2025-12-31 00:25:10 - org.hibernate.SQL - 
    select
        p1_0.utilisateur_id,
        p1_1.id_permission,
        p1_1.description,
        p1_1.name 
    from
        utilisateur_permissions p1_0 
    join
        permission p1_1 
            on p1_1.id_permission=p1_0.permission_id 
    where
        p1_0.utilisateur_id=?
2025-12-31 00:25:10 - o.s.security.web.FilterChainProxy - Secured POST /api/permissions
2025-12-31 00:25:10 - c.s.api.security.AuthTokenFilter - Incoming request: POST /api/permissions - Authorization present? true - startsWithBearer? true
2025-12-31 00:25:10 - o.s.o.j.SharedEntityManagerCreator$SharedEntityManagerInvocationHandler - Creating new EntityManager for shared EntityManager invocation
2025-12-31 00:25:10 - org.hibernate.orm.deprecation - HHH90000021: Encountered deprecated setting [javax.persistence.query.timeout], use [jakarta.persistence.query.timeout] instead
2025-12-31 00:25:10 - org.hibernate.SQL - 
    select
        u1_0.id_utilisateur,
        u1_0.adresse,
        u1_0.avatar,
        u1_0.boutique_id,
        u1_0.contact_utilisateur,
        u1_0.email,
        u1_0.mot_de_passe_utilisateur,
        u1_0.nom_utilisateur,
        u1_0.prenom_utilisateur,
        u1_0.psedeau_utilisateur,
        u1_0.reset_token,
        u1_0.reset_token_expire,
        u1_0.statut,
        u1_0.type_utilisateur 
    from
        utilisateur u1_0 
    where
        upper(u1_0.email)=upper(?)
2025-12-31 00:25:10 - org.hibernate.SQL - 
    select
        r1_0.utilisateur_id,
        r1_1.id_role,
        r1_1.description,
        r1_1.name,
        p1_0.role_id,
        p1_1.id_permission,
        p1_1.description,
        p1_1.name 
    from
        utilisateur_roles r1_0 
    join
        role r1_1 
            on r1_1.id_role=r1_0.role_id 
    left join
        role_permissions p1_0 
            on r1_1.id_role=p1_0.role_id 
    left join
        permission p1_1 
            on p1_1.id_permission=p1_0.permission_id 
    where
        r1_0.utilisateur_id=?
2025-12-31 00:25:10 - org.hibernate.SQL - 
    select
        p1_0.utilisateur_id,
        p1_1.id_permission,
        p1_1.description,
        p1_1.name 
    from
        utilisateur_permissions p1_0 
    join
        permission p1_1 
            on p1_1.id_permission=p1_0.permission_id 
    where
        p1_0.utilisateur_id=?
2025-12-31 00:25:10 - o.s.o.j.s.OpenEntityManagerInViewInterceptor - Opening JPA EntityManager in OpenEntityManagerInViewInterceptor
2025-12-31 00:25:10 - o.s.orm.jpa.JpaTransactionManager - Found thread-bound EntityManager [SessionImpl(125462159<open>)] for JPA transaction
2025-12-31 00:25:10 - o.s.orm.jpa.JpaTransactionManager - Creating new transaction with name [org.springframework.data.jpa.repository.support.SimpleJpaRepository.save]: PROPAGATION_REQUIRED,ISOLATION_DEFAULT
2025-12-31 00:25:10 - o.s.orm.jpa.JpaTransactionManager - Exposing JPA transaction as JDBC [org.springframework.orm.jpa.vendor.HibernateJpaDialect$HibernateConnectionHandle@6a735b5e]
2025-12-31 00:25:10 - org.hibernate.SQL - 
    insert 
    into
        permission
        (description, name) 
    values
        (?, ?)
2025-12-31 00:25:10 - o.s.orm.jpa.JpaTransactionManager - Initiating transaction commit
2025-12-31 00:25:10 - o.s.orm.jpa.JpaTransactionManager - Committing JPA transaction on EntityManager [SessionImpl(125462159<open>)]
2025-12-31 00:25:10 - o.s.orm.jpa.JpaTransactionManager - Not closing pre-bound JPA EntityManager after transaction
2025-12-31 00:25:10 - o.s.o.j.s.OpenEntityManagerInViewInterceptor - Closing JPA EntityManager in OpenEntityManagerInViewInterceptor
2025-12-31 00:25:10 - o.s.security.web.FilterChainProxy - Securing GET /api/permissions
2025-12-31 00:25:10 - c.s.api.security.AuthTokenFilter - Incoming request: GET /api/permissions - Authorization present? true - startsWithBearer? true
2025-12-31 00:25:10 - o.s.o.j.SharedEntityManagerCreator$SharedEntityManagerInvocationHandler - Creating new EntityManager for shared EntityManager invocation
2025-12-31 00:25:10 - org.hibernate.orm.deprecation - HHH90000021: Encountered deprecated setting [javax.persistence.query.timeout], use [jakarta.persistence.query.timeout] instead
2025-12-31 00:25:10 - org.hibernate.SQL - 
    select
        u1_0.id_utilisateur,
        u1_0.adresse,
        u1_0.avatar,
        u1_0.boutique_id,
        u1_0.contact_utilisateur,
        u1_0.email,
        u1_0.mot_de_passe_utilisateur,
        u1_0.nom_utilisateur,
        u1_0.prenom_utilisateur,
        u1_0.psedeau_utilisateur,
        u1_0.reset_token,
        u1_0.reset_token_expire,
        u1_0.statut,
        u1_0.type_utilisateur 
    from
        utilisateur u1_0 
    where
        upper(u1_0.email)=upper(?)
2025-12-31 00:25:10 - org.hibernate.SQL - 
    select
        r1_0.utilisateur_id,
        r1_1.id_role,
        r1_1.description,
        r1_1.name,
        p1_0.role_id,
        p1_1.id_permission,
        p1_1.description,
        p1_1.name 
    from
        utilisateur_roles r1_0 
    join
        role r1_1 
            on r1_1.id_role=r1_0.role_id 
    left join
        role_permissions p1_0 
            on r1_1.id_role=p1_0.role_id 
    left join
        permission p1_1 
            on p1_1.id_permission=p1_0.permission_id 
    where
        r1_0.utilisateur_id=?
2025-12-31 00:25:10 - org.hibernate.SQL - 
    select
        p1_0.utilisateur_id,
        p1_1.id_permission,
        p1_1.description,
        p1_1.name 
    from
        utilisateur_permissions p1_0 
    join
        permission p1_1 
            on p1_1.id_permission=p1_0.permission_id 
    where
        p1_0.utilisateur_id=?
2025-12-31 00:25:10 - o.s.security.web.FilterChainProxy - Secured GET /api/permissions
2025-12-31 00:25:10 - c.s.api.security.AuthTokenFilter - Incoming request: GET /api/permissions - Authorization present? true - startsWithBearer? true
2025-12-31 00:25:10 - o.s.o.j.SharedEntityManagerCreator$SharedEntityManagerInvocationHandler - Creating new EntityManager for shared EntityManager invocation
2025-12-31 00:25:10 - org.hibernate.orm.deprecation - HHH90000021: Encountered deprecated setting [javax.persistence.query.timeout], use [jakarta.persistence.query.timeout] instead
2025-12-31 00:25:10 - org.hibernate.SQL - 
    select
        u1_0.id_utilisateur,
        u1_0.adresse,
        u1_0.avatar,
        u1_0.boutique_id,
        u1_0.contact_utilisateur,
        u1_0.email,
        u1_0.mot_de_passe_utilisateur,
        u1_0.nom_utilisateur,
        u1_0.prenom_utilisateur,
        u1_0.psedeau_utilisateur,
        u1_0.reset_token,
        u1_0.reset_token_expire,
        u1_0.statut,
        u1_0.type_utilisateur 
    from
        utilisateur u1_0 
    where
        upper(u1_0.email)=upper(?)
2025-12-31 00:25:10 - org.hibernate.SQL - 
    select
        r1_0.utilisateur_id,
        r1_1.id_role,
        r1_1.description,
        r1_1.name,
        p1_0.role_id,
        p1_1.id_permission,
        p1_1.description,
        p1_1.name 
    from
        utilisateur_roles r1_0 
    join
        role r1_1 
            on r1_1.id_role=r1_0.role_id 
    left join
        role_permissions p1_0 
            on r1_1.id_role=p1_0.role_id 
    left join
        permission p1_1 
            on p1_1.id_permission=p1_0.permission_id 
    where
        r1_0.utilisateur_id=?
2025-12-31 00:25:10 - org.hibernate.SQL - 
    select
        p1_0.utilisateur_id,
        p1_1.id_permission,
        p1_1.description,
        p1_1.name 
    from
        utilisateur_permissions p1_0 
    join
        permission p1_1 
            on p1_1.id_permission=p1_0.permission_id 
    where
        p1_0.utilisateur_id=?
2025-12-31 00:25:10 - o.s.o.j.s.OpenEntityManagerInViewInterceptor - Opening JPA EntityManager in OpenEntityManagerInViewInterceptor
2025-12-31 00:25:10 - o.s.orm.jpa.JpaTransactionManager - Found thread-bound EntityManager [SessionImpl(1485583892<open>)] for JPA transaction
2025-12-31 00:25:10 - o.s.orm.jpa.JpaTransactionManager - Creating new transaction with name [org.springframework.data.jpa.repository.support.SimpleJpaRepository.findAll]: PROPAGATION_REQUIRED,ISOLATION_DEFAULT,readOnly
2025-12-31 00:25:10 - o.s.orm.jpa.JpaTransactionManager - Exposing JPA transaction as JDBC [org.springframework.orm.jpa.vendor.HibernateJpaDialect$HibernateConnectionHandle@16597ef7]
2025-12-31 00:25:10 - org.hibernate.orm.deprecation - HHH90000021: Encountered deprecated setting [javax.persistence.query.timeout], use [jakarta.persistence.query.timeout] instead
2025-12-31 00:25:10 - org.hibernate.SQL - 
    select
        p1_0.id_permission,
        p1_0.description,
        p1_0.name 
    from
        permission p1_0
2025-12-31 00:25:10 - o.s.orm.jpa.JpaTransactionManager - Initiating transaction commit
2025-12-31 00:25:10 - o.s.orm.jpa.JpaTransactionManager - Committing JPA transaction on EntityManager [SessionImpl(1485583892<open>)]
2025-12-31 00:25:10 - o.s.orm.jpa.JpaTransactionManager - Not closing pre-bound JPA EntityManager after transaction
2025-12-31 00:25:10 - o.s.o.j.s.OpenEntityManagerInViewInterceptor - Closing JPA EntityManager in OpenEntityManagerInViewInterceptor
2025-12-31 00:25:29 - o.s.security.web.FilterChainProxy - Securing OPTIONS /api/auth/login
2025-12-31 00:25:29 - o.s.security.web.FilterChainProxy - Securing POST /api/auth/login
2025-12-31 00:25:29 - c.s.api.security.AuthTokenFilter - Incoming request: POST /api/auth/login - Authorization present? false - startsWithBearer? false
2025-12-31 00:25:29 - c.s.api.security.AuthTokenFilter - Authorization header missing or not a Bearer token for request POST /api/auth/login
2025-12-31 00:25:29 - o.s.s.w.a.AnonymousAuthenticationFilter - Set SecurityContextHolder to anonymous SecurityContext
2025-12-31 00:25:29 - o.s.security.web.FilterChainProxy - Secured POST /api/auth/login
2025-12-31 00:25:29 - c.s.api.security.AuthTokenFilter - Incoming request: POST /api/auth/login - Authorization present? false - startsWithBearer? false
2025-12-31 00:25:29 - c.s.api.security.AuthTokenFilter - Authorization header missing or not a Bearer token for request POST /api/auth/login
2025-12-31 00:25:29 - o.s.o.j.s.OpenEntityManagerInViewInterceptor - Opening JPA EntityManager in OpenEntityManagerInViewInterceptor
2025-12-31 00:25:29 - org.hibernate.orm.deprecation - HHH90000021: Encountered deprecated setting [javax.persistence.query.timeout], use [jakarta.persistence.query.timeout] instead
2025-12-31 00:25:29 - org.hibernate.SQL - 
    select
        u1_0.id_utilisateur,
        u1_0.adresse,
        u1_0.avatar,
        u1_0.boutique_id,
        u1_0.contact_utilisateur,
        u1_0.email,
        u1_0.mot_de_passe_utilisateur,
        u1_0.nom_utilisateur,
        u1_0.prenom_utilisateur,
        u1_0.psedeau_utilisateur,
        u1_0.reset_token,
        u1_0.reset_token_expire,
        u1_0.statut,
        u1_0.type_utilisateur 
    from
        utilisateur u1_0 
    where
        upper(u1_0.email)=upper(?)
2025-12-31 00:25:29 - org.hibernate.SQL - 
    select
        r1_0.utilisateur_id,
        r1_1.id_role,
        r1_1.description,
        r1_1.name,
        p1_0.role_id,
        p1_1.id_permission,
        p1_1.description,
        p1_1.name 
    from
        utilisateur_roles r1_0 
    join
        role r1_1 
            on r1_1.id_role=r1_0.role_id 
    left join
        role_permissions p1_0 
            on r1_1.id_role=p1_0.role_id 
    left join
        permission p1_1 
            on p1_1.id_permission=p1_0.permission_id 
    where
        r1_0.utilisateur_id=?
2025-12-31 00:25:29 - org.hibernate.SQL - 
    select
        p1_0.utilisateur_id,
        p1_1.id_permission,
        p1_1.description,
        p1_1.name 
    from
        utilisateur_permissions p1_0 
    join
        permission p1_1 
            on p1_1.id_permission=p1_0.permission_id 
    where
        p1_0.utilisateur_id=?
2025-12-31 00:25:30 - o.s.s.a.d.DaoAuthenticationProvider - Authenticated user
2025-12-31 00:25:30 - o.s.o.j.s.OpenEntityManagerInViewInterceptor - Closing JPA EntityManager in OpenEntityManagerInViewInterceptor
2025-12-31 00:25:30 - o.s.security.web.FilterChainProxy - Securing OPTIONS /api/auth/me
2025-12-31 00:25:30 - o.s.security.web.FilterChainProxy - Securing GET /api/auth/me
2025-12-31 00:25:30 - c.s.api.security.AuthTokenFilter - Incoming request: GET /api/auth/me - Authorization present? true - startsWithBearer? true
2025-12-31 00:25:30 - o.s.o.j.SharedEntityManagerCreator$SharedEntityManagerInvocationHandler - Creating new EntityManager for shared EntityManager invocation
2025-12-31 00:25:30 - org.hibernate.orm.deprecation - HHH90000021: Encountered deprecated setting [javax.persistence.query.timeout], use [jakarta.persistence.query.timeout] instead
2025-12-31 00:25:30 - org.hibernate.SQL - 
    select
        u1_0.id_utilisateur,
        u1_0.adresse,
        u1_0.avatar,
        u1_0.boutique_id,
        u1_0.contact_utilisateur,
        u1_0.email,
        u1_0.mot_de_passe_utilisateur,
        u1_0.nom_utilisateur,
        u1_0.prenom_utilisateur,
        u1_0.psedeau_utilisateur,
        u1_0.reset_token,
        u1_0.reset_token_expire,
        u1_0.statut,
        u1_0.type_utilisateur 
    from
        utilisateur u1_0 
    where
        upper(u1_0.email)=upper(?)
2025-12-31 00:25:30 - org.hibernate.SQL - 
    select
        r1_0.utilisateur_id,
        r1_1.id_role,
        r1_1.description,
        r1_1.name,
        p1_0.role_id,
        p1_1.id_permission,
        p1_1.description,
        p1_1.name 
    from
        utilisateur_roles r1_0 
    join
        role r1_1 
            on r1_1.id_role=r1_0.role_id 
    left join
        role_permissions p1_0 
            on r1_1.id_role=p1_0.role_id 
    left join
        permission p1_1 
            on p1_1.id_permission=p1_0.permission_id 
    where
        r1_0.utilisateur_id=?
2025-12-31 00:25:30 - org.hibernate.SQL - 
    select
        p1_0.utilisateur_id,
        p1_1.id_permission,
        p1_1.description,
        p1_1.name 
    from
        utilisateur_permissions p1_0 
    join
        permission p1_1 
            on p1_1.id_permission=p1_0.permission_id 
    where
        p1_0.utilisateur_id=?
2025-12-31 00:25:30 - o.s.security.web.FilterChainProxy - Secured GET /api/auth/me
2025-12-31 00:25:30 - c.s.api.security.AuthTokenFilter - Incoming request: GET /api/auth/me - Authorization present? true - startsWithBearer? true
2025-12-31 00:25:30 - o.s.o.j.SharedEntityManagerCreator$SharedEntityManagerInvocationHandler - Creating new EntityManager for shared EntityManager invocation
2025-12-31 00:25:30 - org.hibernate.orm.deprecation - HHH90000021: Encountered deprecated setting [javax.persistence.query.timeout], use [jakarta.persistence.query.timeout] instead
2025-12-31 00:25:30 - org.hibernate.SQL - 
    select
        u1_0.id_utilisateur,
        u1_0.adresse,
        u1_0.avatar,
        u1_0.boutique_id,
        u1_0.contact_utilisateur,
        u1_0.email,
        u1_0.mot_de_passe_utilisateur,
        u1_0.nom_utilisateur,
        u1_0.prenom_utilisateur,
        u1_0.psedeau_utilisateur,
        u1_0.reset_token,
        u1_0.reset_token_expire,
        u1_0.statut,
        u1_0.type_utilisateur 
    from
        utilisateur u1_0 
    where
        upper(u1_0.email)=upper(?)
2025-12-31 00:25:30 - org.hibernate.SQL - 
    select
        r1_0.utilisateur_id,
        r1_1.id_role,
        r1_1.description,
        r1_1.name,
        p1_0.role_id,
        p1_1.id_permission,
        p1_1.description,
        p1_1.name 
    from
        utilisateur_roles r1_0 
    join
        role r1_1 
            on r1_1.id_role=r1_0.role_id 
    left join
        role_permissions p1_0 
            on r1_1.id_role=p1_0.role_id 
    left join
        permission p1_1 
            on p1_1.id_permission=p1_0.permission_id 
    where
        r1_0.utilisateur_id=?
2025-12-31 00:25:30 - org.hibernate.SQL - 
    select
        p1_0.utilisateur_id,
        p1_1.id_permission,
        p1_1.description,
        p1_1.name 
    from
        utilisateur_permissions p1_0 
    join
        permission p1_1 
            on p1_1.id_permission=p1_0.permission_id 
    where
        p1_0.utilisateur_id=?
2025-12-31 00:25:30 - o.s.o.j.s.OpenEntityManagerInViewInterceptor - Opening JPA EntityManager in OpenEntityManagerInViewInterceptor
2025-12-31 00:25:30 - org.hibernate.orm.deprecation - HHH90000021: Encountered deprecated setting [javax.persistence.query.timeout], use [jakarta.persistence.query.timeout] instead
2025-12-31 00:25:30 - org.hibernate.SQL - 
    select
        u1_0.id_utilisateur,
        u1_0.adresse,
        u1_0.avatar,
        u1_0.boutique_id,
        u1_0.contact_utilisateur,
        u1_0.email,
        u1_0.mot_de_passe_utilisateur,
        u1_0.nom_utilisateur,
        u1_0.prenom_utilisateur,
        u1_0.psedeau_utilisateur,
        u1_0.reset_token,
        u1_0.reset_token_expire,
        u1_0.statut,
        u1_0.type_utilisateur 
    from
        utilisateur u1_0 
    where
        upper(u1_0.email)=upper(?)
2025-12-31 00:25:30 - org.hibernate.SQL - 
    select
        r1_0.utilisateur_id,
        r1_1.id_role,
        r1_1.description,
        r1_1.name,
        p1_0.role_id,
        p1_1.id_permission,
        p1_1.description,
        p1_1.name 
    from
        utilisateur_roles r1_0 
    join
        role r1_1 
            on r1_1.id_role=r1_0.role_id 
    left join
        role_permissions p1_0 
            on r1_1.id_role=p1_0.role_id 
    left join
        permission p1_1 
            on p1_1.id_permission=p1_0.permission_id 
    where
        r1_0.utilisateur_id=?
2025-12-31 00:25:30 - org.hibernate.SQL - 
    select
        p1_0.utilisateur_id,
        p1_1.id_permission,
        p1_1.description,
        p1_1.name 
    from
        utilisateur_permissions p1_0 
    join
        permission p1_1 
            on p1_1.id_permission=p1_0.permission_id 
    where
        p1_0.utilisateur_id=?
2025-12-31 00:25:30 - org.hibernate.SQL - 
    select
        b1_0.id_boutique,
        b1_0.adresse,
        b1_0.logo,
        b1_0.nom,
        b1_0.quartier,
        b1_0.telephone 
    from
        boutique b1_0 
    where
        b1_0.id_boutique=?
2025-12-31 00:25:30 - o.s.o.j.s.OpenEntityManagerInViewInterceptor - Closing JPA EntityManager in OpenEntityManagerInViewInterceptor
2025-12-31 00:25:35 - o.s.security.web.FilterChainProxy - Securing OPTIONS /api/historique/ventes/boutique/3
2025-12-31 00:25:35 - o.s.security.web.FilterChainProxy - Securing OPTIONS /api/historique/ventes/boutique/3
2025-12-31 00:25:35 - o.s.security.web.FilterChainProxy - Securing GET /api/historique/ventes/boutique/3
2025-12-31 00:25:35 - c.s.api.security.AuthTokenFilter - Incoming request: GET /api/historique/ventes/boutique/3 - Authorization present? true - startsWithBearer? true
2025-12-31 00:25:35 - o.s.o.j.SharedEntityManagerCreator$SharedEntityManagerInvocationHandler - Creating new EntityManager for shared EntityManager invocation
2025-12-31 00:25:35 - org.hibernate.orm.deprecation - HHH90000021: Encountered deprecated setting [javax.persistence.query.timeout], use [jakarta.persistence.query.timeout] instead
2025-12-31 00:25:35 - org.hibernate.SQL - 
    select
        u1_0.id_utilisateur,
        u1_0.adresse,
        u1_0.avatar,
        u1_0.boutique_id,
        u1_0.contact_utilisateur,
        u1_0.email,
        u1_0.mot_de_passe_utilisateur,
        u1_0.nom_utilisateur,
        u1_0.prenom_utilisateur,
        u1_0.psedeau_utilisateur,
        u1_0.reset_token,
        u1_0.reset_token_expire,
        u1_0.statut,
        u1_0.type_utilisateur 
    from
        utilisateur u1_0 
    where
        upper(u1_0.email)=upper(?)
2025-12-31 00:25:35 - org.hibernate.SQL - 
    select
        r1_0.utilisateur_id,
        r1_1.id_role,
        r1_1.description,
        r1_1.name,
        p1_0.role_id,
        p1_1.id_permission,
        p1_1.description,
        p1_1.name 
    from
        utilisateur_roles r1_0 
    join
        role r1_1 
            on r1_1.id_role=r1_0.role_id 
    left join
        role_permissions p1_0 
            on r1_1.id_role=p1_0.role_id 
    left join
        permission p1_1 
            on p1_1.id_permission=p1_0.permission_id 
    where
        r1_0.utilisateur_id=?
2025-12-31 00:25:35 - org.hibernate.SQL - 
    select
        p1_0.utilisateur_id,
        p1_1.id_permission,
        p1_1.description,
        p1_1.name 
    from
        utilisateur_permissions p1_0 
    join
        permission p1_1 
            on p1_1.id_permission=p1_0.permission_id 
    where
        p1_0.utilisateur_id=?
2025-12-31 00:25:35 - o.s.security.web.FilterChainProxy - Secured GET /api/historique/ventes/boutique/3
2025-12-31 00:25:35 - c.s.api.security.AuthTokenFilter - Incoming request: GET /api/historique/ventes/boutique/3 - Authorization present? true - startsWithBearer? true
2025-12-31 00:25:35 - o.s.o.j.SharedEntityManagerCreator$SharedEntityManagerInvocationHandler - Creating new EntityManager for shared EntityManager invocation
2025-12-31 00:25:35 - org.hibernate.orm.deprecation - HHH90000021: Encountered deprecated setting [javax.persistence.query.timeout], use [jakarta.persistence.query.timeout] instead
2025-12-31 00:25:35 - org.hibernate.SQL - 
    select
        u1_0.id_utilisateur,
        u1_0.adresse,
        u1_0.avatar,
        u1_0.boutique_id,
        u1_0.contact_utilisateur,
        u1_0.email,
        u1_0.mot_de_passe_utilisateur,
        u1_0.nom_utilisateur,
        u1_0.prenom_utilisateur,
        u1_0.psedeau_utilisateur,
        u1_0.reset_token,
        u1_0.reset_token_expire,
        u1_0.statut,
        u1_0.type_utilisateur 
    from
        utilisateur u1_0 
    where
        upper(u1_0.email)=upper(?)
2025-12-31 00:25:35 - org.hibernate.SQL - 
    select
        r1_0.utilisateur_id,
        r1_1.id_role,
        r1_1.description,
        r1_1.name,
        p1_0.role_id,
        p1_1.id_permission,
        p1_1.description,
        p1_1.name 
    from
        utilisateur_roles r1_0 
    join
        role r1_1 
            on r1_1.id_role=r1_0.role_id 
    left join
        role_permissions p1_0 
            on r1_1.id_role=p1_0.role_id 
    left join
        permission p1_1 
            on p1_1.id_permission=p1_0.permission_id 
    where
        r1_0.utilisateur_id=?
2025-12-31 00:25:35 - org.hibernate.SQL - 
    select
        p1_0.utilisateur_id,
        p1_1.id_permission,
        p1_1.description,
        p1_1.name 
    from
        utilisateur_permissions p1_0 
    join
        permission p1_1 
            on p1_1.id_permission=p1_0.permission_id 
    where
        p1_0.utilisateur_id=?
2025-12-31 00:25:35 - o.s.o.j.s.OpenEntityManagerInViewInterceptor - Opening JPA EntityManager in OpenEntityManagerInViewInterceptor
2025-12-31 00:25:35 - org.hibernate.orm.deprecation - HHH90000021: Encountered deprecated setting [javax.persistence.query.timeout], use [jakarta.persistence.query.timeout] instead
2025-12-31 00:25:35 - org.hibernate.SQL - 
    select
        u1_0.id_utilisateur,
        u1_0.adresse,
        u1_0.avatar,
        u1_0.boutique_id,
        u1_0.contact_utilisateur,
        u1_0.email,
        u1_0.mot_de_passe_utilisateur,
        u1_0.nom_utilisateur,
        u1_0.prenom_utilisateur,
        u1_0.psedeau_utilisateur,
        u1_0.reset_token,
        u1_0.reset_token_expire,
        u1_0.statut,
        u1_0.type_utilisateur 
    from
        utilisateur u1_0 
    where
        upper(u1_0.email)=upper(?)
2025-12-31 00:25:35 - org.hibernate.SQL - 
    select
        r1_0.utilisateur_id,
        r1_1.id_role,
        r1_1.description,
        r1_1.name,
        p1_0.role_id,
        p1_1.id_permission,
        p1_1.description,
        p1_1.name 
    from
        utilisateur_roles r1_0 
    join
        role r1_1 
            on r1_1.id_role=r1_0.role_id 
    left join
        role_permissions p1_0 
            on r1_1.id_role=p1_0.role_id 
    left join
        permission p1_1 
            on p1_1.id_permission=p1_0.permission_id 
    where
        r1_0.utilisateur_id=?
2025-12-31 00:25:35 - org.hibernate.SQL - 
    select
        p1_0.utilisateur_id,
        p1_1.id_permission,
        p1_1.description,
        p1_1.name 
    from
        utilisateur_permissions p1_0 
    join
        permission p1_1 
            on p1_1.id_permission=p1_0.permission_id 
    where
        p1_0.utilisateur_id=?
2025-12-31 00:25:35 - org.hibernate.orm.deprecation - HHH90000021: Encountered deprecated setting [javax.persistence.query.timeout], use [jakarta.persistence.query.timeout] instead
2025-12-31 00:25:35 - org.hibernate.SQL - 
    select
        l1_0.id_livraison,
        l1_0.annule,
        l1_0.annule_at,
        l1_0.annule_par,
        l1_0.annule_reason,
        l1_0.id_commande_client,
        l1_0.date_livraison,
        l1_0.livraison_refer 
    from
        livraison l1_0 
    join
        commande_client cc1_0 
            on cc1_0.id_cmd_client=l1_0.id_commande_client 
    where
        l1_0.id_commande_client is not null 
        and cc1_0.id_boutique is not null 
        and cc1_0.id_boutique=?
2025-12-31 00:25:35 - org.hibernate.SQL - 
    select
        cc1_0.id_cmd_client,
        b1_0.id_boutique,
        b1_0.adresse,
        b1_0.logo,
        b1_0.nom,
        b1_0.quartier,
        b1_0.telephone,
        c1_0.id_client_gr,
        c1_0.contact_client_grossiste,
        c1_0.nom_client_grossiste,
        c1_0.prenom_du_client_grossiste,
        c1_0.ville_client_grossiste,
        cc1_0.date_cmd_client,
        cc1_0.paie,
        cc1_0.reference,
        cc1_0.total,
        u1_0.id_utilisateur,
        u1_0.adresse,
        u1_0.avatar,
        u1_0.boutique_id,
        u1_0.contact_utilisateur,
        u1_0.email,
        u1_0.mot_de_passe_utilisateur,
        u1_0.nom_utilisateur,
        p1_0.utilisateur_id,
        p1_1.id_permission,
        p1_1.description,
        p1_1.name,
        u1_0.prenom_utilisateur,
        u1_0.psedeau_utilisateur,
        u1_0.reset_token,
        u1_0.reset_token_expire,
        r1_0.utilisateur_id,
        r1_1.id_role,
        r1_1.description,
        r1_1.name,
        u1_0.statut,
        u1_0.type_utilisateur 
    from
        commande_client cc1_0 
    left join
        boutique b1_0 
            on b1_0.id_boutique=cc1_0.id_boutique 
    left join
        client_grossiste c1_0 
            on c1_0.id_client_gr=cc1_0.id_client_gr 
    left join
        utilisateur u1_0 
            on u1_0.id_utilisateur=cc1_0.id_utilisateur 
    left join
        utilisateur_permissions p1_0 
            on u1_0.id_utilisateur=p1_0.utilisateur_id 
    left join
        permission p1_1 
            on p1_1.id_permission=p1_0.permission_id 
    left join
        utilisateur_roles r1_0 
            on u1_0.id_utilisateur=r1_0.utilisateur_id 
    left join
        role r1_1 
            on r1_1.id_role=r1_0.role_id 
    where
        cc1_0.id_cmd_client=?
2025-12-31 00:25:35 - org.hibernate.SQL - 
    select
        cc1_0.id_cmd_client,
        b1_0.id_boutique,
        b1_0.adresse,
        b1_0.logo,
        b1_0.nom,
        b1_0.quartier,
        b1_0.telephone,
        c1_0.id_client_gr,
        c1_0.contact_client_grossiste,
        c1_0.nom_client_grossiste,
        c1_0.prenom_du_client_grossiste,
        c1_0.ville_client_grossiste,
        cc1_0.date_cmd_client,
        cc1_0.paie,
        cc1_0.reference,
        cc1_0.total,
        u1_0.id_utilisateur,
        u1_0.adresse,
        u1_0.avatar,
        u1_0.boutique_id,
        u1_0.contact_utilisateur,
        u1_0.email,
        u1_0.mot_de_passe_utilisateur,
        u1_0.nom_utilisateur,
        p1_0.utilisateur_id,
        p1_1.id_permission,
        p1_1.description,
        p1_1.name,
        u1_0.prenom_utilisateur,
        u1_0.psedeau_utilisateur,
        u1_0.reset_token,
        u1_0.reset_token_expire,
        r1_0.utilisateur_id,
        r1_1.id_role,
        r1_1.description,
        r1_1.name,
        u1_0.statut,
        u1_0.type_utilisateur 
    from
        commande_client cc1_0 
    left join
        boutique b1_0 
            on b1_0.id_boutique=cc1_0.id_boutique 
    left join
        client_grossiste c1_0 
            on c1_0.id_client_gr=cc1_0.id_client_gr 
    left join
        utilisateur u1_0 
            on u1_0.id_utilisateur=cc1_0.id_utilisateur 
    left join
        utilisateur_permissions p1_0 
            on u1_0.id_utilisateur=p1_0.utilisateur_id 
    left join
        permission p1_1 
            on p1_1.id_permission=p1_0.permission_id 
    left join
        utilisateur_roles r1_0 
            on u1_0.id_utilisateur=r1_0.utilisateur_id 
    left join
        role r1_1 
            on r1_1.id_role=r1_0.role_id 
    where
        cc1_0.id_cmd_client=?
2025-12-31 00:25:35 - org.hibernate.SQL - 
    select
        l1_0.id_cmd_client,
        l1_0.id_ligne_cl,
        l1_0.new_price_cmnd_client,
        l1_0.price_mode,
        p1_0.id_produit,
        p1_0.alerte_stock,
        p1_0.date_creation,
        p1_0.marge_detail,
        p1_0.marge_gros,
        p1_0.nom_produit,
        p1_0.nombre_unites_par_conditionnement,
        p1_0.prix_achat,
        p1_0.prix_detail,
        p1_0.prix_en_gros,
        p1_0.product_image,
        u1_0.id_unite,
        u1_0.id_boutique,
        u1_0.libelle,
        u1_0.symbole,
        p1_0.unite_conditionnement,
        l1_0.quantite,
        l1_0.qte_livre 
    from
        ligne_commande_client l1_0 
    left join
        tbl_product p1_0 
            on p1_0.id_produit=l1_0.id_produit 
    left join
        unite u1_0 
            on u1_0.id_unite=p1_0.id_unite 
    where
        l1_0.id_cmd_client=?
2025-12-31 00:25:35 - org.hibernate.SQL - 
    select
        l1_0.id_cmd_client,
        l1_0.id_ligne_cl,
        l1_0.new_price_cmnd_client,
        l1_0.price_mode,
        p1_0.id_produit,
        p1_0.alerte_stock,
        p1_0.date_creation,
        p1_0.marge_detail,
        p1_0.marge_gros,
        p1_0.nom_produit,
        p1_0.nombre_unites_par_conditionnement,
        p1_0.prix_achat,
        p1_0.prix_detail,
        p1_0.prix_en_gros,
        p1_0.product_image,
        u1_0.id_unite,
        u1_0.id_boutique,
        u1_0.libelle,
        u1_0.symbole,
        p1_0.unite_conditionnement,
        l1_0.quantite,
        l1_0.qte_livre 
    from
        ligne_commande_client l1_0 
    left join
        tbl_product p1_0 
            on p1_0.id_produit=l1_0.id_produit 
    left join
        unite u1_0 
            on u1_0.id_unite=p1_0.id_unite 
    where
        l1_0.id_cmd_client=?
2025-12-31 00:25:35 - org.hibernate.orm.deprecation - HHH90000021: Encountered deprecated setting [javax.persistence.query.timeout], use [jakarta.persistence.query.timeout] instead
2025-12-31 00:25:35 - org.hibernate.SQL - 
    select
        pc1_0.id_paie_client,
        pc1_0.annule,
        pc1_0.annule_at,
        pc1_0.annule_par,
        pc1_0.annule_reason,
        pc1_0.id_comnd_client,
        pc1_0.date_paie,
        pc1_0.montant_paye,
        pc1_0.paie_reference,
        pc1_0.reference_caisse 
    from
        paiement_client pc1_0 
    join
        commande_client cc1_0 
            on cc1_0.id_cmd_client=pc1_0.id_comnd_client 
    where
        pc1_0.id_comnd_client is not null 
        and cc1_0.id_boutique is not null 
        and cc1_0.id_boutique=?
2025-12-31 00:25:35 - o.s.o.j.s.OpenEntityManagerInViewInterceptor - Closing JPA EntityManager in OpenEntityManagerInViewInterceptor
2025-12-31 00:25:35 - o.s.security.web.FilterChainProxy - Securing GET /api/historique/ventes/boutique/3
2025-12-31 00:25:35 - c.s.api.security.AuthTokenFilter - Incoming request: GET /api/historique/ventes/boutique/3 - Authorization present? true - startsWithBearer? true
2025-12-31 00:25:35 - o.s.o.j.SharedEntityManagerCreator$SharedEntityManagerInvocationHandler - Creating new EntityManager for shared EntityManager invocation
2025-12-31 00:25:35 - org.hibernate.orm.deprecation - HHH90000021: Encountered deprecated setting [javax.persistence.query.timeout], use [jakarta.persistence.query.timeout] instead
2025-12-31 00:25:35 - org.hibernate.SQL - 
    select
        u1_0.id_utilisateur,
        u1_0.adresse,
        u1_0.avatar,
        u1_0.boutique_id,
        u1_0.contact_utilisateur,
        u1_0.email,
        u1_0.mot_de_passe_utilisateur,
        u1_0.nom_utilisateur,
        u1_0.prenom_utilisateur,
        u1_0.psedeau_utilisateur,
        u1_0.reset_token,
        u1_0.reset_token_expire,
        u1_0.statut,
        u1_0.type_utilisateur 
    from
        utilisateur u1_0 
    where
        upper(u1_0.email)=upper(?)
2025-12-31 00:25:35 - org.hibernate.SQL - 
    select
        r1_0.utilisateur_id,
        r1_1.id_role,
        r1_1.description,
        r1_1.name,
        p1_0.role_id,
        p1_1.id_permission,
        p1_1.description,
        p1_1.name 
    from
        utilisateur_roles r1_0 
    join
        role r1_1 
            on r1_1.id_role=r1_0.role_id 
    left join
        role_permissions p1_0 
            on r1_1.id_role=p1_0.role_id 
    left join
        permission p1_1 
            on p1_1.id_permission=p1_0.permission_id 
    where
        r1_0.utilisateur_id=?
2025-12-31 00:25:35 - org.hibernate.SQL - 
    select
        p1_0.utilisateur_id,
        p1_1.id_permission,
        p1_1.description,
        p1_1.name 
    from
        utilisateur_permissions p1_0 
    join
        permission p1_1 
            on p1_1.id_permission=p1_0.permission_id 
    where
        p1_0.utilisateur_id=?
2025-12-31 00:25:35 - o.s.security.web.FilterChainProxy - Secured GET /api/historique/ventes/boutique/3
2025-12-31 00:25:35 - c.s.api.security.AuthTokenFilter - Incoming request: GET /api/historique/ventes/boutique/3 - Authorization present? true - startsWithBearer? true
2025-12-31 00:25:35 - o.s.o.j.SharedEntityManagerCreator$SharedEntityManagerInvocationHandler - Creating new EntityManager for shared EntityManager invocation
2025-12-31 00:25:35 - org.hibernate.orm.deprecation - HHH90000021: Encountered deprecated setting [javax.persistence.query.timeout], use [jakarta.persistence.query.timeout] instead
2025-12-31 00:25:35 - org.hibernate.SQL - 
    select
        u1_0.id_utilisateur,
        u1_0.adresse,
        u1_0.avatar,
        u1_0.boutique_id,
        u1_0.contact_utilisateur,
        u1_0.email,
        u1_0.mot_de_passe_utilisateur,
        u1_0.nom_utilisateur,
        u1_0.prenom_utilisateur,
        u1_0.psedeau_utilisateur,
        u1_0.reset_token,
        u1_0.reset_token_expire,
        u1_0.statut,
        u1_0.type_utilisateur 
    from
        utilisateur u1_0 
    where
        upper(u1_0.email)=upper(?)
2025-12-31 00:25:35 - org.hibernate.SQL - 
    select
        r1_0.utilisateur_id,
        r1_1.id_role,
        r1_1.description,
        r1_1.name,
        p1_0.role_id,
        p1_1.id_permission,
        p1_1.description,
        p1_1.name 
    from
        utilisateur_roles r1_0 
    join
        role r1_1 
            on r1_1.id_role=r1_0.role_id 
    left join
        role_permissions p1_0 
            on r1_1.id_role=p1_0.role_id 
    left join
        permission p1_1 
            on p1_1.id_permission=p1_0.permission_id 
    where
        r1_0.utilisateur_id=?
2025-12-31 00:25:35 - org.hibernate.SQL - 
    select
        p1_0.utilisateur_id,
        p1_1.id_permission,
        p1_1.description,
        p1_1.name 
    from
        utilisateur_permissions p1_0 
    join
        permission p1_1 
            on p1_1.id_permission=p1_0.permission_id 
    where
        p1_0.utilisateur_id=?
2025-12-31 00:25:35 - o.s.o.j.s.OpenEntityManagerInViewInterceptor - Opening JPA EntityManager in OpenEntityManagerInViewInterceptor
2025-12-31 00:25:35 - org.hibernate.orm.deprecation - HHH90000021: Encountered deprecated setting [javax.persistence.query.timeout], use [jakarta.persistence.query.timeout] instead
2025-12-31 00:25:35 - org.hibernate.SQL - 
    select
        u1_0.id_utilisateur,
        u1_0.adresse,
        u1_0.avatar,
        u1_0.boutique_id,
        u1_0.contact_utilisateur,
        u1_0.email,
        u1_0.mot_de_passe_utilisateur,
        u1_0.nom_utilisateur,
        u1_0.prenom_utilisateur,
        u1_0.psedeau_utilisateur,
        u1_0.reset_token,
        u1_0.reset_token_expire,
        u1_0.statut,
        u1_0.type_utilisateur 
    from
        utilisateur u1_0 
    where
        upper(u1_0.email)=upper(?)
2025-12-31 00:25:35 - org.hibernate.SQL - 
    select
        r1_0.utilisateur_id,
        r1_1.id_role,
        r1_1.description,
        r1_1.name,
        p1_0.role_id,
        p1_1.id_permission,
        p1_1.description,
        p1_1.name 
    from
        utilisateur_roles r1_0 
    join
        role r1_1 
            on r1_1.id_role=r1_0.role_id 
    left join
        role_permissions p1_0 
            on r1_1.id_role=p1_0.role_id 
    left join
        permission p1_1 
            on p1_1.id_permission=p1_0.permission_id 
    where
        r1_0.utilisateur_id=?
2025-12-31 00:25:35 - org.hibernate.SQL - 
    select
        p1_0.utilisateur_id,
        p1_1.id_permission,
        p1_1.description,
        p1_1.name 
    from
        utilisateur_permissions p1_0 
    join
        permission p1_1 
            on p1_1.id_permission=p1_0.permission_id 
    where
        p1_0.utilisateur_id=?
2025-12-31 00:25:35 - org.hibernate.orm.deprecation - HHH90000021: Encountered deprecated setting [javax.persistence.query.timeout], use [jakarta.persistence.query.timeout] instead
2025-12-31 00:25:35 - org.hibernate.SQL - 
    select
        l1_0.id_livraison,
        l1_0.annule,
        l1_0.annule_at,
        l1_0.annule_par,
        l1_0.annule_reason,
        l1_0.id_commande_client,
        l1_0.date_livraison,
        l1_0.livraison_refer 
    from
        livraison l1_0 
    join
        commande_client cc1_0 
            on cc1_0.id_cmd_client=l1_0.id_commande_client 
    where
        l1_0.id_commande_client is not null 
        and cc1_0.id_boutique is not null 
        and cc1_0.id_boutique=?
2025-12-31 00:25:35 - org.hibernate.SQL - 
    select
        cc1_0.id_cmd_client,
        b1_0.id_boutique,
        b1_0.adresse,
        b1_0.logo,
        b1_0.nom,
        b1_0.quartier,
        b1_0.telephone,
        c1_0.id_client_gr,
        c1_0.contact_client_grossiste,
        c1_0.nom_client_grossiste,
        c1_0.prenom_du_client_grossiste,
        c1_0.ville_client_grossiste,
        cc1_0.date_cmd_client,
        cc1_0.paie,
        cc1_0.reference,
        cc1_0.total,
        u1_0.id_utilisateur,
        u1_0.adresse,
        u1_0.avatar,
        u1_0.boutique_id,
        u1_0.contact_utilisateur,
        u1_0.email,
        u1_0.mot_de_passe_utilisateur,
        u1_0.nom_utilisateur,
        p1_0.utilisateur_id,
        p1_1.id_permission,
        p1_1.description,
        p1_1.name,
        u1_0.prenom_utilisateur,
        u1_0.psedeau_utilisateur,
        u1_0.reset_token,
        u1_0.reset_token_expire,
        r1_0.utilisateur_id,
        r1_1.id_role,
        r1_1.description,
        r1_1.name,
        u1_0.statut,
        u1_0.type_utilisateur 
    from
        commande_client cc1_0 
    left join
        boutique b1_0 
            on b1_0.id_boutique=cc1_0.id_boutique 
    left join
        client_grossiste c1_0 
            on c1_0.id_client_gr=cc1_0.id_client_gr 
    left join
        utilisateur u1_0 
            on u1_0.id_utilisateur=cc1_0.id_utilisateur 
    left join
        utilisateur_permissions p1_0 
            on u1_0.id_utilisateur=p1_0.utilisateur_id 
    left join
        permission p1_1 
            on p1_1.id_permission=p1_0.permission_id 
    left join
        utilisateur_roles r1_0 
            on u1_0.id_utilisateur=r1_0.utilisateur_id 
    left join
        role r1_1 
            on r1_1.id_role=r1_0.role_id 
    where
        cc1_0.id_cmd_client=?
2025-12-31 00:25:35 - org.hibernate.SQL - 
    select
        cc1_0.id_cmd_client,
        b1_0.id_boutique,
        b1_0.adresse,
        b1_0.logo,
        b1_0.nom,
        b1_0.quartier,
        b1_0.telephone,
        c1_0.id_client_gr,
        c1_0.contact_client_grossiste,
        c1_0.nom_client_grossiste,
        c1_0.prenom_du_client_grossiste,
        c1_0.ville_client_grossiste,
        cc1_0.date_cmd_client,
        cc1_0.paie,
        cc1_0.reference,
        cc1_0.total,
        u1_0.id_utilisateur,
        u1_0.adresse,
        u1_0.avatar,
        u1_0.boutique_id,
        u1_0.contact_utilisateur,
        u1_0.email,
        u1_0.mot_de_passe_utilisateur,
        u1_0.nom_utilisateur,
        p1_0.utilisateur_id,
        p1_1.id_permission,
        p1_1.description,
        p1_1.name,
        u1_0.prenom_utilisateur,
        u1_0.psedeau_utilisateur,
        u1_0.reset_token,
        u1_0.reset_token_expire,
        r1_0.utilisateur_id,
        r1_1.id_role,
        r1_1.description,
        r1_1.name,
        u1_0.statut,
        u1_0.type_utilisateur 
    from
        commande_client cc1_0 
    left join
        boutique b1_0 
            on b1_0.id_boutique=cc1_0.id_boutique 
    left join
        client_grossiste c1_0 
            on c1_0.id_client_gr=cc1_0.id_client_gr 
    left join
        utilisateur u1_0 
            on u1_0.id_utilisateur=cc1_0.id_utilisateur 
    left join
        utilisateur_permissions p1_0 
            on u1_0.id_utilisateur=p1_0.utilisateur_id 
    left join
        permission p1_1 
            on p1_1.id_permission=p1_0.permission_id 
    left join
        utilisateur_roles r1_0 
            on u1_0.id_utilisateur=r1_0.utilisateur_id 
    left join
        role r1_1 
            on r1_1.id_role=r1_0.role_id 
    where
        cc1_0.id_cmd_client=?
2025-12-31 00:25:35 - org.hibernate.SQL - 
    select
        l1_0.id_cmd_client,
        l1_0.id_ligne_cl,
        l1_0.new_price_cmnd_client,
        l1_0.price_mode,
        p1_0.id_produit,
        p1_0.alerte_stock,
        p1_0.date_creation,
        p1_0.marge_detail,
        p1_0.marge_gros,
        p1_0.nom_produit,
        p1_0.nombre_unites_par_conditionnement,
        p1_0.prix_achat,
        p1_0.prix_detail,
        p1_0.prix_en_gros,
        p1_0.product_image,
        u1_0.id_unite,
        u1_0.id_boutique,
        u1_0.libelle,
        u1_0.symbole,
        p1_0.unite_conditionnement,
        l1_0.quantite,
        l1_0.qte_livre 
    from
        ligne_commande_client l1_0 
    left join
        tbl_product p1_0 
            on p1_0.id_produit=l1_0.id_produit 
    left join
        unite u1_0 
            on u1_0.id_unite=p1_0.id_unite 
    where
        l1_0.id_cmd_client=?
2025-12-31 00:25:35 - org.hibernate.SQL - 
    select
        l1_0.id_cmd_client,
        l1_0.id_ligne_cl,
        l1_0.new_price_cmnd_client,
        l1_0.price_mode,
        p1_0.id_produit,
        p1_0.alerte_stock,
        p1_0.date_creation,
        p1_0.marge_detail,
        p1_0.marge_gros,
        p1_0.nom_produit,
        p1_0.nombre_unites_par_conditionnement,
        p1_0.prix_achat,
        p1_0.prix_detail,
        p1_0.prix_en_gros,
        p1_0.product_image,
        u1_0.id_unite,
        u1_0.id_boutique,
        u1_0.libelle,
        u1_0.symbole,
        p1_0.unite_conditionnement,
        l1_0.quantite,
        l1_0.qte_livre 
    from
        ligne_commande_client l1_0 
    left join
        tbl_product p1_0 
            on p1_0.id_produit=l1_0.id_produit 
    left join
        unite u1_0 
            on u1_0.id_unite=p1_0.id_unite 
    where
        l1_0.id_cmd_client=?
2025-12-31 00:25:35 - org.hibernate.orm.deprecation - HHH90000021: Encountered deprecated setting [javax.persistence.query.timeout], use [jakarta.persistence.query.timeout] instead
2025-12-31 00:25:35 - org.hibernate.SQL - 
    select
        pc1_0.id_paie_client,
        pc1_0.annule,
        pc1_0.annule_at,
        pc1_0.annule_par,
        pc1_0.annule_reason,
        pc1_0.id_comnd_client,
        pc1_0.date_paie,
        pc1_0.montant_paye,
        pc1_0.paie_reference,
        pc1_0.reference_caisse 
    from
        paiement_client pc1_0 
    join
        commande_client cc1_0 
            on cc1_0.id_cmd_client=pc1_0.id_comnd_client 
    where
        pc1_0.id_comnd_client is not null 
        and cc1_0.id_boutique is not null 
        and cc1_0.id_boutique=?
2025-12-31 00:25:35 - o.s.o.j.s.OpenEntityManagerInViewInterceptor - Closing JPA EntityManager in OpenEntityManagerInViewInterceptor
2025-12-31 00:25:35 - o.s.security.web.FilterChainProxy - Securing GET /api/historique/ventes/boutique/3
2025-12-31 00:25:35 - c.s.api.security.AuthTokenFilter - Incoming request: GET /api/historique/ventes/boutique/3 - Authorization present? true - startsWithBearer? true
2025-12-31 00:25:35 - o.s.o.j.SharedEntityManagerCreator$SharedEntityManagerInvocationHandler - Creating new EntityManager for shared EntityManager invocation
2025-12-31 00:25:35 - org.hibernate.orm.deprecation - HHH90000021: Encountered deprecated setting [javax.persistence.query.timeout], use [jakarta.persistence.query.timeout] instead
2025-12-31 00:25:35 - org.hibernate.SQL - 
    select
        u1_0.id_utilisateur,
        u1_0.adresse,
        u1_0.avatar,
        u1_0.boutique_id,
        u1_0.contact_utilisateur,
        u1_0.email,
        u1_0.mot_de_passe_utilisateur,
        u1_0.nom_utilisateur,
        u1_0.prenom_utilisateur,
        u1_0.psedeau_utilisateur,
        u1_0.reset_token,
        u1_0.reset_token_expire,
        u1_0.statut,
        u1_0.type_utilisateur 
    from
        utilisateur u1_0 
    where
        upper(u1_0.email)=upper(?)
2025-12-31 00:25:35 - org.hibernate.SQL - 
    select
        r1_0.utilisateur_id,
        r1_1.id_role,
        r1_1.description,
        r1_1.name,
        p1_0.role_id,
        p1_1.id_permission,
        p1_1.description,
        p1_1.name 
    from
        utilisateur_roles r1_0 
    join
        role r1_1 
            on r1_1.id_role=r1_0.role_id 
    left join
        role_permissions p1_0 
            on r1_1.id_role=p1_0.role_id 
    left join
        permission p1_1 
            on p1_1.id_permission=p1_0.permission_id 
    where
        r1_0.utilisateur_id=?
2025-12-31 00:25:35 - org.hibernate.SQL - 
    select
        p1_0.utilisateur_id,
        p1_1.id_permission,
        p1_1.description,
        p1_1.name 
    from
        utilisateur_permissions p1_0 
    join
        permission p1_1 
            on p1_1.id_permission=p1_0.permission_id 
    where
        p1_0.utilisateur_id=?
2025-12-31 00:25:35 - o.s.security.web.FilterChainProxy - Secured GET /api/historique/ventes/boutique/3
2025-12-31 00:25:35 - c.s.api.security.AuthTokenFilter - Incoming request: GET /api/historique/ventes/boutique/3 - Authorization present? true - startsWithBearer? true
2025-12-31 00:25:35 - o.s.o.j.SharedEntityManagerCreator$SharedEntityManagerInvocationHandler - Creating new EntityManager for shared EntityManager invocation
2025-12-31 00:25:35 - org.hibernate.orm.deprecation - HHH90000021: Encountered deprecated setting [javax.persistence.query.timeout], use [jakarta.persistence.query.timeout] instead
2025-12-31 00:25:35 - org.hibernate.SQL - 
    select
        u1_0.id_utilisateur,
        u1_0.adresse,
        u1_0.avatar,
        u1_0.boutique_id,
        u1_0.contact_utilisateur,
        u1_0.email,
        u1_0.mot_de_passe_utilisateur,
        u1_0.nom_utilisateur,
        u1_0.prenom_utilisateur,
        u1_0.psedeau_utilisateur,
        u1_0.reset_token,
        u1_0.reset_token_expire,
        u1_0.statut,
        u1_0.type_utilisateur 
    from
        utilisateur u1_0 
    where
        upper(u1_0.email)=upper(?)
2025-12-31 00:25:35 - org.hibernate.SQL - 
    select
        r1_0.utilisateur_id,
        r1_1.id_role,
        r1_1.description,
        r1_1.name,
        p1_0.role_id,
        p1_1.id_permission,
        p1_1.description,
        p1_1.name 
    from
        utilisateur_roles r1_0 
    join
        role r1_1 
            on r1_1.id_role=r1_0.role_id 
    left join
        role_permissions p1_0 
            on r1_1.id_role=p1_0.role_id 
    left join
        permission p1_1 
            on p1_1.id_permission=p1_0.permission_id 
    where
        r1_0.utilisateur_id=?
2025-12-31 00:25:35 - org.hibernate.SQL - 
    select
        p1_0.utilisateur_id,
        p1_1.id_permission,
        p1_1.description,
        p1_1.name 
    from
        utilisateur_permissions p1_0 
    join
        permission p1_1 
            on p1_1.id_permission=p1_0.permission_id 
    where
        p1_0.utilisateur_id=?
2025-12-31 00:25:35 - o.s.o.j.s.OpenEntityManagerInViewInterceptor - Opening JPA EntityManager in OpenEntityManagerInViewInterceptor
2025-12-31 00:25:35 - org.hibernate.orm.deprecation - HHH90000021: Encountered deprecated setting [javax.persistence.query.timeout], use [jakarta.persistence.query.timeout] instead
2025-12-31 00:25:35 - org.hibernate.SQL - 
    select
        u1_0.id_utilisateur,
        u1_0.adresse,
        u1_0.avatar,
        u1_0.boutique_id,
        u1_0.contact_utilisateur,
        u1_0.email,
        u1_0.mot_de_passe_utilisateur,
        u1_0.nom_utilisateur,
        u1_0.prenom_utilisateur,
        u1_0.psedeau_utilisateur,
        u1_0.reset_token,
        u1_0.reset_token_expire,
        u1_0.statut,
        u1_0.type_utilisateur 
    from
        utilisateur u1_0 
    where
        upper(u1_0.email)=upper(?)
2025-12-31 00:25:35 - org.hibernate.SQL - 
    select
        r1_0.utilisateur_id,
        r1_1.id_role,
        r1_1.description,
        r1_1.name,
        p1_0.role_id,
        p1_1.id_permission,
        p1_1.description,
        p1_1.name 
    from
        utilisateur_roles r1_0 
    join
        role r1_1 
            on r1_1.id_role=r1_0.role_id 
    left join
        role_permissions p1_0 
            on r1_1.id_role=p1_0.role_id 
    left join
        permission p1_1 
            on p1_1.id_permission=p1_0.permission_id 
    where
        r1_0.utilisateur_id=?
2025-12-31 00:25:35 - org.hibernate.SQL - 
    select
        p1_0.utilisateur_id,
        p1_1.id_permission,
        p1_1.description,
        p1_1.name 
    from
        utilisateur_permissions p1_0 
    join
        permission p1_1 
            on p1_1.id_permission=p1_0.permission_id 
    where
        p1_0.utilisateur_id=?
2025-12-31 00:25:35 - org.hibernate.orm.deprecation - HHH90000021: Encountered deprecated setting [javax.persistence.query.timeout], use [jakarta.persistence.query.timeout] instead
2025-12-31 00:25:35 - org.hibernate.SQL - 
    select
        l1_0.id_livraison,
        l1_0.annule,
        l1_0.annule_at,
        l1_0.annule_par,
        l1_0.annule_reason,
        l1_0.id_commande_client,
        l1_0.date_livraison,
        l1_0.livraison_refer 
    from
        livraison l1_0 
    join
        commande_client cc1_0 
            on cc1_0.id_cmd_client=l1_0.id_commande_client 
    where
        l1_0.id_commande_client is not null 
        and cc1_0.id_boutique is not null 
        and cc1_0.id_boutique=?
2025-12-31 00:25:35 - org.hibernate.SQL - 
    select
        cc1_0.id_cmd_client,
        b1_0.id_boutique,
        b1_0.adresse,
        b1_0.logo,
        b1_0.nom,
        b1_0.quartier,
        b1_0.telephone,
        c1_0.id_client_gr,
        c1_0.contact_client_grossiste,
        c1_0.nom_client_grossiste,
        c1_0.prenom_du_client_grossiste,
        c1_0.ville_client_grossiste,
        cc1_0.date_cmd_client,
        cc1_0.paie,
        cc1_0.reference,
        cc1_0.total,
        u1_0.id_utilisateur,
        u1_0.adresse,
        u1_0.avatar,
        u1_0.boutique_id,
        u1_0.contact_utilisateur,
        u1_0.email,
        u1_0.mot_de_passe_utilisateur,
        u1_0.nom_utilisateur,
        p1_0.utilisateur_id,
        p1_1.id_permission,
        p1_1.description,
        p1_1.name,
        u1_0.prenom_utilisateur,
        u1_0.psedeau_utilisateur,
        u1_0.reset_token,
        u1_0.reset_token_expire,
        r1_0.utilisateur_id,
        r1_1.id_role,
        r1_1.description,
        r1_1.name,
        u1_0.statut,
        u1_0.type_utilisateur 
    from
        commande_client cc1_0 
    left join
        boutique b1_0 
            on b1_0.id_boutique=cc1_0.id_boutique 
    left join
        client_grossiste c1_0 
            on c1_0.id_client_gr=cc1_0.id_client_gr 
    left join
        utilisateur u1_0 
            on u1_0.id_utilisateur=cc1_0.id_utilisateur 
    left join
        utilisateur_permissions p1_0 
            on u1_0.id_utilisateur=p1_0.utilisateur_id 
    left join
        permission p1_1 
            on p1_1.id_permission=p1_0.permission_id 
    left join
        utilisateur_roles r1_0 
            on u1_0.id_utilisateur=r1_0.utilisateur_id 
    left join
        role r1_1 
            on r1_1.id_role=r1_0.role_id 
    where
        cc1_0.id_cmd_client=?
2025-12-31 00:25:35 - org.hibernate.SQL - 
    select
        cc1_0.id_cmd_client,
        b1_0.id_boutique,
        b1_0.adresse,
        b1_0.logo,
        b1_0.nom,
        b1_0.quartier,
        b1_0.telephone,
        c1_0.id_client_gr,
        c1_0.contact_client_grossiste,
        c1_0.nom_client_grossiste,
        c1_0.prenom_du_client_grossiste,
        c1_0.ville_client_grossiste,
        cc1_0.date_cmd_client,
        cc1_0.paie,
        cc1_0.reference,
        cc1_0.total,
        u1_0.id_utilisateur,
        u1_0.adresse,
        u1_0.avatar,
        u1_0.boutique_id,
        u1_0.contact_utilisateur,
        u1_0.email,
        u1_0.mot_de_passe_utilisateur,
        u1_0.nom_utilisateur,
        p1_0.utilisateur_id,
        p1_1.id_permission,
        p1_1.description,
        p1_1.name,
        u1_0.prenom_utilisateur,
        u1_0.psedeau_utilisateur,
        u1_0.reset_token,
        u1_0.reset_token_expire,
        r1_0.utilisateur_id,
        r1_1.id_role,
        r1_1.description,
        r1_1.name,
        u1_0.statut,
        u1_0.type_utilisateur 
    from
        commande_client cc1_0 
    left join
        boutique b1_0 
            on b1_0.id_boutique=cc1_0.id_boutique 
    left join
        client_grossiste c1_0 
            on c1_0.id_client_gr=cc1_0.id_client_gr 
    left join
        utilisateur u1_0 
            on u1_0.id_utilisateur=cc1_0.id_utilisateur 
    left join
        utilisateur_permissions p1_0 
            on u1_0.id_utilisateur=p1_0.utilisateur_id 
    left join
        permission p1_1 
            on p1_1.id_permission=p1_0.permission_id 
    left join
        utilisateur_roles r1_0 
            on u1_0.id_utilisateur=r1_0.utilisateur_id 
    left join
        role r1_1 
            on r1_1.id_role=r1_0.role_id 
    where
        cc1_0.id_cmd_client=?
2025-12-31 00:25:35 - org.hibernate.SQL - 
    select
        l1_0.id_cmd_client,
        l1_0.id_ligne_cl,
        l1_0.new_price_cmnd_client,
        l1_0.price_mode,
        p1_0.id_produit,
        p1_0.alerte_stock,
        p1_0.date_creation,
        p1_0.marge_detail,
        p1_0.marge_gros,
        p1_0.nom_produit,
        p1_0.nombre_unites_par_conditionnement,
        p1_0.prix_achat,
        p1_0.prix_detail,
        p1_0.prix_en_gros,
        p1_0.product_image,
        u1_0.id_unite,
        u1_0.id_boutique,
        u1_0.libelle,
        u1_0.symbole,
        p1_0.unite_conditionnement,
        l1_0.quantite,
        l1_0.qte_livre 
    from
        ligne_commande_client l1_0 
    left join
        tbl_product p1_0 
            on p1_0.id_produit=l1_0.id_produit 
    left join
        unite u1_0 
            on u1_0.id_unite=p1_0.id_unite 
    where
        l1_0.id_cmd_client=?
2025-12-31 00:25:35 - org.hibernate.SQL - 
    select
        l1_0.id_cmd_client,
        l1_0.id_ligne_cl,
        l1_0.new_price_cmnd_client,
        l1_0.price_mode,
        p1_0.id_produit,
        p1_0.alerte_stock,
        p1_0.date_creation,
        p1_0.marge_detail,
        p1_0.marge_gros,
        p1_0.nom_produit,
        p1_0.nombre_unites_par_conditionnement,
        p1_0.prix_achat,
        p1_0.prix_detail,
        p1_0.prix_en_gros,
        p1_0.product_image,
        u1_0.id_unite,
        u1_0.id_boutique,
        u1_0.libelle,
        u1_0.symbole,
        p1_0.unite_conditionnement,
        l1_0.quantite,
        l1_0.qte_livre 
    from
        ligne_commande_client l1_0 
    left join
        tbl_product p1_0 
            on p1_0.id_produit=l1_0.id_produit 
    left join
        unite u1_0 
            on u1_0.id_unite=p1_0.id_unite 
    where
        l1_0.id_cmd_client=?
2025-12-31 00:25:35 - org.hibernate.orm.deprecation - HHH90000021: Encountered deprecated setting [javax.persistence.query.timeout], use [jakarta.persistence.query.timeout] instead
2025-12-31 00:25:35 - org.hibernate.SQL - 
    select
        pc1_0.id_paie_client,
        pc1_0.annule,
        pc1_0.annule_at,
        pc1_0.annule_par,
        pc1_0.annule_reason,
        pc1_0.id_comnd_client,
        pc1_0.date_paie,
        pc1_0.montant_paye,
        pc1_0.paie_reference,
        pc1_0.reference_caisse 
    from
        paiement_client pc1_0 
    join
        commande_client cc1_0 
            on cc1_0.id_cmd_client=pc1_0.id_comnd_client 
    where
        pc1_0.id_comnd_client is not null 
        and cc1_0.id_boutique is not null 
        and cc1_0.id_boutique=?
2025-12-31 00:25:35 - o.s.o.j.s.OpenEntityManagerInViewInterceptor - Closing JPA EntityManager in OpenEntityManagerInViewInterceptor
2025-12-31 00:25:43 - o.s.security.web.FilterChainProxy - Securing OPTIONS /api/historique/ventes/annulations/boutique/3
2025-12-31 00:25:43 - o.s.security.web.FilterChainProxy - Securing GET /api/historique/ventes/annulations/boutique/3
2025-12-31 00:25:43 - c.s.api.security.AuthTokenFilter - Incoming request: GET /api/historique/ventes/annulations/boutique/3 - Authorization present? true - startsWithBearer? true
2025-12-31 00:25:43 - o.s.o.j.SharedEntityManagerCreator$SharedEntityManagerInvocationHandler - Creating new EntityManager for shared EntityManager invocation
2025-12-31 00:25:43 - org.hibernate.orm.deprecation - HHH90000021: Encountered deprecated setting [javax.persistence.query.timeout], use [jakarta.persistence.query.timeout] instead
2025-12-31 00:25:43 - org.hibernate.SQL - 
    select
        u1_0.id_utilisateur,
        u1_0.adresse,
        u1_0.avatar,
        u1_0.boutique_id,
        u1_0.contact_utilisateur,
        u1_0.email,
        u1_0.mot_de_passe_utilisateur,
        u1_0.nom_utilisateur,
        u1_0.prenom_utilisateur,
        u1_0.psedeau_utilisateur,
        u1_0.reset_token,
        u1_0.reset_token_expire,
        u1_0.statut,
        u1_0.type_utilisateur 
    from
        utilisateur u1_0 
    where
        upper(u1_0.email)=upper(?)
2025-12-31 00:25:43 - org.hibernate.SQL - 
    select
        r1_0.utilisateur_id,
        r1_1.id_role,
        r1_1.description,
        r1_1.name,
        p1_0.role_id,
        p1_1.id_permission,
        p1_1.description,
        p1_1.name 
    from
        utilisateur_roles r1_0 
    join
        role r1_1 
            on r1_1.id_role=r1_0.role_id 
    left join
        role_permissions p1_0 
            on r1_1.id_role=p1_0.role_id 
    left join
        permission p1_1 
            on p1_1.id_permission=p1_0.permission_id 
    where
        r1_0.utilisateur_id=?
2025-12-31 00:25:43 - org.hibernate.SQL - 
    select
        p1_0.utilisateur_id,
        p1_1.id_permission,
        p1_1.description,
        p1_1.name 
    from
        utilisateur_permissions p1_0 
    join
        permission p1_1 
            on p1_1.id_permission=p1_0.permission_id 
    where
        p1_0.utilisateur_id=?
2025-12-31 00:25:43 - o.s.security.web.FilterChainProxy - Secured GET /api/historique/ventes/annulations/boutique/3
2025-12-31 00:25:43 - c.s.api.security.AuthTokenFilter - Incoming request: GET /api/historique/ventes/annulations/boutique/3 - Authorization present? true - startsWithBearer? true
2025-12-31 00:25:43 - o.s.o.j.SharedEntityManagerCreator$SharedEntityManagerInvocationHandler - Creating new EntityManager for shared EntityManager invocation
2025-12-31 00:25:43 - org.hibernate.orm.deprecation - HHH90000021: Encountered deprecated setting [javax.persistence.query.timeout], use [jakarta.persistence.query.timeout] instead
2025-12-31 00:25:43 - org.hibernate.SQL - 
    select
        u1_0.id_utilisateur,
        u1_0.adresse,
        u1_0.avatar,
        u1_0.boutique_id,
        u1_0.contact_utilisateur,
        u1_0.email,
        u1_0.mot_de_passe_utilisateur,
        u1_0.nom_utilisateur,
        u1_0.prenom_utilisateur,
        u1_0.psedeau_utilisateur,
        u1_0.reset_token,
        u1_0.reset_token_expire,
        u1_0.statut,
        u1_0.type_utilisateur 
    from
        utilisateur u1_0 
    where
        upper(u1_0.email)=upper(?)
2025-12-31 00:25:43 - org.hibernate.SQL - 
    select
        r1_0.utilisateur_id,
        r1_1.id_role,
        r1_1.description,
        r1_1.name,
        p1_0.role_id,
        p1_1.id_permission,
        p1_1.description,
        p1_1.name 
    from
        utilisateur_roles r1_0 
    join
        role r1_1 
            on r1_1.id_role=r1_0.role_id 
    left join
        role_permissions p1_0 
            on r1_1.id_role=p1_0.role_id 
    left join
        permission p1_1 
            on p1_1.id_permission=p1_0.permission_id 
    where
        r1_0.utilisateur_id=?
2025-12-31 00:25:43 - org.hibernate.SQL - 
    select
        p1_0.utilisateur_id,
        p1_1.id_permission,
        p1_1.description,
        p1_1.name 
    from
        utilisateur_permissions p1_0 
    join
        permission p1_1 
            on p1_1.id_permission=p1_0.permission_id 
    where
        p1_0.utilisateur_id=?
2025-12-31 00:25:43 - o.s.o.j.s.OpenEntityManagerInViewInterceptor - Opening JPA EntityManager in OpenEntityManagerInViewInterceptor
2025-12-31 00:25:43 - org.hibernate.orm.deprecation - HHH90000021: Encountered deprecated setting [javax.persistence.query.timeout], use [jakarta.persistence.query.timeout] instead
2025-12-31 00:25:43 - org.hibernate.SQL - 
    select
        u1_0.id_utilisateur,
        u1_0.adresse,
        u1_0.avatar,
        u1_0.boutique_id,
        u1_0.contact_utilisateur,
        u1_0.email,
        u1_0.mot_de_passe_utilisateur,
        u1_0.nom_utilisateur,
        u1_0.prenom_utilisateur,
        u1_0.psedeau_utilisateur,
        u1_0.reset_token,
        u1_0.reset_token_expire,
        u1_0.statut,
        u1_0.type_utilisateur 
    from
        utilisateur u1_0 
    where
        upper(u1_0.email)=upper(?)
2025-12-31 00:25:43 - org.hibernate.SQL - 
    select
        r1_0.utilisateur_id,
        r1_1.id_role,
        r1_1.description,
        r1_1.name,
        p1_0.role_id,
        p1_1.id_permission,
        p1_1.description,
        p1_1.name 
    from
        utilisateur_roles r1_0 
    join
        role r1_1 
            on r1_1.id_role=r1_0.role_id 
    left join
        role_permissions p1_0 
            on r1_1.id_role=p1_0.role_id 
    left join
        permission p1_1 
            on p1_1.id_permission=p1_0.permission_id 
    where
        r1_0.utilisateur_id=?
2025-12-31 00:25:43 - org.hibernate.SQL - 
    select
        p1_0.utilisateur_id,
        p1_1.id_permission,
        p1_1.description,
        p1_1.name 
    from
        utilisateur_permissions p1_0 
    join
        permission p1_1 
            on p1_1.id_permission=p1_0.permission_id 
    where
        p1_0.utilisateur_id=?
2025-12-31 00:25:43 - o.s.o.j.s.OpenEntityManagerInViewInterceptor - Closing JPA EntityManager in OpenEntityManagerInViewInterceptor
2025-12-31 00:25:45 - o.s.security.web.FilterChainProxy - Securing OPTIONS /api/historique/ventes/boutique/3
2025-12-31 00:25:45 - o.s.security.web.FilterChainProxy - Securing GET /api/historique/ventes/boutique/3
2025-12-31 00:25:45 - c.s.api.security.AuthTokenFilter - Incoming request: GET /api/historique/ventes/boutique/3 - Authorization present? true - startsWithBearer? true
2025-12-31 00:25:45 - o.s.o.j.SharedEntityManagerCreator$SharedEntityManagerInvocationHandler - Creating new EntityManager for shared EntityManager invocation
2025-12-31 00:25:45 - org.hibernate.orm.deprecation - HHH90000021: Encountered deprecated setting [javax.persistence.query.timeout], use [jakarta.persistence.query.timeout] instead
2025-12-31 00:25:45 - org.hibernate.SQL - 
    select
        u1_0.id_utilisateur,
        u1_0.adresse,
        u1_0.avatar,
        u1_0.boutique_id,
        u1_0.contact_utilisateur,
        u1_0.email,
        u1_0.mot_de_passe_utilisateur,
        u1_0.nom_utilisateur,
        u1_0.prenom_utilisateur,
        u1_0.psedeau_utilisateur,
        u1_0.reset_token,
        u1_0.reset_token_expire,
        u1_0.statut,
        u1_0.type_utilisateur 
    from
        utilisateur u1_0 
    where
        upper(u1_0.email)=upper(?)
2025-12-31 00:25:45 - org.hibernate.SQL - 
    select
        r1_0.utilisateur_id,
        r1_1.id_role,
        r1_1.description,
        r1_1.name,
        p1_0.role_id,
        p1_1.id_permission,
        p1_1.description,
        p1_1.name 
    from
        utilisateur_roles r1_0 
    join
        role r1_1 
            on r1_1.id_role=r1_0.role_id 
    left join
        role_permissions p1_0 
            on r1_1.id_role=p1_0.role_id 
    left join
        permission p1_1 
            on p1_1.id_permission=p1_0.permission_id 
    where
        r1_0.utilisateur_id=?
2025-12-31 00:25:45 - org.hibernate.SQL - 
    select
        p1_0.utilisateur_id,
        p1_1.id_permission,
        p1_1.description,
        p1_1.name 
    from
        utilisateur_permissions p1_0 
    join
        permission p1_1 
            on p1_1.id_permission=p1_0.permission_id 
    where
        p1_0.utilisateur_id=?
2025-12-31 00:25:45 - o.s.security.web.FilterChainProxy - Secured GET /api/historique/ventes/boutique/3
2025-12-31 00:25:45 - c.s.api.security.AuthTokenFilter - Incoming request: GET /api/historique/ventes/boutique/3 - Authorization present? true - startsWithBearer? true
2025-12-31 00:25:45 - o.s.o.j.SharedEntityManagerCreator$SharedEntityManagerInvocationHandler - Creating new EntityManager for shared EntityManager invocation
2025-12-31 00:25:45 - org.hibernate.orm.deprecation - HHH90000021: Encountered deprecated setting [javax.persistence.query.timeout], use [jakarta.persistence.query.timeout] instead
2025-12-31 00:25:45 - org.hibernate.SQL - 
    select
        u1_0.id_utilisateur,
        u1_0.adresse,
        u1_0.avatar,
        u1_0.boutique_id,
        u1_0.contact_utilisateur,
        u1_0.email,
        u1_0.mot_de_passe_utilisateur,
        u1_0.nom_utilisateur,
        u1_0.prenom_utilisateur,
        u1_0.psedeau_utilisateur,
        u1_0.reset_token,
        u1_0.reset_token_expire,
        u1_0.statut,
        u1_0.type_utilisateur 
    from
        utilisateur u1_0 
    where
        upper(u1_0.email)=upper(?)
2025-12-31 00:25:45 - org.hibernate.SQL - 
    select
        r1_0.utilisateur_id,
        r1_1.id_role,
        r1_1.description,
        r1_1.name,
        p1_0.role_id,
        p1_1.id_permission,
        p1_1.description,
        p1_1.name 
    from
        utilisateur_roles r1_0 
    join
        role r1_1 
            on r1_1.id_role=r1_0.role_id 
    left join
        role_permissions p1_0 
            on r1_1.id_role=p1_0.role_id 
    left join
        permission p1_1 
            on p1_1.id_permission=p1_0.permission_id 
    where
        r1_0.utilisateur_id=?
2025-12-31 00:25:45 - org.hibernate.SQL - 
    select
        p1_0.utilisateur_id,
        p1_1.id_permission,
        p1_1.description,
        p1_1.name 
    from
        utilisateur_permissions p1_0 
    join
        permission p1_1 
            on p1_1.id_permission=p1_0.permission_id 
    where
        p1_0.utilisateur_id=?
2025-12-31 00:25:45 - o.s.o.j.s.OpenEntityManagerInViewInterceptor - Opening JPA EntityManager in OpenEntityManagerInViewInterceptor
2025-12-31 00:25:45 - org.hibernate.orm.deprecation - HHH90000021: Encountered deprecated setting [javax.persistence.query.timeout], use [jakarta.persistence.query.timeout] instead
2025-12-31 00:25:45 - org.hibernate.SQL - 
    select
        u1_0.id_utilisateur,
        u1_0.adresse,
        u1_0.avatar,
        u1_0.boutique_id,
        u1_0.contact_utilisateur,
        u1_0.email,
        u1_0.mot_de_passe_utilisateur,
        u1_0.nom_utilisateur,
        u1_0.prenom_utilisateur,
        u1_0.psedeau_utilisateur,
        u1_0.reset_token,
        u1_0.reset_token_expire,
        u1_0.statut,
        u1_0.type_utilisateur 
    from
        utilisateur u1_0 
    where
        upper(u1_0.email)=upper(?)
2025-12-31 00:25:45 - org.hibernate.SQL - 
    select
        r1_0.utilisateur_id,
        r1_1.id_role,
        r1_1.description,
        r1_1.name,
        p1_0.role_id,
        p1_1.id_permission,
        p1_1.description,
        p1_1.name 
    from
        utilisateur_roles r1_0 
    join
        role r1_1 
            on r1_1.id_role=r1_0.role_id 
    left join
        role_permissions p1_0 
            on r1_1.id_role=p1_0.role_id 
    left join
        permission p1_1 
            on p1_1.id_permission=p1_0.permission_id 
    where
        r1_0.utilisateur_id=?
2025-12-31 00:25:45 - org.hibernate.SQL - 
    select
        p1_0.utilisateur_id,
        p1_1.id_permission,
        p1_1.description,
        p1_1.name 
    from
        utilisateur_permissions p1_0 
    join
        permission p1_1 
            on p1_1.id_permission=p1_0.permission_id 
    where
        p1_0.utilisateur_id=?
2025-12-31 00:25:45 - org.hibernate.orm.deprecation - HHH90000021: Encountered deprecated setting [javax.persistence.query.timeout], use [jakarta.persistence.query.timeout] instead
2025-12-31 00:25:45 - org.hibernate.SQL - 
    select
        l1_0.id_livraison,
        l1_0.annule,
        l1_0.annule_at,
        l1_0.annule_par,
        l1_0.annule_reason,
        l1_0.id_commande_client,
        l1_0.date_livraison,
        l1_0.livraison_refer 
    from
        livraison l1_0 
    join
        commande_client cc1_0 
            on cc1_0.id_cmd_client=l1_0.id_commande_client 
    where
        l1_0.id_commande_client is not null 
        and cc1_0.id_boutique is not null 
        and cc1_0.id_boutique=?
2025-12-31 00:25:45 - org.hibernate.SQL - 
    select
        cc1_0.id_cmd_client,
        b1_0.id_boutique,
        b1_0.adresse,
        b1_0.logo,
        b1_0.nom,
        b1_0.quartier,
        b1_0.telephone,
        c1_0.id_client_gr,
        c1_0.contact_client_grossiste,
        c1_0.nom_client_grossiste,
        c1_0.prenom_du_client_grossiste,
        c1_0.ville_client_grossiste,
        cc1_0.date_cmd_client,
        cc1_0.paie,
        cc1_0.reference,
        cc1_0.total,
        u1_0.id_utilisateur,
        u1_0.adresse,
        u1_0.avatar,
        u1_0.boutique_id,
        u1_0.contact_utilisateur,
        u1_0.email,
        u1_0.mot_de_passe_utilisateur,
        u1_0.nom_utilisateur,
        p1_0.utilisateur_id,
        p1_1.id_permission,
        p1_1.description,
        p1_1.name,
        u1_0.prenom_utilisateur,
        u1_0.psedeau_utilisateur,
        u1_0.reset_token,
        u1_0.reset_token_expire,
        r1_0.utilisateur_id,
        r1_1.id_role,
        r1_1.description,
        r1_1.name,
        u1_0.statut,
        u1_0.type_utilisateur 
    from
        commande_client cc1_0 
    left join
        boutique b1_0 
            on b1_0.id_boutique=cc1_0.id_boutique 
    left join
        client_grossiste c1_0 
            on c1_0.id_client_gr=cc1_0.id_client_gr 
    left join
        utilisateur u1_0 
            on u1_0.id_utilisateur=cc1_0.id_utilisateur 
    left join
        utilisateur_permissions p1_0 
            on u1_0.id_utilisateur=p1_0.utilisateur_id 
    left join
        permission p1_1 
            on p1_1.id_permission=p1_0.permission_id 
    left join
        utilisateur_roles r1_0 
            on u1_0.id_utilisateur=r1_0.utilisateur_id 
    left join
        role r1_1 
            on r1_1.id_role=r1_0.role_id 
    where
        cc1_0.id_cmd_client=?
2025-12-31 00:25:45 - org.hibernate.SQL - 
    select
        cc1_0.id_cmd_client,
        b1_0.id_boutique,
        b1_0.adresse,
        b1_0.logo,
        b1_0.nom,
        b1_0.quartier,
        b1_0.telephone,
        c1_0.id_client_gr,
        c1_0.contact_client_grossiste,
        c1_0.nom_client_grossiste,
        c1_0.prenom_du_client_grossiste,
        c1_0.ville_client_grossiste,
        cc1_0.date_cmd_client,
        cc1_0.paie,
        cc1_0.reference,
        cc1_0.total,
        u1_0.id_utilisateur,
        u1_0.adresse,
        u1_0.avatar,
        u1_0.boutique_id,
        u1_0.contact_utilisateur,
        u1_0.email,
        u1_0.mot_de_passe_utilisateur,
        u1_0.nom_utilisateur,
        p1_0.utilisateur_id,
        p1_1.id_permission,
        p1_1.description,
        p1_1.name,
        u1_0.prenom_utilisateur,
        u1_0.psedeau_utilisateur,
        u1_0.reset_token,
        u1_0.reset_token_expire,
        r1_0.utilisateur_id,
        r1_1.id_role,
        r1_1.description,
        r1_1.name,
        u1_0.statut,
        u1_0.type_utilisateur 
    from
        commande_client cc1_0 
    left join
        boutique b1_0 
            on b1_0.id_boutique=cc1_0.id_boutique 
    left join
        client_grossiste c1_0 
            on c1_0.id_client_gr=cc1_0.id_client_gr 
    left join
        utilisateur u1_0 
            on u1_0.id_utilisateur=cc1_0.id_utilisateur 
    left join
        utilisateur_permissions p1_0 
            on u1_0.id_utilisateur=p1_0.utilisateur_id 
    left join
        permission p1_1 
            on p1_1.id_permission=p1_0.permission_id 
    left join
        utilisateur_roles r1_0 
            on u1_0.id_utilisateur=r1_0.utilisateur_id 
    left join
        role r1_1 
            on r1_1.id_role=r1_0.role_id 
    where
        cc1_0.id_cmd_client=?
2025-12-31 00:25:45 - org.hibernate.SQL - 
    select
        l1_0.id_cmd_client,
        l1_0.id_ligne_cl,
        l1_0.new_price_cmnd_client,
        l1_0.price_mode,
        p1_0.id_produit,
        p1_0.alerte_stock,
        p1_0.date_creation,
        p1_0.marge_detail,
        p1_0.marge_gros,
        p1_0.nom_produit,
        p1_0.nombre_unites_par_conditionnement,
        p1_0.prix_achat,
        p1_0.prix_detail,
        p1_0.prix_en_gros,
        p1_0.product_image,
        u1_0.id_unite,
        u1_0.id_boutique,
        u1_0.libelle,
        u1_0.symbole,
        p1_0.unite_conditionnement,
        l1_0.quantite,
        l1_0.qte_livre 
    from
        ligne_commande_client l1_0 
    left join
        tbl_product p1_0 
            on p1_0.id_produit=l1_0.id_produit 
    left join
        unite u1_0 
            on u1_0.id_unite=p1_0.id_unite 
    where
        l1_0.id_cmd_client=?
2025-12-31 00:25:45 - org.hibernate.SQL - 
    select
        l1_0.id_cmd_client,
        l1_0.id_ligne_cl,
        l1_0.new_price_cmnd_client,
        l1_0.price_mode,
        p1_0.id_produit,
        p1_0.alerte_stock,
        p1_0.date_creation,
        p1_0.marge_detail,
        p1_0.marge_gros,
        p1_0.nom_produit,
        p1_0.nombre_unites_par_conditionnement,
        p1_0.prix_achat,
        p1_0.prix_detail,
        p1_0.prix_en_gros,
        p1_0.product_image,
        u1_0.id_unite,
        u1_0.id_boutique,
        u1_0.libelle,
        u1_0.symbole,
        p1_0.unite_conditionnement,
        l1_0.quantite,
        l1_0.qte_livre 
    from
        ligne_commande_client l1_0 
    left join
        tbl_product p1_0 
            on p1_0.id_produit=l1_0.id_produit 
    left join
        unite u1_0 
            on u1_0.id_unite=p1_0.id_unite 
    where
        l1_0.id_cmd_client=?
2025-12-31 00:25:45 - org.hibernate.orm.deprecation - HHH90000021: Encountered deprecated setting [javax.persistence.query.timeout], use [jakarta.persistence.query.timeout] instead
2025-12-31 00:25:45 - org.hibernate.SQL - 
    select
        pc1_0.id_paie_client,
        pc1_0.annule,
        pc1_0.annule_at,
        pc1_0.annule_par,
        pc1_0.annule_reason,
        pc1_0.id_comnd_client,
        pc1_0.date_paie,
        pc1_0.montant_paye,
        pc1_0.paie_reference,
        pc1_0.reference_caisse 
    from
        paiement_client pc1_0 
    join
        commande_client cc1_0 
            on cc1_0.id_cmd_client=pc1_0.id_comnd_client 
    where
        pc1_0.id_comnd_client is not null 
        and cc1_0.id_boutique is not null 
        and cc1_0.id_boutique=?
2025-12-31 00:25:45 - o.s.o.j.s.OpenEntityManagerInViewInterceptor - Closing JPA EntityManager in OpenEntityManagerInViewInterceptor
2025-12-31 00:26:06 - o.s.b.w.e.tomcat.GracefulShutdown - Commencing graceful shutdown. Waiting for active requests to complete
2025-12-31 00:26:06 - o.s.b.w.e.tomcat.GracefulShutdown - Graceful shutdown complete
2025-12-31 00:26:06 - o.s.o.j.LocalContainerEntityManagerFactoryBean - Closing JPA EntityManagerFactory for persistence unit 'default'
2025-12-31 00:26:06 - com.zaxxer.hikari.HikariDataSource - HikariPool-1 - Shutdown initiated...
2025-12-31 00:26:06 - com.zaxxer.hikari.HikariDataSource - HikariPool-1 - Shutdown completed.
