nohup: les entrées sont ignorées
Standard Commons Logging discovery in action with spring-jcl: please remove commons-logging.jar from classpath in order to avoid potential conflicts

  .   ____          _            __ _ _
 /\\ / ___'_ __ _ _(_)_ __  __ _ \ \ \ \
( ( )\___ | '_ | '_| | '_ \/ _` | \ \ \ \
 \\/  ___)| |_)| | | | | || (_| |  ) ) ) )
  '  |____| .__|_| |_|_| |_\__, | / / / /
 =========|_|==============|___/=/_/_/_/

 :: Spring Boot ::                (v3.5.0)

2025-12-28T16:02:54.743+01:00  INFO 157899 --- [smboutique-backend] [           main] com.smboutique.api.ApiApplication        : Starting ApiApplication v0.0.1-SNAPSHOT using Java 21.0.9 with PID 157899 (/home/maitre/SMBOUTIQUE_V2/backend/target/backend-0.0.1-SNAPSHOT.jar started by maitre in /home/maitre/SMBOUTIQUE_V2)
2025-12-28T16:02:54.751+01:00 DEBUG 157899 --- [smboutique-backend] [           main] com.smboutique.api.ApiApplication        : Running with Spring Boot v3.5.0, Spring v6.2.7
2025-12-28T16:02:54.753+01:00  INFO 157899 --- [smboutique-backend] [           main] com.smboutique.api.ApiApplication        : No active profile set, falling back to 1 default profile: "default"
2025-12-28T16:02:56.019+01:00  INFO 157899 --- [smboutique-backend] [           main] o.s.b.f.s.DefaultListableBeanFactory     : Overriding bean definition for bean 'passwordEncoder' with a different definition: replacing [Root bean: class=null; scope=; abstract=false; lazyInit=null; autowireMode=3; dependencyCheck=0; autowireCandidate=true; primary=false; fallback=false; factoryBeanName=webSecurityConfig; factoryMethodName=passwordEncoder; initMethodNames=null; destroyMethodNames=[(inferred)]; defined in class path resource [com/smboutique/api/security/WebSecurityConfig.class]] with [Root bean: class=null; scope=; abstract=false; lazyInit=null; autowireMode=3; dependencyCheck=0; autowireCandidate=true; primary=false; fallback=false; factoryBeanName=apiApplication; factoryMethodName=passwordEncoder; initMethodNames=null; destroyMethodNames=[(inferred)]; defined in com.smboutique.api.ApiApplication]
2025-12-28T16:02:56.489+01:00  INFO 157899 --- [smboutique-backend] [           main] .s.d.r.c.RepositoryConfigurationDelegate : Bootstrapping Spring Data JPA repositories in DEFAULT mode.
2025-12-28T16:02:56.731+01:00  INFO 157899 --- [smboutique-backend] [           main] .s.d.r.c.RepositoryConfigurationDelegate : Finished Spring Data repository scanning in 227 ms. Found 29 JPA repository interfaces.
2025-12-28T16:02:58.042+01:00  INFO 157899 --- [smboutique-backend] [           main] o.s.b.w.embedded.tomcat.TomcatWebServer  : Tomcat initialized with port 8085 (http)
2025-12-28T16:02:58.080+01:00  INFO 157899 --- [smboutique-backend] [           main] o.apache.catalina.core.StandardService   : Starting service [Tomcat]
2025-12-28T16:02:58.081+01:00  INFO 157899 --- [smboutique-backend] [           main] o.apache.catalina.core.StandardEngine    : Starting Servlet engine: [Apache Tomcat/10.1.41]
2025-12-28T16:02:58.132+01:00  INFO 157899 --- [smboutique-backend] [           main] o.a.c.c.C.[Tomcat].[localhost].[/]       : Initializing Spring embedded WebApplicationContext
2025-12-28T16:02:58.132+01:00  INFO 157899 --- [smboutique-backend] [           main] w.s.c.ServletWebServerApplicationContext : Root WebApplicationContext: initialization completed in 3295 ms
Standard Commons Logging discovery in action with spring-jcl: please remove commons-logging.jar from classpath in order to avoid potential conflicts
2025-12-28T16:02:58.361+01:00 DEBUG 157899 --- [smboutique-backend] [           main] j.LocalContainerEntityManagerFactoryBean : Building JPA container EntityManagerFactory for persistence unit 'default'
2025-12-28T16:02:58.392+01:00  INFO 157899 --- [smboutique-backend] [           main] o.hibernate.jpa.internal.util.LogHelper  : HHH000204: Processing PersistenceUnitInfo [name: default]
2025-12-28T16:02:58.517+01:00  INFO 157899 --- [smboutique-backend] [           main] org.hibernate.Version                    : HHH000412: Hibernate ORM core version 6.6.15.Final
2025-12-28T16:02:58.584+01:00  INFO 157899 --- [smboutique-backend] [           main] o.h.c.internal.RegionFactoryInitiator    : HHH000026: Second-level cache disabled
2025-12-28T16:02:59.057+01:00  INFO 157899 --- [smboutique-backend] [           main] o.s.o.j.p.SpringPersistenceUnitInfo      : No LoadTimeWeaver setup: ignoring JPA class transformer
2025-12-28T16:02:59.113+01:00  INFO 157899 --- [smboutique-backend] [           main] com.zaxxer.hikari.HikariDataSource       : HikariPool-1 - Starting...
2025-12-28T16:02:59.399+01:00  INFO 157899 --- [smboutique-backend] [           main] com.zaxxer.hikari.pool.HikariPool        : HikariPool-1 - Added connection com.mysql.cj.jdbc.ConnectionImpl@1939a394
2025-12-28T16:02:59.402+01:00  INFO 157899 --- [smboutique-backend] [           main] com.zaxxer.hikari.HikariDataSource       : HikariPool-1 - Start completed.
2025-12-28T16:02:59.438+01:00  WARN 157899 --- [smboutique-backend] [           main] org.hibernate.orm.deprecation            : HHH90000025: MySQL8Dialect does not need to be specified explicitly using 'hibernate.dialect' (remove the property setting and it will be selected by default)
2025-12-28T16:02:59.440+01:00  WARN 157899 --- [smboutique-backend] [           main] org.hibernate.orm.deprecation            : HHH90000026: MySQL8Dialect has been deprecated; use org.hibernate.dialect.MySQLDialect instead
2025-12-28T16:02:59.466+01:00  INFO 157899 --- [smboutique-backend] [           main] org.hibernate.orm.connections.pooling    : HHH10001005: Database info:
	Database JDBC URL [Connecting through datasource 'HikariDataSource (HikariPool-1)']
	Database driver: undefined/unknown
	Database version: 8.0
	Autocommit mode: undefined/unknown
	Isolation level: undefined/unknown
	Minimum pool size: undefined/unknown
	Maximum pool size: undefined/unknown
2025-12-28T16:03:01.999+01:00  INFO 157899 --- [smboutique-backend] [           main] o.h.e.t.j.p.i.JtaPlatformInitiator       : HHH000489: No JTA platform available (set 'hibernate.transaction.jta.platform' to enable JTA platform integration)
2025-12-28T16:03:02.391+01:00  INFO 157899 --- [smboutique-backend] [           main] j.LocalContainerEntityManagerFactoryBean : Initialized JPA EntityManagerFactory for persistence unit 'default'
2025-12-28T16:03:02.537+01:00 DEBUG 157899 --- [smboutique-backend] [           main] tor$SharedEntityManagerInvocationHandler : Creating new EntityManager for shared EntityManager invocation
2025-12-28T16:03:02.603+01:00 DEBUG 157899 --- [smboutique-backend] [           main] tor$SharedEntityManagerInvocationHandler : Creating new EntityManager for shared EntityManager invocation
2025-12-28T16:03:02.767+01:00 DEBUG 157899 --- [smboutique-backend] [           main] tor$SharedEntityManagerInvocationHandler : Creating new EntityManager for shared EntityManager invocation
2025-12-28T16:03:02.909+01:00 DEBUG 157899 --- [smboutique-backend] [           main] tor$SharedEntityManagerInvocationHandler : Creating new EntityManager for shared EntityManager invocation
2025-12-28T16:03:03.041+01:00 DEBUG 157899 --- [smboutique-backend] [           main] tor$SharedEntityManagerInvocationHandler : Creating new EntityManager for shared EntityManager invocation
2025-12-28T16:03:03.065+01:00 DEBUG 157899 --- [smboutique-backend] [           main] tor$SharedEntityManagerInvocationHandler : Creating new EntityManager for shared EntityManager invocation
2025-12-28T16:03:03.206+01:00 DEBUG 157899 --- [smboutique-backend] [           main] c.s.api.security.AuthTokenFilter         : Filter 'authTokenFilter' configured for use
2025-12-28T16:03:03.207+01:00 DEBUG 157899 --- [smboutique-backend] [           main] c.s.api.security.AuthTokenFilter         : Filter 'authenticationJwtTokenFilter' configured for use
2025-12-28T16:03:03.288+01:00 DEBUG 157899 --- [smboutique-backend] [           main] tor$SharedEntityManagerInvocationHandler : Creating new EntityManager for shared EntityManager invocation
2025-12-28T16:03:03.294+01:00 DEBUG 157899 --- [smboutique-backend] [           main] tor$SharedEntityManagerInvocationHandler : Creating new EntityManager for shared EntityManager invocation
2025-12-28T16:03:03.300+01:00 DEBUG 157899 --- [smboutique-backend] [           main] tor$SharedEntityManagerInvocationHandler : Creating new EntityManager for shared EntityManager invocation
2025-12-28T16:03:03.320+01:00 DEBUG 157899 --- [smboutique-backend] [           main] tor$SharedEntityManagerInvocationHandler : Creating new EntityManager for shared EntityManager invocation
2025-12-28T16:03:03.321+01:00 DEBUG 157899 --- [smboutique-backend] [           main] tor$SharedEntityManagerInvocationHandler : Creating new EntityManager for shared EntityManager invocation
2025-12-28T16:03:03.329+01:00 DEBUG 157899 --- [smboutique-backend] [           main] tor$SharedEntityManagerInvocationHandler : Creating new EntityManager for shared EntityManager invocation
2025-12-28T16:03:03.350+01:00 DEBUG 157899 --- [smboutique-backend] [           main] tor$SharedEntityManagerInvocationHandler : Creating new EntityManager for shared EntityManager invocation
2025-12-28T16:03:03.352+01:00 DEBUG 157899 --- [smboutique-backend] [           main] tor$SharedEntityManagerInvocationHandler : Creating new EntityManager for shared EntityManager invocation
2025-12-28T16:03:03.369+01:00 DEBUG 157899 --- [smboutique-backend] [           main] tor$SharedEntityManagerInvocationHandler : Creating new EntityManager for shared EntityManager invocation
2025-12-28T16:03:03.388+01:00 DEBUG 157899 --- [smboutique-backend] [           main] tor$SharedEntityManagerInvocationHandler : Creating new EntityManager for shared EntityManager invocation
2025-12-28T16:03:03.392+01:00 DEBUG 157899 --- [smboutique-backend] [           main] tor$SharedEntityManagerInvocationHandler : Creating new EntityManager for shared EntityManager invocation
2025-12-28T16:03:03.409+01:00 DEBUG 157899 --- [smboutique-backend] [           main] tor$SharedEntityManagerInvocationHandler : Creating new EntityManager for shared EntityManager invocation
2025-12-28T16:03:03.410+01:00 DEBUG 157899 --- [smboutique-backend] [           main] tor$SharedEntityManagerInvocationHandler : Creating new EntityManager for shared EntityManager invocation
2025-12-28T16:03:03.427+01:00 DEBUG 157899 --- [smboutique-backend] [           main] tor$SharedEntityManagerInvocationHandler : Creating new EntityManager for shared EntityManager invocation
2025-12-28T16:03:03.452+01:00  INFO 157899 --- [smboutique-backend] [           main] o.s.d.j.r.query.QueryEnhancerFactory     : Hibernate is in classpath; If applicable, HQL parser will be used.
2025-12-28T16:03:04.309+01:00  WARN 157899 --- [smboutique-backend] [           main] org.hibernate.orm.deprecation            : HHH90000021: Encountered deprecated setting [javax.persistence.query.timeout], use [jakarta.persistence.query.timeout] instead
2025-12-28T16:03:04.322+01:00 DEBUG 157899 --- [smboutique-backend] [           main] tor$SharedEntityManagerInvocationHandler : Creating new EntityManager for shared EntityManager invocation
2025-12-28T16:03:04.323+01:00 DEBUG 157899 --- [smboutique-backend] [           main] tor$SharedEntityManagerInvocationHandler : Creating new EntityManager for shared EntityManager invocation
2025-12-28T16:03:04.327+01:00 DEBUG 157899 --- [smboutique-backend] [           main] tor$SharedEntityManagerInvocationHandler : Creating new EntityManager for shared EntityManager invocation
2025-12-28T16:03:04.331+01:00 DEBUG 157899 --- [smboutique-backend] [           main] tor$SharedEntityManagerInvocationHandler : Creating new EntityManager for shared EntityManager invocation
2025-12-28T16:03:04.541+01:00  WARN 157899 --- [smboutique-backend] [           main] org.hibernate.orm.deprecation            : HHH90000021: Encountered deprecated setting [javax.persistence.query.timeout], use [jakarta.persistence.query.timeout] instead
2025-12-28T16:03:04.541+01:00 DEBUG 157899 --- [smboutique-backend] [           main] tor$SharedEntityManagerInvocationHandler : Creating new EntityManager for shared EntityManager invocation
2025-12-28T16:03:04.543+01:00 DEBUG 157899 --- [smboutique-backend] [           main] tor$SharedEntityManagerInvocationHandler : Creating new EntityManager for shared EntityManager invocation
2025-12-28T16:03:04.555+01:00 DEBUG 157899 --- [smboutique-backend] [           main] tor$SharedEntityManagerInvocationHandler : Creating new EntityManager for shared EntityManager invocation
2025-12-28T16:03:04.556+01:00 DEBUG 157899 --- [smboutique-backend] [           main] tor$SharedEntityManagerInvocationHandler : Creating new EntityManager for shared EntityManager invocation
2025-12-28T16:03:04.559+01:00 DEBUG 157899 --- [smboutique-backend] [           main] tor$SharedEntityManagerInvocationHandler : Creating new EntityManager for shared EntityManager invocation
2025-12-28T16:03:04.561+01:00 DEBUG 157899 --- [smboutique-backend] [           main] tor$SharedEntityManagerInvocationHandler : Creating new EntityManager for shared EntityManager invocation
2025-12-28T16:03:04.563+01:00 DEBUG 157899 --- [smboutique-backend] [           main] tor$SharedEntityManagerInvocationHandler : Creating new EntityManager for shared EntityManager invocation
2025-12-28T16:03:04.702+01:00  INFO 157899 --- [smboutique-backend] [           main] eAuthenticationProviderManagerConfigurer : Global AuthenticationManager configured with AuthenticationProvider bean with name authenticationProvider
2025-12-28T16:03:04.703+01:00  WARN 157899 --- [smboutique-backend] [           main] r$InitializeUserDetailsManagerConfigurer : Global AuthenticationManager configured with an AuthenticationProvider bean. UserDetailsService beans will not be used by Spring Security for automatically configuring username/password login. Consider removing the AuthenticationProvider bean. Alternatively, consider using the UserDetailsService in a manually instantiated DaoAuthenticationProvider. If the current configuration is intentional, to turn off this warning, increase the logging level of 'org.springframework.security.config.annotation.authentication.configuration.InitializeUserDetailsBeanManagerConfigurer' to ERROR
2025-12-28T16:03:04.730+01:00 DEBUG 157899 --- [smboutique-backend] [           main] tor$SharedEntityManagerInvocationHandler : Creating new EntityManager for shared EntityManager invocation
2025-12-28T16:03:04.734+01:00 DEBUG 157899 --- [smboutique-backend] [           main] tor$SharedEntityManagerInvocationHandler : Creating new EntityManager for shared EntityManager invocation
2025-12-28T16:03:04.752+01:00 DEBUG 157899 --- [smboutique-backend] [           main] tor$SharedEntityManagerInvocationHandler : Creating new EntityManager for shared EntityManager invocation
2025-12-28T16:03:04.755+01:00 DEBUG 157899 --- [smboutique-backend] [           main] tor$SharedEntityManagerInvocationHandler : Creating new EntityManager for shared EntityManager invocation
2025-12-28T16:03:04.772+01:00 DEBUG 157899 --- [smboutique-backend] [           main] tor$SharedEntityManagerInvocationHandler : Creating new EntityManager for shared EntityManager invocation
2025-12-28T16:03:04.781+01:00 DEBUG 157899 --- [smboutique-backend] [           main] tor$SharedEntityManagerInvocationHandler : Creating new EntityManager for shared EntityManager invocation
2025-12-28T16:03:04.798+01:00 DEBUG 157899 --- [smboutique-backend] [           main] tor$SharedEntityManagerInvocationHandler : Creating new EntityManager for shared EntityManager invocation
2025-12-28T16:03:04.810+01:00 DEBUG 157899 --- [smboutique-backend] [           main] tor$SharedEntityManagerInvocationHandler : Creating new EntityManager for shared EntityManager invocation
2025-12-28T16:03:04.815+01:00 DEBUG 157899 --- [smboutique-backend] [           main] tor$SharedEntityManagerInvocationHandler : Creating new EntityManager for shared EntityManager invocation
2025-12-28T16:03:04.818+01:00 DEBUG 157899 --- [smboutique-backend] [           main] tor$SharedEntityManagerInvocationHandler : Creating new EntityManager for shared EntityManager invocation
2025-12-28T16:03:05.033+01:00  WARN 157899 --- [smboutique-backend] [           main] org.hibernate.orm.deprecation            : HHH90000021: Encountered deprecated setting [javax.persistence.query.timeout], use [jakarta.persistence.query.timeout] instead
2025-12-28T16:03:05.034+01:00 DEBUG 157899 --- [smboutique-backend] [           main] tor$SharedEntityManagerInvocationHandler : Creating new EntityManager for shared EntityManager invocation
2025-12-28T16:03:05.118+01:00  WARN 157899 --- [smboutique-backend] [           main] org.hibernate.orm.deprecation            : HHH90000021: Encountered deprecated setting [javax.persistence.query.timeout], use [jakarta.persistence.query.timeout] instead
2025-12-28T16:03:05.119+01:00 DEBUG 157899 --- [smboutique-backend] [           main] tor$SharedEntityManagerInvocationHandler : Creating new EntityManager for shared EntityManager invocation
2025-12-28T16:03:05.121+01:00 DEBUG 157899 --- [smboutique-backend] [           main] tor$SharedEntityManagerInvocationHandler : Creating new EntityManager for shared EntityManager invocation
2025-12-28T16:03:05.124+01:00  WARN 157899 --- [smboutique-backend] [           main] org.hibernate.orm.deprecation            : HHH90000021: Encountered deprecated setting [javax.persistence.query.timeout], use [jakarta.persistence.query.timeout] instead
2025-12-28T16:03:05.137+01:00 DEBUG 157899 --- [smboutique-backend] [           main] tor$SharedEntityManagerInvocationHandler : Creating new EntityManager for shared EntityManager invocation
2025-12-28T16:03:05.138+01:00 DEBUG 157899 --- [smboutique-backend] [           main] tor$SharedEntityManagerInvocationHandler : Creating new EntityManager for shared EntityManager invocation
2025-12-28T16:03:05.140+01:00 DEBUG 157899 --- [smboutique-backend] [           main] tor$SharedEntityManagerInvocationHandler : Creating new EntityManager for shared EntityManager invocation
2025-12-28T16:03:05.143+01:00  WARN 157899 --- [smboutique-backend] [           main] org.hibernate.orm.deprecation            : HHH90000021: Encountered deprecated setting [javax.persistence.query.timeout], use [jakarta.persistence.query.timeout] instead
2025-12-28T16:03:05.154+01:00 DEBUG 157899 --- [smboutique-backend] [           main] tor$SharedEntityManagerInvocationHandler : Creating new EntityManager for shared EntityManager invocation
2025-12-28T16:03:05.160+01:00 DEBUG 157899 --- [smboutique-backend] [           main] tor$SharedEntityManagerInvocationHandler : Creating new EntityManager for shared EntityManager invocation
2025-12-28T16:03:05.163+01:00 DEBUG 157899 --- [smboutique-backend] [           main] tor$SharedEntityManagerInvocationHandler : Creating new EntityManager for shared EntityManager invocation
2025-12-28T16:03:05.166+01:00  WARN 157899 --- [smboutique-backend] [           main] org.hibernate.orm.deprecation            : HHH90000021: Encountered deprecated setting [javax.persistence.query.timeout], use [jakarta.persistence.query.timeout] instead
2025-12-28T16:03:05.167+01:00 DEBUG 157899 --- [smboutique-backend] [           main] tor$SharedEntityManagerInvocationHandler : Creating new EntityManager for shared EntityManager invocation
2025-12-28T16:03:05.176+01:00  WARN 157899 --- [smboutique-backend] [           main] org.hibernate.orm.deprecation            : HHH90000021: Encountered deprecated setting [javax.persistence.query.timeout], use [jakarta.persistence.query.timeout] instead
2025-12-28T16:03:05.192+01:00 DEBUG 157899 --- [smboutique-backend] [           main] tor$SharedEntityManagerInvocationHandler : Creating new EntityManager for shared EntityManager invocation
2025-12-28T16:03:05.197+01:00 DEBUG 157899 --- [smboutique-backend] [           main] tor$SharedEntityManagerInvocationHandler : Creating new EntityManager for shared EntityManager invocation
2025-12-28T16:03:05.200+01:00 DEBUG 157899 --- [smboutique-backend] [           main] tor$SharedEntityManagerInvocationHandler : Creating new EntityManager for shared EntityManager invocation
2025-12-28T16:03:05.202+01:00 DEBUG 157899 --- [smboutique-backend] [           main] tor$SharedEntityManagerInvocationHandler : Creating new EntityManager for shared EntityManager invocation
2025-12-28T16:03:05.214+01:00 DEBUG 157899 --- [smboutique-backend] [           main] tor$SharedEntityManagerInvocationHandler : Creating new EntityManager for shared EntityManager invocation
2025-12-28T16:03:05.219+01:00 DEBUG 157899 --- [smboutique-backend] [           main] tor$SharedEntityManagerInvocationHandler : Creating new EntityManager for shared EntityManager invocation
2025-12-28T16:03:05.222+01:00 DEBUG 157899 --- [smboutique-backend] [           main] tor$SharedEntityManagerInvocationHandler : Creating new EntityManager for shared EntityManager invocation
2025-12-28T16:03:05.239+01:00 DEBUG 157899 --- [smboutique-backend] [           main] tor$SharedEntityManagerInvocationHandler : Creating new EntityManager for shared EntityManager invocation
2025-12-28T16:03:05.243+01:00 DEBUG 157899 --- [smboutique-backend] [           main] tor$SharedEntityManagerInvocationHandler : Creating new EntityManager for shared EntityManager invocation
2025-12-28T16:03:05.245+01:00 DEBUG 157899 --- [smboutique-backend] [           main] tor$SharedEntityManagerInvocationHandler : Creating new EntityManager for shared EntityManager invocation
2025-12-28T16:03:05.259+01:00 DEBUG 157899 --- [smboutique-backend] [           main] tor$SharedEntityManagerInvocationHandler : Creating new EntityManager for shared EntityManager invocation
2025-12-28T16:03:05.263+01:00 DEBUG 157899 --- [smboutique-backend] [           main] tor$SharedEntityManagerInvocationHandler : Creating new EntityManager for shared EntityManager invocation
2025-12-28T16:03:05.276+01:00 DEBUG 157899 --- [smboutique-backend] [           main] tor$SharedEntityManagerInvocationHandler : Creating new EntityManager for shared EntityManager invocation
2025-12-28T16:03:05.278+01:00 DEBUG 157899 --- [smboutique-backend] [           main] tor$SharedEntityManagerInvocationHandler : Creating new EntityManager for shared EntityManager invocation
2025-12-28T16:03:05.280+01:00 DEBUG 157899 --- [smboutique-backend] [           main] tor$SharedEntityManagerInvocationHandler : Creating new EntityManager for shared EntityManager invocation
2025-12-28T16:03:05.282+01:00 DEBUG 157899 --- [smboutique-backend] [           main] tor$SharedEntityManagerInvocationHandler : Creating new EntityManager for shared EntityManager invocation
2025-12-28T16:03:05.301+01:00 DEBUG 157899 --- [smboutique-backend] [           main] tor$SharedEntityManagerInvocationHandler : Creating new EntityManager for shared EntityManager invocation
2025-12-28T16:03:05.306+01:00 DEBUG 157899 --- [smboutique-backend] [           main] tor$SharedEntityManagerInvocationHandler : Creating new EntityManager for shared EntityManager invocation
2025-12-28T16:03:05.320+01:00 DEBUG 157899 --- [smboutique-backend] [           main] tor$SharedEntityManagerInvocationHandler : Creating new EntityManager for shared EntityManager invocation
2025-12-28T16:03:05.323+01:00 DEBUG 157899 --- [smboutique-backend] [           main] tor$SharedEntityManagerInvocationHandler : Creating new EntityManager for shared EntityManager invocation
2025-12-28T16:03:05.337+01:00 DEBUG 157899 --- [smboutique-backend] [           main] tor$SharedEntityManagerInvocationHandler : Creating new EntityManager for shared EntityManager invocation
2025-12-28T16:03:05.349+01:00 DEBUG 157899 --- [smboutique-backend] [           main] tor$SharedEntityManagerInvocationHandler : Creating new EntityManager for shared EntityManager invocation
2025-12-28T16:03:05.362+01:00 DEBUG 157899 --- [smboutique-backend] [           main] tor$SharedEntityManagerInvocationHandler : Creating new EntityManager for shared EntityManager invocation
2025-12-28T16:03:05.365+01:00 DEBUG 157899 --- [smboutique-backend] [           main] tor$SharedEntityManagerInvocationHandler : Creating new EntityManager for shared EntityManager invocation
2025-12-28T16:03:05.436+01:00 DEBUG 157899 --- [smboutique-backend] [           main] tor$SharedEntityManagerInvocationHandler : Creating new EntityManager for shared EntityManager invocation
2025-12-28T16:03:05.439+01:00 DEBUG 157899 --- [smboutique-backend] [           main] tor$SharedEntityManagerInvocationHandler : Creating new EntityManager for shared EntityManager invocation
2025-12-28T16:03:05.453+01:00 DEBUG 157899 --- [smboutique-backend] [           main] tor$SharedEntityManagerInvocationHandler : Creating new EntityManager for shared EntityManager invocation
2025-12-28T16:03:05.454+01:00 DEBUG 157899 --- [smboutique-backend] [           main] tor$SharedEntityManagerInvocationHandler : Creating new EntityManager for shared EntityManager invocation
2025-12-28T16:03:05.467+01:00 DEBUG 157899 --- [smboutique-backend] [           main] tor$SharedEntityManagerInvocationHandler : Creating new EntityManager for shared EntityManager invocation
2025-12-28T16:03:05.468+01:00 DEBUG 157899 --- [smboutique-backend] [           main] tor$SharedEntityManagerInvocationHandler : Creating new EntityManager for shared EntityManager invocation
2025-12-28T16:03:05.482+01:00 DEBUG 157899 --- [smboutique-backend] [           main] tor$SharedEntityManagerInvocationHandler : Creating new EntityManager for shared EntityManager invocation
2025-12-28T16:03:05.482+01:00 DEBUG 157899 --- [smboutique-backend] [           main] tor$SharedEntityManagerInvocationHandler : Creating new EntityManager for shared EntityManager invocation
2025-12-28T16:03:05.505+01:00 DEBUG 157899 --- [smboutique-backend] [           main] tor$SharedEntityManagerInvocationHandler : Creating new EntityManager for shared EntityManager invocation
2025-12-28T16:03:05.506+01:00 DEBUG 157899 --- [smboutique-backend] [           main] tor$SharedEntityManagerInvocationHandler : Creating new EntityManager for shared EntityManager invocation
2025-12-28T16:03:05.524+01:00 DEBUG 157899 --- [smboutique-backend] [           main] tor$SharedEntityManagerInvocationHandler : Creating new EntityManager for shared EntityManager invocation
2025-12-28T16:03:05.527+01:00 DEBUG 157899 --- [smboutique-backend] [           main] tor$SharedEntityManagerInvocationHandler : Creating new EntityManager for shared EntityManager invocation
2025-12-28T16:03:05.599+01:00  WARN 157899 --- [smboutique-backend] [           main] JpaBaseConfiguration$JpaWebConfiguration : spring.jpa.open-in-view is enabled by default. Therefore, database queries may be performed during view rendering. Explicitly configure spring.jpa.open-in-view to disable this warning
2025-12-28T16:03:06.001+01:00 DEBUG 157899 --- [smboutique-backend] [           main] o.s.s.web.DefaultSecurityFilterChain     : Will secure any request with filters: DisableEncodeUrlFilter, WebAsyncManagerIntegrationFilter, SecurityContextHolderFilter, HeaderWriterFilter, CorsFilter, LogoutFilter, AuthTokenFilter, RequestCacheAwareFilter, SecurityContextHolderAwareRequestFilter, AnonymousAuthenticationFilter, SessionManagementFilter, ExceptionTranslationFilter, AuthorizationFilter
2025-12-28T16:03:06.401+01:00  INFO 157899 --- [smboutique-backend] [           main] o.s.b.w.embedded.tomcat.TomcatWebServer  : Tomcat started on port 8085 (http) with context path '/'
2025-12-28T16:03:06.419+01:00  INFO 157899 --- [smboutique-backend] [           main] com.smboutique.api.ApiApplication        : Started ApiApplication in 12.629 seconds (process running for 13.691)
2025-12-28T16:03:06.423+01:00  INFO 157899 --- [smboutique-backend] [           main] c.smboutique.api.config.DataInitializer  : Starting data initialization...
2025-12-28T16:03:06.423+01:00  INFO 157899 --- [smboutique-backend] [           main] c.smboutique.api.config.DataInitializer  : Initializing permissions...
2025-12-28T16:03:06.430+01:00 DEBUG 157899 --- [smboutique-backend] [           main] o.s.orm.jpa.JpaTransactionManager        : Creating new transaction with name [org.springframework.data.jpa.repository.support.SimpleJpaRepository.count]: PROPAGATION_REQUIRED,ISOLATION_DEFAULT,readOnly
2025-12-28T16:03:06.431+01:00 DEBUG 157899 --- [smboutique-backend] [           main] o.s.orm.jpa.JpaTransactionManager        : Opened new EntityManager [SessionImpl(1667820900<open>)] for JPA transaction
2025-12-28T16:03:06.436+01:00 DEBUG 157899 --- [smboutique-backend] [           main] o.s.orm.jpa.JpaTransactionManager        : Exposing JPA transaction as JDBC [org.springframework.orm.jpa.vendor.HibernateJpaDialect$HibernateConnectionHandle@7203a784]
2025-12-28T16:03:06.455+01:00  WARN 157899 --- [smboutique-backend] [           main] org.hibernate.orm.deprecation            : HHH90000021: Encountered deprecated setting [javax.persistence.query.timeout], use [jakarta.persistence.query.timeout] instead
2025-12-28T16:03:06.506+01:00 DEBUG 157899 --- [smboutique-backend] [           main] org.hibernate.SQL                        : 
    select
        count(*) 
    from
        permission p1_0
Hibernate: 
    select
        count(*) 
    from
        permission p1_0
2025-12-28T16:03:06.522+01:00 DEBUG 157899 --- [smboutique-backend] [           main] o.s.orm.jpa.JpaTransactionManager        : Initiating transaction commit
2025-12-28T16:03:06.523+01:00 DEBUG 157899 --- [smboutique-backend] [           main] o.s.orm.jpa.JpaTransactionManager        : Committing JPA transaction on EntityManager [SessionImpl(1667820900<open>)]
2025-12-28T16:03:06.525+01:00 DEBUG 157899 --- [smboutique-backend] [           main] o.s.orm.jpa.JpaTransactionManager        : Closing JPA EntityManager [SessionImpl(1667820900<open>)] after transaction
2025-12-28T16:03:06.526+01:00 DEBUG 157899 --- [smboutique-backend] [           main] o.s.orm.jpa.JpaTransactionManager        : Creating new transaction with name [org.springframework.data.jpa.repository.support.SimpleJpaRepository.save]: PROPAGATION_REQUIRED,ISOLATION_DEFAULT
2025-12-28T16:03:06.526+01:00 DEBUG 157899 --- [smboutique-backend] [           main] o.s.orm.jpa.JpaTransactionManager        : Opened new EntityManager [SessionImpl(987022915<open>)] for JPA transaction
2025-12-28T16:03:06.527+01:00 DEBUG 157899 --- [smboutique-backend] [           main] o.s.orm.jpa.JpaTransactionManager        : Exposing JPA transaction as JDBC [org.springframework.orm.jpa.vendor.HibernateJpaDialect$HibernateConnectionHandle@6bb37247]
2025-12-28T16:03:06.552+01:00 DEBUG 157899 --- [smboutique-backend] [           main] org.hibernate.SQL                        : 
    insert 
    into
        permission
        (description, name) 
    values
        (?, ?)
Hibernate: 
    insert 
    into
        permission
        (description, name) 
    values
        (?, ?)
2025-12-28T16:03:06.569+01:00 DEBUG 157899 --- [smboutique-backend] [           main] o.s.orm.jpa.JpaTransactionManager        : Initiating transaction commit
2025-12-28T16:03:06.570+01:00 DEBUG 157899 --- [smboutique-backend] [           main] o.s.orm.jpa.JpaTransactionManager        : Committing JPA transaction on EntityManager [SessionImpl(987022915<open>)]
2025-12-28T16:03:06.633+01:00 DEBUG 157899 --- [smboutique-backend] [           main] o.s.orm.jpa.JpaTransactionManager        : Closing JPA EntityManager [SessionImpl(987022915<open>)] after transaction
2025-12-28T16:03:06.634+01:00 DEBUG 157899 --- [smboutique-backend] [           main] o.s.orm.jpa.JpaTransactionManager        : Creating new transaction with name [org.springframework.data.jpa.repository.support.SimpleJpaRepository.save]: PROPAGATION_REQUIRED,ISOLATION_DEFAULT
2025-12-28T16:03:06.634+01:00 DEBUG 157899 --- [smboutique-backend] [           main] o.s.orm.jpa.JpaTransactionManager        : Opened new EntityManager [SessionImpl(186974193<open>)] for JPA transaction
2025-12-28T16:03:06.635+01:00 DEBUG 157899 --- [smboutique-backend] [           main] o.s.orm.jpa.JpaTransactionManager        : Exposing JPA transaction as JDBC [org.springframework.orm.jpa.vendor.HibernateJpaDialect$HibernateConnectionHandle@2f1841c5]
2025-12-28T16:03:06.635+01:00 DEBUG 157899 --- [smboutique-backend] [           main] org.hibernate.SQL                        : 
    insert 
    into
        permission
        (description, name) 
    values
        (?, ?)
Hibernate: 
    insert 
    into
        permission
        (description, name) 
    values
        (?, ?)
2025-12-28T16:03:06.637+01:00 DEBUG 157899 --- [smboutique-backend] [           main] o.s.orm.jpa.JpaTransactionManager        : Initiating transaction commit
2025-12-28T16:03:06.637+01:00 DEBUG 157899 --- [smboutique-backend] [           main] o.s.orm.jpa.JpaTransactionManager        : Committing JPA transaction on EntityManager [SessionImpl(186974193<open>)]
2025-12-28T16:03:06.639+01:00 DEBUG 157899 --- [smboutique-backend] [           main] o.s.orm.jpa.JpaTransactionManager        : Closing JPA EntityManager [SessionImpl(186974193<open>)] after transaction
2025-12-28T16:03:06.640+01:00 DEBUG 157899 --- [smboutique-backend] [           main] o.s.orm.jpa.JpaTransactionManager        : Creating new transaction with name [org.springframework.data.jpa.repository.support.SimpleJpaRepository.save]: PROPAGATION_REQUIRED,ISOLATION_DEFAULT
2025-12-28T16:03:06.640+01:00 DEBUG 157899 --- [smboutique-backend] [           main] o.s.orm.jpa.JpaTransactionManager        : Opened new EntityManager [SessionImpl(1670904430<open>)] for JPA transaction
2025-12-28T16:03:06.641+01:00 DEBUG 157899 --- [smboutique-backend] [           main] o.s.orm.jpa.JpaTransactionManager        : Exposing JPA transaction as JDBC [org.springframework.orm.jpa.vendor.HibernateJpaDialect$HibernateConnectionHandle@65669fbb]
2025-12-28T16:03:06.641+01:00 DEBUG 157899 --- [smboutique-backend] [           main] org.hibernate.SQL                        : 
    insert 
    into
        permission
        (description, name) 
    values
        (?, ?)
Hibernate: 
    insert 
    into
        permission
        (description, name) 
    values
        (?, ?)
2025-12-28T16:03:06.643+01:00 DEBUG 157899 --- [smboutique-backend] [           main] o.s.orm.jpa.JpaTransactionManager        : Initiating transaction commit
2025-12-28T16:03:06.643+01:00 DEBUG 157899 --- [smboutique-backend] [           main] o.s.orm.jpa.JpaTransactionManager        : Committing JPA transaction on EntityManager [SessionImpl(1670904430<open>)]
2025-12-28T16:03:06.644+01:00 DEBUG 157899 --- [smboutique-backend] [           main] o.s.orm.jpa.JpaTransactionManager        : Closing JPA EntityManager [SessionImpl(1670904430<open>)] after transaction
2025-12-28T16:03:06.645+01:00 DEBUG 157899 --- [smboutique-backend] [           main] o.s.orm.jpa.JpaTransactionManager        : Creating new transaction with name [org.springframework.data.jpa.repository.support.SimpleJpaRepository.save]: PROPAGATION_REQUIRED,ISOLATION_DEFAULT
2025-12-28T16:03:06.645+01:00 DEBUG 157899 --- [smboutique-backend] [           main] o.s.orm.jpa.JpaTransactionManager        : Opened new EntityManager [SessionImpl(1329618855<open>)] for JPA transaction
2025-12-28T16:03:06.645+01:00 DEBUG 157899 --- [smboutique-backend] [           main] o.s.orm.jpa.JpaTransactionManager        : Exposing JPA transaction as JDBC [org.springframework.orm.jpa.vendor.HibernateJpaDialect$HibernateConnectionHandle@40fd6931]
2025-12-28T16:03:06.646+01:00 DEBUG 157899 --- [smboutique-backend] [           main] org.hibernate.SQL                        : 
    insert 
    into
        permission
        (description, name) 
    values
        (?, ?)
Hibernate: 
    insert 
    into
        permission
        (description, name) 
    values
        (?, ?)
2025-12-28T16:03:06.647+01:00 DEBUG 157899 --- [smboutique-backend] [           main] o.s.orm.jpa.JpaTransactionManager        : Initiating transaction commit
2025-12-28T16:03:06.648+01:00 DEBUG 157899 --- [smboutique-backend] [           main] o.s.orm.jpa.JpaTransactionManager        : Committing JPA transaction on EntityManager [SessionImpl(1329618855<open>)]
2025-12-28T16:03:06.649+01:00 DEBUG 157899 --- [smboutique-backend] [           main] o.s.orm.jpa.JpaTransactionManager        : Closing JPA EntityManager [SessionImpl(1329618855<open>)] after transaction
2025-12-28T16:03:06.650+01:00 DEBUG 157899 --- [smboutique-backend] [           main] o.s.orm.jpa.JpaTransactionManager        : Creating new transaction with name [org.springframework.data.jpa.repository.support.SimpleJpaRepository.save]: PROPAGATION_REQUIRED,ISOLATION_DEFAULT
2025-12-28T16:03:06.650+01:00 DEBUG 157899 --- [smboutique-backend] [           main] o.s.orm.jpa.JpaTransactionManager        : Opened new EntityManager [SessionImpl(1890655604<open>)] for JPA transaction
2025-12-28T16:03:06.650+01:00 DEBUG 157899 --- [smboutique-backend] [           main] o.s.orm.jpa.JpaTransactionManager        : Exposing JPA transaction as JDBC [org.springframework.orm.jpa.vendor.HibernateJpaDialect$HibernateConnectionHandle@33f909f]
2025-12-28T16:03:06.651+01:00 DEBUG 157899 --- [smboutique-backend] [           main] org.hibernate.SQL                        : 
    insert 
    into
        permission
        (description, name) 
    values
        (?, ?)
Hibernate: 
    insert 
    into
        permission
        (description, name) 
    values
        (?, ?)
2025-12-28T16:03:06.652+01:00 DEBUG 157899 --- [smboutique-backend] [           main] o.s.orm.jpa.JpaTransactionManager        : Initiating transaction commit
2025-12-28T16:03:06.652+01:00 DEBUG 157899 --- [smboutique-backend] [           main] o.s.orm.jpa.JpaTransactionManager        : Committing JPA transaction on EntityManager [SessionImpl(1890655604<open>)]
2025-12-28T16:03:06.654+01:00 DEBUG 157899 --- [smboutique-backend] [           main] o.s.orm.jpa.JpaTransactionManager        : Closing JPA EntityManager [SessionImpl(1890655604<open>)] after transaction
2025-12-28T16:03:06.654+01:00 DEBUG 157899 --- [smboutique-backend] [           main] o.s.orm.jpa.JpaTransactionManager        : Creating new transaction with name [org.springframework.data.jpa.repository.support.SimpleJpaRepository.save]: PROPAGATION_REQUIRED,ISOLATION_DEFAULT
2025-12-28T16:03:06.655+01:00 DEBUG 157899 --- [smboutique-backend] [           main] o.s.orm.jpa.JpaTransactionManager        : Opened new EntityManager [SessionImpl(1860923127<open>)] for JPA transaction
2025-12-28T16:03:06.655+01:00 DEBUG 157899 --- [smboutique-backend] [           main] o.s.orm.jpa.JpaTransactionManager        : Exposing JPA transaction as JDBC [org.springframework.orm.jpa.vendor.HibernateJpaDialect$HibernateConnectionHandle@67aa004d]
2025-12-28T16:03:06.656+01:00 DEBUG 157899 --- [smboutique-backend] [           main] org.hibernate.SQL                        : 
    insert 
    into
        permission
        (description, name) 
    values
        (?, ?)
Hibernate: 
    insert 
    into
        permission
        (description, name) 
    values
        (?, ?)
2025-12-28T16:03:06.657+01:00 DEBUG 157899 --- [smboutique-backend] [           main] o.s.orm.jpa.JpaTransactionManager        : Initiating transaction commit
2025-12-28T16:03:06.657+01:00 DEBUG 157899 --- [smboutique-backend] [           main] o.s.orm.jpa.JpaTransactionManager        : Committing JPA transaction on EntityManager [SessionImpl(1860923127<open>)]
2025-12-28T16:03:06.659+01:00 DEBUG 157899 --- [smboutique-backend] [           main] o.s.orm.jpa.JpaTransactionManager        : Closing JPA EntityManager [SessionImpl(1860923127<open>)] after transaction
2025-12-28T16:03:06.659+01:00 DEBUG 157899 --- [smboutique-backend] [           main] o.s.orm.jpa.JpaTransactionManager        : Creating new transaction with name [org.springframework.data.jpa.repository.support.SimpleJpaRepository.save]: PROPAGATION_REQUIRED,ISOLATION_DEFAULT
2025-12-28T16:03:06.659+01:00 DEBUG 157899 --- [smboutique-backend] [           main] o.s.orm.jpa.JpaTransactionManager        : Opened new EntityManager [SessionImpl(819749933<open>)] for JPA transaction
2025-12-28T16:03:06.660+01:00 DEBUG 157899 --- [smboutique-backend] [           main] o.s.orm.jpa.JpaTransactionManager        : Exposing JPA transaction as JDBC [org.springframework.orm.jpa.vendor.HibernateJpaDialect$HibernateConnectionHandle@339e1787]
2025-12-28T16:03:06.661+01:00 DEBUG 157899 --- [smboutique-backend] [           main] org.hibernate.SQL                        : 
    insert 
    into
        permission
        (description, name) 
    values
        (?, ?)
Hibernate: 
    insert 
    into
        permission
        (description, name) 
    values
        (?, ?)
2025-12-28T16:03:06.662+01:00 DEBUG 157899 --- [smboutique-backend] [           main] o.s.orm.jpa.JpaTransactionManager        : Initiating transaction commit
2025-12-28T16:03:06.663+01:00 DEBUG 157899 --- [smboutique-backend] [           main] o.s.orm.jpa.JpaTransactionManager        : Committing JPA transaction on EntityManager [SessionImpl(819749933<open>)]
2025-12-28T16:03:06.664+01:00 DEBUG 157899 --- [smboutique-backend] [           main] o.s.orm.jpa.JpaTransactionManager        : Closing JPA EntityManager [SessionImpl(819749933<open>)] after transaction
2025-12-28T16:03:06.665+01:00 DEBUG 157899 --- [smboutique-backend] [           main] o.s.orm.jpa.JpaTransactionManager        : Creating new transaction with name [org.springframework.data.jpa.repository.support.SimpleJpaRepository.save]: PROPAGATION_REQUIRED,ISOLATION_DEFAULT
2025-12-28T16:03:06.665+01:00 DEBUG 157899 --- [smboutique-backend] [           main] o.s.orm.jpa.JpaTransactionManager        : Opened new EntityManager [SessionImpl(1253250998<open>)] for JPA transaction
2025-12-28T16:03:06.666+01:00 DEBUG 157899 --- [smboutique-backend] [           main] o.s.orm.jpa.JpaTransactionManager        : Exposing JPA transaction as JDBC [org.springframework.orm.jpa.vendor.HibernateJpaDialect$HibernateConnectionHandle@79a3ff22]
2025-12-28T16:03:06.666+01:00 DEBUG 157899 --- [smboutique-backend] [           main] org.hibernate.SQL                        : 
    insert 
    into
        permission
        (description, name) 
    values
        (?, ?)
Hibernate: 
    insert 
    into
        permission
        (description, name) 
    values
        (?, ?)
2025-12-28T16:03:06.668+01:00 DEBUG 157899 --- [smboutique-backend] [           main] o.s.orm.jpa.JpaTransactionManager        : Initiating transaction commit
2025-12-28T16:03:06.669+01:00 DEBUG 157899 --- [smboutique-backend] [           main] o.s.orm.jpa.JpaTransactionManager        : Committing JPA transaction on EntityManager [SessionImpl(1253250998<open>)]
2025-12-28T16:03:06.670+01:00 DEBUG 157899 --- [smboutique-backend] [           main] o.s.orm.jpa.JpaTransactionManager        : Closing JPA EntityManager [SessionImpl(1253250998<open>)] after transaction
2025-12-28T16:03:06.671+01:00 DEBUG 157899 --- [smboutique-backend] [           main] o.s.orm.jpa.JpaTransactionManager        : Creating new transaction with name [org.springframework.data.jpa.repository.support.SimpleJpaRepository.save]: PROPAGATION_REQUIRED,ISOLATION_DEFAULT
2025-12-28T16:03:06.671+01:00 DEBUG 157899 --- [smboutique-backend] [           main] o.s.orm.jpa.JpaTransactionManager        : Opened new EntityManager [SessionImpl(998215637<open>)] for JPA transaction
2025-12-28T16:03:06.671+01:00 DEBUG 157899 --- [smboutique-backend] [           main] o.s.orm.jpa.JpaTransactionManager        : Exposing JPA transaction as JDBC [org.springframework.orm.jpa.vendor.HibernateJpaDialect$HibernateConnectionHandle@f308c09]
2025-12-28T16:03:06.672+01:00 DEBUG 157899 --- [smboutique-backend] [           main] org.hibernate.SQL                        : 
    insert 
    into
        permission
        (description, name) 
    values
        (?, ?)
Hibernate: 
    insert 
    into
        permission
        (description, name) 
    values
        (?, ?)
2025-12-28T16:03:06.673+01:00 DEBUG 157899 --- [smboutique-backend] [           main] o.s.orm.jpa.JpaTransactionManager        : Initiating transaction commit
2025-12-28T16:03:06.674+01:00 DEBUG 157899 --- [smboutique-backend] [           main] o.s.orm.jpa.JpaTransactionManager        : Committing JPA transaction on EntityManager [SessionImpl(998215637<open>)]
2025-12-28T16:03:06.675+01:00 DEBUG 157899 --- [smboutique-backend] [           main] o.s.orm.jpa.JpaTransactionManager        : Closing JPA EntityManager [SessionImpl(998215637<open>)] after transaction
2025-12-28T16:03:06.675+01:00 DEBUG 157899 --- [smboutique-backend] [           main] o.s.orm.jpa.JpaTransactionManager        : Creating new transaction with name [org.springframework.data.jpa.repository.support.SimpleJpaRepository.save]: PROPAGATION_REQUIRED,ISOLATION_DEFAULT
2025-12-28T16:03:06.675+01:00 DEBUG 157899 --- [smboutique-backend] [           main] o.s.orm.jpa.JpaTransactionManager        : Opened new EntityManager [SessionImpl(1383446722<open>)] for JPA transaction
2025-12-28T16:03:06.676+01:00 DEBUG 157899 --- [smboutique-backend] [           main] o.s.orm.jpa.JpaTransactionManager        : Exposing JPA transaction as JDBC [org.springframework.orm.jpa.vendor.HibernateJpaDialect$HibernateConnectionHandle@44654cbc]
2025-12-28T16:03:06.676+01:00 DEBUG 157899 --- [smboutique-backend] [           main] org.hibernate.SQL                        : 
    insert 
    into
        permission
        (description, name) 
    values
        (?, ?)
Hibernate: 
    insert 
    into
        permission
        (description, name) 
    values
        (?, ?)
2025-12-28T16:03:06.678+01:00 DEBUG 157899 --- [smboutique-backend] [           main] o.s.orm.jpa.JpaTransactionManager        : Initiating transaction commit
2025-12-28T16:03:06.678+01:00 DEBUG 157899 --- [smboutique-backend] [           main] o.s.orm.jpa.JpaTransactionManager        : Committing JPA transaction on EntityManager [SessionImpl(1383446722<open>)]
2025-12-28T16:03:06.680+01:00 DEBUG 157899 --- [smboutique-backend] [           main] o.s.orm.jpa.JpaTransactionManager        : Closing JPA EntityManager [SessionImpl(1383446722<open>)] after transaction
2025-12-28T16:03:06.680+01:00 DEBUG 157899 --- [smboutique-backend] [           main] o.s.orm.jpa.JpaTransactionManager        : Creating new transaction with name [org.springframework.data.jpa.repository.support.SimpleJpaRepository.save]: PROPAGATION_REQUIRED,ISOLATION_DEFAULT
2025-12-28T16:03:06.680+01:00 DEBUG 157899 --- [smboutique-backend] [           main] o.s.orm.jpa.JpaTransactionManager        : Opened new EntityManager [SessionImpl(1784650971<open>)] for JPA transaction
2025-12-28T16:03:06.680+01:00 DEBUG 157899 --- [smboutique-backend] [           main] o.s.orm.jpa.JpaTransactionManager        : Exposing JPA transaction as JDBC [org.springframework.orm.jpa.vendor.HibernateJpaDialect$HibernateConnectionHandle@6dd55493]
2025-12-28T16:03:06.681+01:00 DEBUG 157899 --- [smboutique-backend] [           main] org.hibernate.SQL                        : 
    insert 
    into
        permission
        (description, name) 
    values
        (?, ?)
Hibernate: 
    insert 
    into
        permission
        (description, name) 
    values
        (?, ?)
2025-12-28T16:03:06.682+01:00 DEBUG 157899 --- [smboutique-backend] [           main] o.s.orm.jpa.JpaTransactionManager        : Initiating transaction commit
2025-12-28T16:03:06.682+01:00 DEBUG 157899 --- [smboutique-backend] [           main] o.s.orm.jpa.JpaTransactionManager        : Committing JPA transaction on EntityManager [SessionImpl(1784650971<open>)]
2025-12-28T16:03:06.684+01:00 DEBUG 157899 --- [smboutique-backend] [           main] o.s.orm.jpa.JpaTransactionManager        : Closing JPA EntityManager [SessionImpl(1784650971<open>)] after transaction
2025-12-28T16:03:06.684+01:00 DEBUG 157899 --- [smboutique-backend] [           main] o.s.orm.jpa.JpaTransactionManager        : Creating new transaction with name [org.springframework.data.jpa.repository.support.SimpleJpaRepository.save]: PROPAGATION_REQUIRED,ISOLATION_DEFAULT
2025-12-28T16:03:06.684+01:00 DEBUG 157899 --- [smboutique-backend] [           main] o.s.orm.jpa.JpaTransactionManager        : Opened new EntityManager [SessionImpl(1657776011<open>)] for JPA transaction
2025-12-28T16:03:06.685+01:00 DEBUG 157899 --- [smboutique-backend] [           main] o.s.orm.jpa.JpaTransactionManager        : Exposing JPA transaction as JDBC [org.springframework.orm.jpa.vendor.HibernateJpaDialect$HibernateConnectionHandle@7cc5d803]
2025-12-28T16:03:06.685+01:00 DEBUG 157899 --- [smboutique-backend] [           main] org.hibernate.SQL                        : 
    insert 
    into
        permission
        (description, name) 
    values
        (?, ?)
Hibernate: 
    insert 
    into
        permission
        (description, name) 
    values
        (?, ?)
2025-12-28T16:03:06.687+01:00 DEBUG 157899 --- [smboutique-backend] [           main] o.s.orm.jpa.JpaTransactionManager        : Initiating transaction commit
2025-12-28T16:03:06.687+01:00 DEBUG 157899 --- [smboutique-backend] [           main] o.s.orm.jpa.JpaTransactionManager        : Committing JPA transaction on EntityManager [SessionImpl(1657776011<open>)]
2025-12-28T16:03:06.688+01:00 DEBUG 157899 --- [smboutique-backend] [           main] o.s.orm.jpa.JpaTransactionManager        : Closing JPA EntityManager [SessionImpl(1657776011<open>)] after transaction
2025-12-28T16:03:06.689+01:00 DEBUG 157899 --- [smboutique-backend] [           main] o.s.orm.jpa.JpaTransactionManager        : Creating new transaction with name [org.springframework.data.jpa.repository.support.SimpleJpaRepository.save]: PROPAGATION_REQUIRED,ISOLATION_DEFAULT
2025-12-28T16:03:06.689+01:00 DEBUG 157899 --- [smboutique-backend] [           main] o.s.orm.jpa.JpaTransactionManager        : Opened new EntityManager [SessionImpl(603599152<open>)] for JPA transaction
2025-12-28T16:03:06.689+01:00 DEBUG 157899 --- [smboutique-backend] [           main] o.s.orm.jpa.JpaTransactionManager        : Exposing JPA transaction as JDBC [org.springframework.orm.jpa.vendor.HibernateJpaDialect$HibernateConnectionHandle@6983436f]
2025-12-28T16:03:06.690+01:00 DEBUG 157899 --- [smboutique-backend] [           main] org.hibernate.SQL                        : 
    insert 
    into
        permission
        (description, name) 
    values
        (?, ?)
Hibernate: 
    insert 
    into
        permission
        (description, name) 
    values
        (?, ?)
2025-12-28T16:03:06.691+01:00 DEBUG 157899 --- [smboutique-backend] [           main] o.s.orm.jpa.JpaTransactionManager        : Initiating transaction commit
2025-12-28T16:03:06.692+01:00 DEBUG 157899 --- [smboutique-backend] [           main] o.s.orm.jpa.JpaTransactionManager        : Committing JPA transaction on EntityManager [SessionImpl(603599152<open>)]
2025-12-28T16:03:06.693+01:00 DEBUG 157899 --- [smboutique-backend] [           main] o.s.orm.jpa.JpaTransactionManager        : Closing JPA EntityManager [SessionImpl(603599152<open>)] after transaction
2025-12-28T16:03:06.694+01:00 DEBUG 157899 --- [smboutique-backend] [           main] o.s.orm.jpa.JpaTransactionManager        : Creating new transaction with name [org.springframework.data.jpa.repository.support.SimpleJpaRepository.save]: PROPAGATION_REQUIRED,ISOLATION_DEFAULT
2025-12-28T16:03:06.694+01:00 DEBUG 157899 --- [smboutique-backend] [           main] o.s.orm.jpa.JpaTransactionManager        : Opened new EntityManager [SessionImpl(1266186624<open>)] for JPA transaction
2025-12-28T16:03:06.694+01:00 DEBUG 157899 --- [smboutique-backend] [           main] o.s.orm.jpa.JpaTransactionManager        : Exposing JPA transaction as JDBC [org.springframework.orm.jpa.vendor.HibernateJpaDialect$HibernateConnectionHandle@64117499]
2025-12-28T16:03:06.695+01:00 DEBUG 157899 --- [smboutique-backend] [           main] org.hibernate.SQL                        : 
    insert 
    into
        permission
        (description, name) 
    values
        (?, ?)
Hibernate: 
    insert 
    into
        permission
        (description, name) 
    values
        (?, ?)
2025-12-28T16:03:06.696+01:00 DEBUG 157899 --- [smboutique-backend] [           main] o.s.orm.jpa.JpaTransactionManager        : Initiating transaction commit
2025-12-28T16:03:06.697+01:00 DEBUG 157899 --- [smboutique-backend] [           main] o.s.orm.jpa.JpaTransactionManager        : Committing JPA transaction on EntityManager [SessionImpl(1266186624<open>)]
2025-12-28T16:03:06.698+01:00 DEBUG 157899 --- [smboutique-backend] [           main] o.s.orm.jpa.JpaTransactionManager        : Closing JPA EntityManager [SessionImpl(1266186624<open>)] after transaction
2025-12-28T16:03:06.699+01:00 DEBUG 157899 --- [smboutique-backend] [           main] o.s.orm.jpa.JpaTransactionManager        : Creating new transaction with name [org.springframework.data.jpa.repository.support.SimpleJpaRepository.save]: PROPAGATION_REQUIRED,ISOLATION_DEFAULT
2025-12-28T16:03:06.699+01:00 DEBUG 157899 --- [smboutique-backend] [           main] o.s.orm.jpa.JpaTransactionManager        : Opened new EntityManager [SessionImpl(671442001<open>)] for JPA transaction
2025-12-28T16:03:06.700+01:00 DEBUG 157899 --- [smboutique-backend] [           main] o.s.orm.jpa.JpaTransactionManager        : Exposing JPA transaction as JDBC [org.springframework.orm.jpa.vendor.HibernateJpaDialect$HibernateConnectionHandle@108487e8]
2025-12-28T16:03:06.700+01:00 DEBUG 157899 --- [smboutique-backend] [           main] org.hibernate.SQL                        : 
    insert 
    into
        permission
        (description, name) 
    values
        (?, ?)
Hibernate: 
    insert 
    into
        permission
        (description, name) 
    values
        (?, ?)
2025-12-28T16:03:06.701+01:00 DEBUG 157899 --- [smboutique-backend] [           main] o.s.orm.jpa.JpaTransactionManager        : Initiating transaction commit
2025-12-28T16:03:06.702+01:00 DEBUG 157899 --- [smboutique-backend] [           main] o.s.orm.jpa.JpaTransactionManager        : Committing JPA transaction on EntityManager [SessionImpl(671442001<open>)]
2025-12-28T16:03:06.703+01:00 DEBUG 157899 --- [smboutique-backend] [           main] o.s.orm.jpa.JpaTransactionManager        : Closing JPA EntityManager [SessionImpl(671442001<open>)] after transaction
2025-12-28T16:03:06.703+01:00 DEBUG 157899 --- [smboutique-backend] [           main] o.s.orm.jpa.JpaTransactionManager        : Creating new transaction with name [org.springframework.data.jpa.repository.support.SimpleJpaRepository.save]: PROPAGATION_REQUIRED,ISOLATION_DEFAULT
2025-12-28T16:03:06.704+01:00 DEBUG 157899 --- [smboutique-backend] [           main] o.s.orm.jpa.JpaTransactionManager        : Opened new EntityManager [SessionImpl(1123427297<open>)] for JPA transaction
2025-12-28T16:03:06.704+01:00 DEBUG 157899 --- [smboutique-backend] [           main] o.s.orm.jpa.JpaTransactionManager        : Exposing JPA transaction as JDBC [org.springframework.orm.jpa.vendor.HibernateJpaDialect$HibernateConnectionHandle@54514d20]
2025-12-28T16:03:06.705+01:00 DEBUG 157899 --- [smboutique-backend] [           main] org.hibernate.SQL                        : 
    insert 
    into
        permission
        (description, name) 
    values
        (?, ?)
Hibernate: 
    insert 
    into
        permission
        (description, name) 
    values
        (?, ?)
2025-12-28T16:03:06.706+01:00 DEBUG 157899 --- [smboutique-backend] [           main] o.s.orm.jpa.JpaTransactionManager        : Initiating transaction commit
2025-12-28T16:03:06.706+01:00 DEBUG 157899 --- [smboutique-backend] [           main] o.s.orm.jpa.JpaTransactionManager        : Committing JPA transaction on EntityManager [SessionImpl(1123427297<open>)]
2025-12-28T16:03:06.707+01:00 DEBUG 157899 --- [smboutique-backend] [           main] o.s.orm.jpa.JpaTransactionManager        : Closing JPA EntityManager [SessionImpl(1123427297<open>)] after transaction
2025-12-28T16:03:06.708+01:00 DEBUG 157899 --- [smboutique-backend] [           main] o.s.orm.jpa.JpaTransactionManager        : Creating new transaction with name [org.springframework.data.jpa.repository.support.SimpleJpaRepository.save]: PROPAGATION_REQUIRED,ISOLATION_DEFAULT
2025-12-28T16:03:06.708+01:00 DEBUG 157899 --- [smboutique-backend] [           main] o.s.orm.jpa.JpaTransactionManager        : Opened new EntityManager [SessionImpl(1022553122<open>)] for JPA transaction
2025-12-28T16:03:06.709+01:00 DEBUG 157899 --- [smboutique-backend] [           main] o.s.orm.jpa.JpaTransactionManager        : Exposing JPA transaction as JDBC [org.springframework.orm.jpa.vendor.HibernateJpaDialect$HibernateConnectionHandle@1ccc4cc5]
2025-12-28T16:03:06.709+01:00 DEBUG 157899 --- [smboutique-backend] [           main] org.hibernate.SQL                        : 
    insert 
    into
        permission
        (description, name) 
    values
        (?, ?)
Hibernate: 
    insert 
    into
        permission
        (description, name) 
    values
        (?, ?)
2025-12-28T16:03:06.711+01:00 DEBUG 157899 --- [smboutique-backend] [           main] o.s.orm.jpa.JpaTransactionManager        : Initiating transaction commit
2025-12-28T16:03:06.711+01:00 DEBUG 157899 --- [smboutique-backend] [           main] o.s.orm.jpa.JpaTransactionManager        : Committing JPA transaction on EntityManager [SessionImpl(1022553122<open>)]
2025-12-28T16:03:06.713+01:00 DEBUG 157899 --- [smboutique-backend] [           main] o.s.orm.jpa.JpaTransactionManager        : Closing JPA EntityManager [SessionImpl(1022553122<open>)] after transaction
2025-12-28T16:03:06.713+01:00 DEBUG 157899 --- [smboutique-backend] [           main] o.s.orm.jpa.JpaTransactionManager        : Creating new transaction with name [org.springframework.data.jpa.repository.support.SimpleJpaRepository.save]: PROPAGATION_REQUIRED,ISOLATION_DEFAULT
2025-12-28T16:03:06.714+01:00 DEBUG 157899 --- [smboutique-backend] [           main] o.s.orm.jpa.JpaTransactionManager        : Opened new EntityManager [SessionImpl(1219992543<open>)] for JPA transaction
2025-12-28T16:03:06.714+01:00 DEBUG 157899 --- [smboutique-backend] [           main] o.s.orm.jpa.JpaTransactionManager        : Exposing JPA transaction as JDBC [org.springframework.orm.jpa.vendor.HibernateJpaDialect$HibernateConnectionHandle@309571c2]
2025-12-28T16:03:06.715+01:00 DEBUG 157899 --- [smboutique-backend] [           main] org.hibernate.SQL                        : 
    insert 
    into
        permission
        (description, name) 
    values
        (?, ?)
Hibernate: 
    insert 
    into
        permission
        (description, name) 
    values
        (?, ?)
2025-12-28T16:03:06.717+01:00 DEBUG 157899 --- [smboutique-backend] [           main] o.s.orm.jpa.JpaTransactionManager        : Initiating transaction commit
2025-12-28T16:03:06.717+01:00 DEBUG 157899 --- [smboutique-backend] [           main] o.s.orm.jpa.JpaTransactionManager        : Committing JPA transaction on EntityManager [SessionImpl(1219992543<open>)]
2025-12-28T16:03:06.719+01:00 DEBUG 157899 --- [smboutique-backend] [           main] o.s.orm.jpa.JpaTransactionManager        : Closing JPA EntityManager [SessionImpl(1219992543<open>)] after transaction
2025-12-28T16:03:06.719+01:00 DEBUG 157899 --- [smboutique-backend] [           main] o.s.orm.jpa.JpaTransactionManager        : Creating new transaction with name [org.springframework.data.jpa.repository.support.SimpleJpaRepository.save]: PROPAGATION_REQUIRED,ISOLATION_DEFAULT
2025-12-28T16:03:06.719+01:00 DEBUG 157899 --- [smboutique-backend] [           main] o.s.orm.jpa.JpaTransactionManager        : Opened new EntityManager [SessionImpl(1116644611<open>)] for JPA transaction
2025-12-28T16:03:06.720+01:00 DEBUG 157899 --- [smboutique-backend] [           main] o.s.orm.jpa.JpaTransactionManager        : Exposing JPA transaction as JDBC [org.springframework.orm.jpa.vendor.HibernateJpaDialect$HibernateConnectionHandle@cc3d2e4]
2025-12-28T16:03:06.721+01:00 DEBUG 157899 --- [smboutique-backend] [           main] org.hibernate.SQL                        : 
    insert 
    into
        permission
        (description, name) 
    values
        (?, ?)
Hibernate: 
    insert 
    into
        permission
        (description, name) 
    values
        (?, ?)
2025-12-28T16:03:06.722+01:00 DEBUG 157899 --- [smboutique-backend] [           main] o.s.orm.jpa.JpaTransactionManager        : Initiating transaction commit
2025-12-28T16:03:06.723+01:00 DEBUG 157899 --- [smboutique-backend] [           main] o.s.orm.jpa.JpaTransactionManager        : Committing JPA transaction on EntityManager [SessionImpl(1116644611<open>)]
2025-12-28T16:03:06.724+01:00 DEBUG 157899 --- [smboutique-backend] [           main] o.s.orm.jpa.JpaTransactionManager        : Closing JPA EntityManager [SessionImpl(1116644611<open>)] after transaction
2025-12-28T16:03:06.725+01:00 DEBUG 157899 --- [smboutique-backend] [           main] o.s.orm.jpa.JpaTransactionManager        : Creating new transaction with name [org.springframework.data.jpa.repository.support.SimpleJpaRepository.save]: PROPAGATION_REQUIRED,ISOLATION_DEFAULT
2025-12-28T16:03:06.725+01:00 DEBUG 157899 --- [smboutique-backend] [           main] o.s.orm.jpa.JpaTransactionManager        : Opened new EntityManager [SessionImpl(1509401749<open>)] for JPA transaction
2025-12-28T16:03:06.726+01:00 DEBUG 157899 --- [smboutique-backend] [           main] o.s.orm.jpa.JpaTransactionManager        : Exposing JPA transaction as JDBC [org.springframework.orm.jpa.vendor.HibernateJpaDialect$HibernateConnectionHandle@164500f9]
2025-12-28T16:03:06.726+01:00 DEBUG 157899 --- [smboutique-backend] [           main] org.hibernate.SQL                        : 
    insert 
    into
        permission
        (description, name) 
    values
        (?, ?)
Hibernate: 
    insert 
    into
        permission
        (description, name) 
    values
        (?, ?)
2025-12-28T16:03:06.728+01:00 DEBUG 157899 --- [smboutique-backend] [           main] o.s.orm.jpa.JpaTransactionManager        : Initiating transaction commit
2025-12-28T16:03:06.729+01:00 DEBUG 157899 --- [smboutique-backend] [           main] o.s.orm.jpa.JpaTransactionManager        : Committing JPA transaction on EntityManager [SessionImpl(1509401749<open>)]
2025-12-28T16:03:06.731+01:00 DEBUG 157899 --- [smboutique-backend] [           main] o.s.orm.jpa.JpaTransactionManager        : Closing JPA EntityManager [SessionImpl(1509401749<open>)] after transaction
2025-12-28T16:03:06.731+01:00 DEBUG 157899 --- [smboutique-backend] [           main] o.s.orm.jpa.JpaTransactionManager        : Creating new transaction with name [org.springframework.data.jpa.repository.support.SimpleJpaRepository.save]: PROPAGATION_REQUIRED,ISOLATION_DEFAULT
2025-12-28T16:03:06.731+01:00 DEBUG 157899 --- [smboutique-backend] [           main] o.s.orm.jpa.JpaTransactionManager        : Opened new EntityManager [SessionImpl(126065879<open>)] for JPA transaction
2025-12-28T16:03:06.732+01:00 DEBUG 157899 --- [smboutique-backend] [           main] o.s.orm.jpa.JpaTransactionManager        : Exposing JPA transaction as JDBC [org.springframework.orm.jpa.vendor.HibernateJpaDialect$HibernateConnectionHandle@17a394d2]
2025-12-28T16:03:06.733+01:00 DEBUG 157899 --- [smboutique-backend] [           main] org.hibernate.SQL                        : 
    insert 
    into
        permission
        (description, name) 
    values
        (?, ?)
Hibernate: 
    insert 
    into
        permission
        (description, name) 
    values
        (?, ?)
2025-12-28T16:03:06.734+01:00 DEBUG 157899 --- [smboutique-backend] [           main] o.s.orm.jpa.JpaTransactionManager        : Initiating transaction commit
2025-12-28T16:03:06.734+01:00 DEBUG 157899 --- [smboutique-backend] [           main] o.s.orm.jpa.JpaTransactionManager        : Committing JPA transaction on EntityManager [SessionImpl(126065879<open>)]
2025-12-28T16:03:06.736+01:00 DEBUG 157899 --- [smboutique-backend] [           main] o.s.orm.jpa.JpaTransactionManager        : Closing JPA EntityManager [SessionImpl(126065879<open>)] after transaction
2025-12-28T16:03:06.736+01:00 DEBUG 157899 --- [smboutique-backend] [           main] o.s.orm.jpa.JpaTransactionManager        : Creating new transaction with name [org.springframework.data.jpa.repository.support.SimpleJpaRepository.save]: PROPAGATION_REQUIRED,ISOLATION_DEFAULT
2025-12-28T16:03:06.736+01:00 DEBUG 157899 --- [smboutique-backend] [           main] o.s.orm.jpa.JpaTransactionManager        : Opened new EntityManager [SessionImpl(1876255695<open>)] for JPA transaction
2025-12-28T16:03:06.737+01:00 DEBUG 157899 --- [smboutique-backend] [           main] o.s.orm.jpa.JpaTransactionManager        : Exposing JPA transaction as JDBC [org.springframework.orm.jpa.vendor.HibernateJpaDialect$HibernateConnectionHandle@42d971c7]
2025-12-28T16:03:06.737+01:00 DEBUG 157899 --- [smboutique-backend] [           main] org.hibernate.SQL                        : 
    insert 
    into
        permission
        (description, name) 
    values
        (?, ?)
Hibernate: 
    insert 
    into
        permission
        (description, name) 
    values
        (?, ?)
2025-12-28T16:03:06.739+01:00 DEBUG 157899 --- [smboutique-backend] [           main] o.s.orm.jpa.JpaTransactionManager        : Initiating transaction commit
2025-12-28T16:03:06.739+01:00 DEBUG 157899 --- [smboutique-backend] [           main] o.s.orm.jpa.JpaTransactionManager        : Committing JPA transaction on EntityManager [SessionImpl(1876255695<open>)]
2025-12-28T16:03:06.741+01:00 DEBUG 157899 --- [smboutique-backend] [           main] o.s.orm.jpa.JpaTransactionManager        : Closing JPA EntityManager [SessionImpl(1876255695<open>)] after transaction
2025-12-28T16:03:06.741+01:00 DEBUG 157899 --- [smboutique-backend] [           main] o.s.orm.jpa.JpaTransactionManager        : Creating new transaction with name [org.springframework.data.jpa.repository.support.SimpleJpaRepository.save]: PROPAGATION_REQUIRED,ISOLATION_DEFAULT
2025-12-28T16:03:06.741+01:00 DEBUG 157899 --- [smboutique-backend] [           main] o.s.orm.jpa.JpaTransactionManager        : Opened new EntityManager [SessionImpl(1442605396<open>)] for JPA transaction
2025-12-28T16:03:06.741+01:00 DEBUG 157899 --- [smboutique-backend] [           main] o.s.orm.jpa.JpaTransactionManager        : Exposing JPA transaction as JDBC [org.springframework.orm.jpa.vendor.HibernateJpaDialect$HibernateConnectionHandle@74e6fdef]
2025-12-28T16:03:06.742+01:00 DEBUG 157899 --- [smboutique-backend] [           main] org.hibernate.SQL                        : 
    insert 
    into
        permission
        (description, name) 
    values
        (?, ?)
Hibernate: 
    insert 
    into
        permission
        (description, name) 
    values
        (?, ?)
2025-12-28T16:03:06.743+01:00 DEBUG 157899 --- [smboutique-backend] [           main] o.s.orm.jpa.JpaTransactionManager        : Initiating transaction commit
2025-12-28T16:03:06.744+01:00 DEBUG 157899 --- [smboutique-backend] [           main] o.s.orm.jpa.JpaTransactionManager        : Committing JPA transaction on EntityManager [SessionImpl(1442605396<open>)]
2025-12-28T16:03:06.745+01:00 DEBUG 157899 --- [smboutique-backend] [           main] o.s.orm.jpa.JpaTransactionManager        : Closing JPA EntityManager [SessionImpl(1442605396<open>)] after transaction
2025-12-28T16:03:06.746+01:00 DEBUG 157899 --- [smboutique-backend] [           main] o.s.orm.jpa.JpaTransactionManager        : Creating new transaction with name [org.springframework.data.jpa.repository.support.SimpleJpaRepository.save]: PROPAGATION_REQUIRED,ISOLATION_DEFAULT
2025-12-28T16:03:06.746+01:00 DEBUG 157899 --- [smboutique-backend] [           main] o.s.orm.jpa.JpaTransactionManager        : Opened new EntityManager [SessionImpl(554944833<open>)] for JPA transaction
2025-12-28T16:03:06.746+01:00 DEBUG 157899 --- [smboutique-backend] [           main] o.s.orm.jpa.JpaTransactionManager        : Exposing JPA transaction as JDBC [org.springframework.orm.jpa.vendor.HibernateJpaDialect$HibernateConnectionHandle@4cedd431]
2025-12-28T16:03:06.747+01:00 DEBUG 157899 --- [smboutique-backend] [           main] org.hibernate.SQL                        : 
    insert 
    into
        permission
        (description, name) 
    values
        (?, ?)
Hibernate: 
    insert 
    into
        permission
        (description, name) 
    values
        (?, ?)
2025-12-28T16:03:06.748+01:00 DEBUG 157899 --- [smboutique-backend] [           main] o.s.orm.jpa.JpaTransactionManager        : Initiating transaction commit
2025-12-28T16:03:06.748+01:00 DEBUG 157899 --- [smboutique-backend] [           main] o.s.orm.jpa.JpaTransactionManager        : Committing JPA transaction on EntityManager [SessionImpl(554944833<open>)]
2025-12-28T16:03:06.750+01:00 DEBUG 157899 --- [smboutique-backend] [           main] o.s.orm.jpa.JpaTransactionManager        : Closing JPA EntityManager [SessionImpl(554944833<open>)] after transaction
2025-12-28T16:03:06.750+01:00 DEBUG 157899 --- [smboutique-backend] [           main] o.s.orm.jpa.JpaTransactionManager        : Creating new transaction with name [org.springframework.data.jpa.repository.support.SimpleJpaRepository.save]: PROPAGATION_REQUIRED,ISOLATION_DEFAULT
2025-12-28T16:03:06.750+01:00 DEBUG 157899 --- [smboutique-backend] [           main] o.s.orm.jpa.JpaTransactionManager        : Opened new EntityManager [SessionImpl(693178914<open>)] for JPA transaction
2025-12-28T16:03:06.751+01:00 DEBUG 157899 --- [smboutique-backend] [           main] o.s.orm.jpa.JpaTransactionManager        : Exposing JPA transaction as JDBC [org.springframework.orm.jpa.vendor.HibernateJpaDialect$HibernateConnectionHandle@454fcb0d]
2025-12-28T16:03:06.751+01:00 DEBUG 157899 --- [smboutique-backend] [           main] org.hibernate.SQL                        : 
    insert 
    into
        permission
        (description, name) 
    values
        (?, ?)
Hibernate: 
    insert 
    into
        permission
        (description, name) 
    values
        (?, ?)
2025-12-28T16:03:06.753+01:00 DEBUG 157899 --- [smboutique-backend] [           main] o.s.orm.jpa.JpaTransactionManager        : Initiating transaction commit
2025-12-28T16:03:06.753+01:00 DEBUG 157899 --- [smboutique-backend] [           main] o.s.orm.jpa.JpaTransactionManager        : Committing JPA transaction on EntityManager [SessionImpl(693178914<open>)]
2025-12-28T16:03:06.754+01:00 DEBUG 157899 --- [smboutique-backend] [           main] o.s.orm.jpa.JpaTransactionManager        : Closing JPA EntityManager [SessionImpl(693178914<open>)] after transaction
2025-12-28T16:03:06.755+01:00 DEBUG 157899 --- [smboutique-backend] [           main] o.s.orm.jpa.JpaTransactionManager        : Creating new transaction with name [org.springframework.data.jpa.repository.support.SimpleJpaRepository.save]: PROPAGATION_REQUIRED,ISOLATION_DEFAULT
2025-12-28T16:03:06.755+01:00 DEBUG 157899 --- [smboutique-backend] [           main] o.s.orm.jpa.JpaTransactionManager        : Opened new EntityManager [SessionImpl(755091209<open>)] for JPA transaction
2025-12-28T16:03:06.755+01:00 DEBUG 157899 --- [smboutique-backend] [           main] o.s.orm.jpa.JpaTransactionManager        : Exposing JPA transaction as JDBC [org.springframework.orm.jpa.vendor.HibernateJpaDialect$HibernateConnectionHandle@2bfaa2d0]
2025-12-28T16:03:06.756+01:00 DEBUG 157899 --- [smboutique-backend] [           main] org.hibernate.SQL                        : 
    insert 
    into
        permission
        (description, name) 
    values
        (?, ?)
Hibernate: 
    insert 
    into
        permission
        (description, name) 
    values
        (?, ?)
2025-12-28T16:03:06.757+01:00 DEBUG 157899 --- [smboutique-backend] [           main] o.s.orm.jpa.JpaTransactionManager        : Initiating transaction commit
2025-12-28T16:03:06.757+01:00 DEBUG 157899 --- [smboutique-backend] [           main] o.s.orm.jpa.JpaTransactionManager        : Committing JPA transaction on EntityManager [SessionImpl(755091209<open>)]
2025-12-28T16:03:06.758+01:00 DEBUG 157899 --- [smboutique-backend] [           main] o.s.orm.jpa.JpaTransactionManager        : Closing JPA EntityManager [SessionImpl(755091209<open>)] after transaction
2025-12-28T16:03:06.759+01:00 DEBUG 157899 --- [smboutique-backend] [           main] o.s.orm.jpa.JpaTransactionManager        : Creating new transaction with name [org.springframework.data.jpa.repository.support.SimpleJpaRepository.save]: PROPAGATION_REQUIRED,ISOLATION_DEFAULT
2025-12-28T16:03:06.759+01:00 DEBUG 157899 --- [smboutique-backend] [           main] o.s.orm.jpa.JpaTransactionManager        : Opened new EntityManager [SessionImpl(1726894262<open>)] for JPA transaction
2025-12-28T16:03:06.759+01:00 DEBUG 157899 --- [smboutique-backend] [           main] o.s.orm.jpa.JpaTransactionManager        : Exposing JPA transaction as JDBC [org.springframework.orm.jpa.vendor.HibernateJpaDialect$HibernateConnectionHandle@13d06ddb]
2025-12-28T16:03:06.760+01:00 DEBUG 157899 --- [smboutique-backend] [           main] org.hibernate.SQL                        : 
    insert 
    into
        permission
        (description, name) 
    values
        (?, ?)
Hibernate: 
    insert 
    into
        permission
        (description, name) 
    values
        (?, ?)
2025-12-28T16:03:06.761+01:00 DEBUG 157899 --- [smboutique-backend] [           main] o.s.orm.jpa.JpaTransactionManager        : Initiating transaction commit
2025-12-28T16:03:06.761+01:00 DEBUG 157899 --- [smboutique-backend] [           main] o.s.orm.jpa.JpaTransactionManager        : Committing JPA transaction on EntityManager [SessionImpl(1726894262<open>)]
2025-12-28T16:03:06.763+01:00 DEBUG 157899 --- [smboutique-backend] [           main] o.s.orm.jpa.JpaTransactionManager        : Closing JPA EntityManager [SessionImpl(1726894262<open>)] after transaction
2025-12-28T16:03:06.763+01:00 DEBUG 157899 --- [smboutique-backend] [           main] o.s.orm.jpa.JpaTransactionManager        : Creating new transaction with name [org.springframework.data.jpa.repository.support.SimpleJpaRepository.save]: PROPAGATION_REQUIRED,ISOLATION_DEFAULT
2025-12-28T16:03:06.763+01:00 DEBUG 157899 --- [smboutique-backend] [           main] o.s.orm.jpa.JpaTransactionManager        : Opened new EntityManager [SessionImpl(1117897658<open>)] for JPA transaction
2025-12-28T16:03:06.763+01:00 DEBUG 157899 --- [smboutique-backend] [           main] o.s.orm.jpa.JpaTransactionManager        : Exposing JPA transaction as JDBC [org.springframework.orm.jpa.vendor.HibernateJpaDialect$HibernateConnectionHandle@4c1ea0ab]
2025-12-28T16:03:06.764+01:00 DEBUG 157899 --- [smboutique-backend] [           main] org.hibernate.SQL                        : 
    insert 
    into
        permission
        (description, name) 
    values
        (?, ?)
Hibernate: 
    insert 
    into
        permission
        (description, name) 
    values
        (?, ?)
2025-12-28T16:03:06.765+01:00 DEBUG 157899 --- [smboutique-backend] [           main] o.s.orm.jpa.JpaTransactionManager        : Initiating transaction commit
2025-12-28T16:03:06.765+01:00 DEBUG 157899 --- [smboutique-backend] [           main] o.s.orm.jpa.JpaTransactionManager        : Committing JPA transaction on EntityManager [SessionImpl(1117897658<open>)]
2025-12-28T16:03:06.766+01:00 DEBUG 157899 --- [smboutique-backend] [           main] o.s.orm.jpa.JpaTransactionManager        : Closing JPA EntityManager [SessionImpl(1117897658<open>)] after transaction
2025-12-28T16:03:06.767+01:00 DEBUG 157899 --- [smboutique-backend] [           main] o.s.orm.jpa.JpaTransactionManager        : Creating new transaction with name [org.springframework.data.jpa.repository.support.SimpleJpaRepository.save]: PROPAGATION_REQUIRED,ISOLATION_DEFAULT
2025-12-28T16:03:06.767+01:00 DEBUG 157899 --- [smboutique-backend] [           main] o.s.orm.jpa.JpaTransactionManager        : Opened new EntityManager [SessionImpl(940159462<open>)] for JPA transaction
2025-12-28T16:03:06.767+01:00 DEBUG 157899 --- [smboutique-backend] [           main] o.s.orm.jpa.JpaTransactionManager        : Exposing JPA transaction as JDBC [org.springframework.orm.jpa.vendor.HibernateJpaDialect$HibernateConnectionHandle@4e41fbf5]
2025-12-28T16:03:06.768+01:00 DEBUG 157899 --- [smboutique-backend] [           main] org.hibernate.SQL                        : 
    insert 
    into
        permission
        (description, name) 
    values
        (?, ?)
Hibernate: 
    insert 
    into
        permission
        (description, name) 
    values
        (?, ?)
2025-12-28T16:03:06.769+01:00 DEBUG 157899 --- [smboutique-backend] [           main] o.s.orm.jpa.JpaTransactionManager        : Initiating transaction commit
2025-12-28T16:03:06.769+01:00 DEBUG 157899 --- [smboutique-backend] [           main] o.s.orm.jpa.JpaTransactionManager        : Committing JPA transaction on EntityManager [SessionImpl(940159462<open>)]
2025-12-28T16:03:06.770+01:00 DEBUG 157899 --- [smboutique-backend] [           main] o.s.orm.jpa.JpaTransactionManager        : Closing JPA EntityManager [SessionImpl(940159462<open>)] after transaction
2025-12-28T16:03:06.771+01:00 DEBUG 157899 --- [smboutique-backend] [           main] o.s.orm.jpa.JpaTransactionManager        : Creating new transaction with name [org.springframework.data.jpa.repository.support.SimpleJpaRepository.save]: PROPAGATION_REQUIRED,ISOLATION_DEFAULT
2025-12-28T16:03:06.771+01:00 DEBUG 157899 --- [smboutique-backend] [           main] o.s.orm.jpa.JpaTransactionManager        : Opened new EntityManager [SessionImpl(1310822380<open>)] for JPA transaction
2025-12-28T16:03:06.771+01:00 DEBUG 157899 --- [smboutique-backend] [           main] o.s.orm.jpa.JpaTransactionManager        : Exposing JPA transaction as JDBC [org.springframework.orm.jpa.vendor.HibernateJpaDialect$HibernateConnectionHandle@56db2171]
2025-12-28T16:03:06.772+01:00 DEBUG 157899 --- [smboutique-backend] [           main] org.hibernate.SQL                        : 
    insert 
    into
        permission
        (description, name) 
    values
        (?, ?)
Hibernate: 
    insert 
    into
        permission
        (description, name) 
    values
        (?, ?)
2025-12-28T16:03:06.773+01:00 DEBUG 157899 --- [smboutique-backend] [           main] o.s.orm.jpa.JpaTransactionManager        : Initiating transaction commit
2025-12-28T16:03:06.773+01:00 DEBUG 157899 --- [smboutique-backend] [           main] o.s.orm.jpa.JpaTransactionManager        : Committing JPA transaction on EntityManager [SessionImpl(1310822380<open>)]
2025-12-28T16:03:06.775+01:00 DEBUG 157899 --- [smboutique-backend] [           main] o.s.orm.jpa.JpaTransactionManager        : Closing JPA EntityManager [SessionImpl(1310822380<open>)] after transaction
2025-12-28T16:03:06.775+01:00 DEBUG 157899 --- [smboutique-backend] [           main] o.s.orm.jpa.JpaTransactionManager        : Creating new transaction with name [org.springframework.data.jpa.repository.support.SimpleJpaRepository.save]: PROPAGATION_REQUIRED,ISOLATION_DEFAULT
2025-12-28T16:03:06.775+01:00 DEBUG 157899 --- [smboutique-backend] [           main] o.s.orm.jpa.JpaTransactionManager        : Opened new EntityManager [SessionImpl(1901236564<open>)] for JPA transaction
2025-12-28T16:03:06.775+01:00 DEBUG 157899 --- [smboutique-backend] [           main] o.s.orm.jpa.JpaTransactionManager        : Exposing JPA transaction as JDBC [org.springframework.orm.jpa.vendor.HibernateJpaDialect$HibernateConnectionHandle@6cfe48a4]
2025-12-28T16:03:06.776+01:00 DEBUG 157899 --- [smboutique-backend] [           main] org.hibernate.SQL                        : 
    insert 
    into
        permission
        (description, name) 
    values
        (?, ?)
Hibernate: 
    insert 
    into
        permission
        (description, name) 
    values
        (?, ?)
2025-12-28T16:03:06.777+01:00 DEBUG 157899 --- [smboutique-backend] [           main] o.s.orm.jpa.JpaTransactionManager        : Initiating transaction commit
2025-12-28T16:03:06.777+01:00 DEBUG 157899 --- [smboutique-backend] [           main] o.s.orm.jpa.JpaTransactionManager        : Committing JPA transaction on EntityManager [SessionImpl(1901236564<open>)]
2025-12-28T16:03:06.779+01:00 DEBUG 157899 --- [smboutique-backend] [           main] o.s.orm.jpa.JpaTransactionManager        : Closing JPA EntityManager [SessionImpl(1901236564<open>)] after transaction
2025-12-28T16:03:06.779+01:00 DEBUG 157899 --- [smboutique-backend] [           main] o.s.orm.jpa.JpaTransactionManager        : Creating new transaction with name [org.springframework.data.jpa.repository.support.SimpleJpaRepository.save]: PROPAGATION_REQUIRED,ISOLATION_DEFAULT
2025-12-28T16:03:06.779+01:00 DEBUG 157899 --- [smboutique-backend] [           main] o.s.orm.jpa.JpaTransactionManager        : Opened new EntityManager [SessionImpl(395666382<open>)] for JPA transaction
2025-12-28T16:03:06.780+01:00 DEBUG 157899 --- [smboutique-backend] [           main] o.s.orm.jpa.JpaTransactionManager        : Exposing JPA transaction as JDBC [org.springframework.orm.jpa.vendor.HibernateJpaDialect$HibernateConnectionHandle@6584b606]
2025-12-28T16:03:06.780+01:00 DEBUG 157899 --- [smboutique-backend] [           main] org.hibernate.SQL                        : 
    insert 
    into
        permission
        (description, name) 
    values
        (?, ?)
Hibernate: 
    insert 
    into
        permission
        (description, name) 
    values
        (?, ?)
2025-12-28T16:03:06.782+01:00 DEBUG 157899 --- [smboutique-backend] [           main] o.s.orm.jpa.JpaTransactionManager        : Initiating transaction commit
2025-12-28T16:03:06.782+01:00 DEBUG 157899 --- [smboutique-backend] [           main] o.s.orm.jpa.JpaTransactionManager        : Committing JPA transaction on EntityManager [SessionImpl(395666382<open>)]
2025-12-28T16:03:06.783+01:00 DEBUG 157899 --- [smboutique-backend] [           main] o.s.orm.jpa.JpaTransactionManager        : Closing JPA EntityManager [SessionImpl(395666382<open>)] after transaction
2025-12-28T16:03:06.784+01:00 DEBUG 157899 --- [smboutique-backend] [           main] o.s.orm.jpa.JpaTransactionManager        : Creating new transaction with name [org.springframework.data.jpa.repository.support.SimpleJpaRepository.save]: PROPAGATION_REQUIRED,ISOLATION_DEFAULT
2025-12-28T16:03:06.784+01:00 DEBUG 157899 --- [smboutique-backend] [           main] o.s.orm.jpa.JpaTransactionManager        : Opened new EntityManager [SessionImpl(1443376985<open>)] for JPA transaction
2025-12-28T16:03:06.784+01:00 DEBUG 157899 --- [smboutique-backend] [           main] o.s.orm.jpa.JpaTransactionManager        : Exposing JPA transaction as JDBC [org.springframework.orm.jpa.vendor.HibernateJpaDialect$HibernateConnectionHandle@24e419ab]
2025-12-28T16:03:06.785+01:00 DEBUG 157899 --- [smboutique-backend] [           main] org.hibernate.SQL                        : 
    insert 
    into
        permission
        (description, name) 
    values
        (?, ?)
Hibernate: 
    insert 
    into
        permission
        (description, name) 
    values
        (?, ?)
2025-12-28T16:03:06.786+01:00 DEBUG 157899 --- [smboutique-backend] [           main] o.s.orm.jpa.JpaTransactionManager        : Initiating transaction commit
2025-12-28T16:03:06.786+01:00 DEBUG 157899 --- [smboutique-backend] [           main] o.s.orm.jpa.JpaTransactionManager        : Committing JPA transaction on EntityManager [SessionImpl(1443376985<open>)]
2025-12-28T16:03:06.788+01:00 DEBUG 157899 --- [smboutique-backend] [           main] o.s.orm.jpa.JpaTransactionManager        : Closing JPA EntityManager [SessionImpl(1443376985<open>)] after transaction
2025-12-28T16:03:06.788+01:00 DEBUG 157899 --- [smboutique-backend] [           main] o.s.orm.jpa.JpaTransactionManager        : Creating new transaction with name [org.springframework.data.jpa.repository.support.SimpleJpaRepository.save]: PROPAGATION_REQUIRED,ISOLATION_DEFAULT
2025-12-28T16:03:06.788+01:00 DEBUG 157899 --- [smboutique-backend] [           main] o.s.orm.jpa.JpaTransactionManager        : Opened new EntityManager [SessionImpl(1510305081<open>)] for JPA transaction
2025-12-28T16:03:06.789+01:00 DEBUG 157899 --- [smboutique-backend] [           main] o.s.orm.jpa.JpaTransactionManager        : Exposing JPA transaction as JDBC [org.springframework.orm.jpa.vendor.HibernateJpaDialect$HibernateConnectionHandle@4926f6d6]
2025-12-28T16:03:06.789+01:00 DEBUG 157899 --- [smboutique-backend] [           main] org.hibernate.SQL                        : 
    insert 
    into
        permission
        (description, name) 
    values
        (?, ?)
Hibernate: 
    insert 
    into
        permission
        (description, name) 
    values
        (?, ?)
2025-12-28T16:03:06.791+01:00 DEBUG 157899 --- [smboutique-backend] [           main] o.s.orm.jpa.JpaTransactionManager        : Initiating transaction commit
2025-12-28T16:03:06.791+01:00 DEBUG 157899 --- [smboutique-backend] [           main] o.s.orm.jpa.JpaTransactionManager        : Committing JPA transaction on EntityManager [SessionImpl(1510305081<open>)]
2025-12-28T16:03:06.793+01:00 DEBUG 157899 --- [smboutique-backend] [           main] o.s.orm.jpa.JpaTransactionManager        : Closing JPA EntityManager [SessionImpl(1510305081<open>)] after transaction
2025-12-28T16:03:06.793+01:00 DEBUG 157899 --- [smboutique-backend] [           main] o.s.orm.jpa.JpaTransactionManager        : Creating new transaction with name [org.springframework.data.jpa.repository.support.SimpleJpaRepository.save]: PROPAGATION_REQUIRED,ISOLATION_DEFAULT
2025-12-28T16:03:06.793+01:00 DEBUG 157899 --- [smboutique-backend] [           main] o.s.orm.jpa.JpaTransactionManager        : Opened new EntityManager [SessionImpl(1010831701<open>)] for JPA transaction
2025-12-28T16:03:06.794+01:00 DEBUG 157899 --- [smboutique-backend] [           main] o.s.orm.jpa.JpaTransactionManager        : Exposing JPA transaction as JDBC [org.springframework.orm.jpa.vendor.HibernateJpaDialect$HibernateConnectionHandle@80f1151]
2025-12-28T16:03:06.795+01:00 DEBUG 157899 --- [smboutique-backend] [           main] org.hibernate.SQL                        : 
    insert 
    into
        permission
        (description, name) 
    values
        (?, ?)
Hibernate: 
    insert 
    into
        permission
        (description, name) 
    values
        (?, ?)
2025-12-28T16:03:06.796+01:00 DEBUG 157899 --- [smboutique-backend] [           main] o.s.orm.jpa.JpaTransactionManager        : Initiating transaction commit
2025-12-28T16:03:06.797+01:00 DEBUG 157899 --- [smboutique-backend] [           main] o.s.orm.jpa.JpaTransactionManager        : Committing JPA transaction on EntityManager [SessionImpl(1010831701<open>)]
2025-12-28T16:03:06.798+01:00 DEBUG 157899 --- [smboutique-backend] [           main] o.s.orm.jpa.JpaTransactionManager        : Closing JPA EntityManager [SessionImpl(1010831701<open>)] after transaction
2025-12-28T16:03:06.799+01:00 DEBUG 157899 --- [smboutique-backend] [           main] o.s.orm.jpa.JpaTransactionManager        : Creating new transaction with name [org.springframework.data.jpa.repository.support.SimpleJpaRepository.save]: PROPAGATION_REQUIRED,ISOLATION_DEFAULT
2025-12-28T16:03:06.799+01:00 DEBUG 157899 --- [smboutique-backend] [           main] o.s.orm.jpa.JpaTransactionManager        : Opened new EntityManager [SessionImpl(95651528<open>)] for JPA transaction
2025-12-28T16:03:06.800+01:00 DEBUG 157899 --- [smboutique-backend] [           main] o.s.orm.jpa.JpaTransactionManager        : Exposing JPA transaction as JDBC [org.springframework.orm.jpa.vendor.HibernateJpaDialect$HibernateConnectionHandle@b39a3bf]
2025-12-28T16:03:06.800+01:00 DEBUG 157899 --- [smboutique-backend] [           main] org.hibernate.SQL                        : 
    insert 
    into
        permission
        (description, name) 
    values
        (?, ?)
Hibernate: 
    insert 
    into
        permission
        (description, name) 
    values
        (?, ?)
2025-12-28T16:03:06.802+01:00 DEBUG 157899 --- [smboutique-backend] [           main] o.s.orm.jpa.JpaTransactionManager        : Initiating transaction commit
2025-12-28T16:03:06.802+01:00 DEBUG 157899 --- [smboutique-backend] [           main] o.s.orm.jpa.JpaTransactionManager        : Committing JPA transaction on EntityManager [SessionImpl(95651528<open>)]
2025-12-28T16:03:06.804+01:00 DEBUG 157899 --- [smboutique-backend] [           main] o.s.orm.jpa.JpaTransactionManager        : Closing JPA EntityManager [SessionImpl(95651528<open>)] after transaction
2025-12-28T16:03:06.804+01:00 DEBUG 157899 --- [smboutique-backend] [           main] o.s.orm.jpa.JpaTransactionManager        : Creating new transaction with name [org.springframework.data.jpa.repository.support.SimpleJpaRepository.save]: PROPAGATION_REQUIRED,ISOLATION_DEFAULT
2025-12-28T16:03:06.804+01:00 DEBUG 157899 --- [smboutique-backend] [           main] o.s.orm.jpa.JpaTransactionManager        : Opened new EntityManager [SessionImpl(1038723725<open>)] for JPA transaction
2025-12-28T16:03:06.805+01:00 DEBUG 157899 --- [smboutique-backend] [           main] o.s.orm.jpa.JpaTransactionManager        : Exposing JPA transaction as JDBC [org.springframework.orm.jpa.vendor.HibernateJpaDialect$HibernateConnectionHandle@18a997c7]
2025-12-28T16:03:06.805+01:00 DEBUG 157899 --- [smboutique-backend] [           main] org.hibernate.SQL                        : 
    insert 
    into
        permission
        (description, name) 
    values
        (?, ?)
Hibernate: 
    insert 
    into
        permission
        (description, name) 
    values
        (?, ?)
2025-12-28T16:03:06.807+01:00 DEBUG 157899 --- [smboutique-backend] [           main] o.s.orm.jpa.JpaTransactionManager        : Initiating transaction commit
2025-12-28T16:03:06.807+01:00 DEBUG 157899 --- [smboutique-backend] [           main] o.s.orm.jpa.JpaTransactionManager        : Committing JPA transaction on EntityManager [SessionImpl(1038723725<open>)]
2025-12-28T16:03:06.808+01:00 DEBUG 157899 --- [smboutique-backend] [           main] o.s.orm.jpa.JpaTransactionManager        : Closing JPA EntityManager [SessionImpl(1038723725<open>)] after transaction
2025-12-28T16:03:06.808+01:00 DEBUG 157899 --- [smboutique-backend] [           main] o.s.orm.jpa.JpaTransactionManager        : Creating new transaction with name [org.springframework.data.jpa.repository.support.SimpleJpaRepository.save]: PROPAGATION_REQUIRED,ISOLATION_DEFAULT
2025-12-28T16:03:06.809+01:00 DEBUG 157899 --- [smboutique-backend] [           main] o.s.orm.jpa.JpaTransactionManager        : Opened new EntityManager [SessionImpl(1536279359<open>)] for JPA transaction
2025-12-28T16:03:06.809+01:00 DEBUG 157899 --- [smboutique-backend] [           main] o.s.orm.jpa.JpaTransactionManager        : Exposing JPA transaction as JDBC [org.springframework.orm.jpa.vendor.HibernateJpaDialect$HibernateConnectionHandle@11279761]
2025-12-28T16:03:06.809+01:00 DEBUG 157899 --- [smboutique-backend] [           main] org.hibernate.SQL                        : 
    insert 
    into
        permission
        (description, name) 
    values
        (?, ?)
Hibernate: 
    insert 
    into
        permission
        (description, name) 
    values
        (?, ?)
2025-12-28T16:03:06.811+01:00 DEBUG 157899 --- [smboutique-backend] [           main] o.s.orm.jpa.JpaTransactionManager        : Initiating transaction commit
2025-12-28T16:03:06.811+01:00 DEBUG 157899 --- [smboutique-backend] [           main] o.s.orm.jpa.JpaTransactionManager        : Committing JPA transaction on EntityManager [SessionImpl(1536279359<open>)]
2025-12-28T16:03:06.812+01:00 DEBUG 157899 --- [smboutique-backend] [           main] o.s.orm.jpa.JpaTransactionManager        : Closing JPA EntityManager [SessionImpl(1536279359<open>)] after transaction
2025-12-28T16:03:06.813+01:00 DEBUG 157899 --- [smboutique-backend] [           main] o.s.orm.jpa.JpaTransactionManager        : Creating new transaction with name [org.springframework.data.jpa.repository.support.SimpleJpaRepository.save]: PROPAGATION_REQUIRED,ISOLATION_DEFAULT
2025-12-28T16:03:06.813+01:00 DEBUG 157899 --- [smboutique-backend] [           main] o.s.orm.jpa.JpaTransactionManager        : Opened new EntityManager [SessionImpl(1289918306<open>)] for JPA transaction
2025-12-28T16:03:06.813+01:00 DEBUG 157899 --- [smboutique-backend] [           main] o.s.orm.jpa.JpaTransactionManager        : Exposing JPA transaction as JDBC [org.springframework.orm.jpa.vendor.HibernateJpaDialect$HibernateConnectionHandle@7a34bb07]
2025-12-28T16:03:06.814+01:00 DEBUG 157899 --- [smboutique-backend] [           main] org.hibernate.SQL                        : 
    insert 
    into
        permission
        (description, name) 
    values
        (?, ?)
Hibernate: 
    insert 
    into
        permission
        (description, name) 
    values
        (?, ?)
2025-12-28T16:03:06.815+01:00 DEBUG 157899 --- [smboutique-backend] [           main] o.s.orm.jpa.JpaTransactionManager        : Initiating transaction commit
2025-12-28T16:03:06.815+01:00 DEBUG 157899 --- [smboutique-backend] [           main] o.s.orm.jpa.JpaTransactionManager        : Committing JPA transaction on EntityManager [SessionImpl(1289918306<open>)]
2025-12-28T16:03:06.816+01:00 DEBUG 157899 --- [smboutique-backend] [           main] o.s.orm.jpa.JpaTransactionManager        : Closing JPA EntityManager [SessionImpl(1289918306<open>)] after transaction
2025-12-28T16:03:06.816+01:00 DEBUG 157899 --- [smboutique-backend] [           main] o.s.orm.jpa.JpaTransactionManager        : Creating new transaction with name [org.springframework.data.jpa.repository.support.SimpleJpaRepository.save]: PROPAGATION_REQUIRED,ISOLATION_DEFAULT
2025-12-28T16:03:06.817+01:00 DEBUG 157899 --- [smboutique-backend] [           main] o.s.orm.jpa.JpaTransactionManager        : Opened new EntityManager [SessionImpl(912024277<open>)] for JPA transaction
2025-12-28T16:03:06.817+01:00 DEBUG 157899 --- [smboutique-backend] [           main] o.s.orm.jpa.JpaTransactionManager        : Exposing JPA transaction as JDBC [org.springframework.orm.jpa.vendor.HibernateJpaDialect$HibernateConnectionHandle@15944e4e]
2025-12-28T16:03:06.817+01:00 DEBUG 157899 --- [smboutique-backend] [           main] org.hibernate.SQL                        : 
    insert 
    into
        permission
        (description, name) 
    values
        (?, ?)
Hibernate: 
    insert 
    into
        permission
        (description, name) 
    values
        (?, ?)
2025-12-28T16:03:06.819+01:00 DEBUG 157899 --- [smboutique-backend] [           main] o.s.orm.jpa.JpaTransactionManager        : Initiating transaction commit
2025-12-28T16:03:06.819+01:00 DEBUG 157899 --- [smboutique-backend] [           main] o.s.orm.jpa.JpaTransactionManager        : Committing JPA transaction on EntityManager [SessionImpl(912024277<open>)]
2025-12-28T16:03:06.820+01:00 DEBUG 157899 --- [smboutique-backend] [           main] o.s.orm.jpa.JpaTransactionManager        : Closing JPA EntityManager [SessionImpl(912024277<open>)] after transaction
2025-12-28T16:03:06.821+01:00 DEBUG 157899 --- [smboutique-backend] [           main] o.s.orm.jpa.JpaTransactionManager        : Creating new transaction with name [org.springframework.data.jpa.repository.support.SimpleJpaRepository.save]: PROPAGATION_REQUIRED,ISOLATION_DEFAULT
2025-12-28T16:03:06.821+01:00 DEBUG 157899 --- [smboutique-backend] [           main] o.s.orm.jpa.JpaTransactionManager        : Opened new EntityManager [SessionImpl(102297786<open>)] for JPA transaction
2025-12-28T16:03:06.821+01:00 DEBUG 157899 --- [smboutique-backend] [           main] o.s.orm.jpa.JpaTransactionManager        : Exposing JPA transaction as JDBC [org.springframework.orm.jpa.vendor.HibernateJpaDialect$HibernateConnectionHandle@4dcfca8f]
2025-12-28T16:03:06.821+01:00 DEBUG 157899 --- [smboutique-backend] [           main] org.hibernate.SQL                        : 
    insert 
    into
        permission
        (description, name) 
    values
        (?, ?)
Hibernate: 
    insert 
    into
        permission
        (description, name) 
    values
        (?, ?)
2025-12-28T16:03:06.823+01:00 DEBUG 157899 --- [smboutique-backend] [           main] o.s.orm.jpa.JpaTransactionManager        : Initiating transaction commit
2025-12-28T16:03:06.823+01:00 DEBUG 157899 --- [smboutique-backend] [           main] o.s.orm.jpa.JpaTransactionManager        : Committing JPA transaction on EntityManager [SessionImpl(102297786<open>)]
2025-12-28T16:03:06.824+01:00 DEBUG 157899 --- [smboutique-backend] [           main] o.s.orm.jpa.JpaTransactionManager        : Closing JPA EntityManager [SessionImpl(102297786<open>)] after transaction
2025-12-28T16:03:06.824+01:00  INFO 157899 --- [smboutique-backend] [           main] c.smboutique.api.config.DataInitializer  : Created 41 permissions
2025-12-28T16:03:06.825+01:00  INFO 157899 --- [smboutique-backend] [           main] c.smboutique.api.config.DataInitializer  : Initializing roles...
2025-12-28T16:03:06.825+01:00 DEBUG 157899 --- [smboutique-backend] [           main] o.s.orm.jpa.JpaTransactionManager        : Creating new transaction with name [org.springframework.data.jpa.repository.support.SimpleJpaRepository.count]: PROPAGATION_REQUIRED,ISOLATION_DEFAULT,readOnly
2025-12-28T16:03:06.825+01:00 DEBUG 157899 --- [smboutique-backend] [           main] o.s.orm.jpa.JpaTransactionManager        : Opened new EntityManager [SessionImpl(195817310<open>)] for JPA transaction
2025-12-28T16:03:06.826+01:00 DEBUG 157899 --- [smboutique-backend] [           main] o.s.orm.jpa.JpaTransactionManager        : Exposing JPA transaction as JDBC [org.springframework.orm.jpa.vendor.HibernateJpaDialect$HibernateConnectionHandle@50bdd956]
2025-12-28T16:03:06.826+01:00  WARN 157899 --- [smboutique-backend] [           main] org.hibernate.orm.deprecation            : HHH90000021: Encountered deprecated setting [javax.persistence.query.timeout], use [jakarta.persistence.query.timeout] instead
2025-12-28T16:03:06.827+01:00 DEBUG 157899 --- [smboutique-backend] [           main] org.hibernate.SQL                        : 
    select
        count(*) 
    from
        role r1_0
Hibernate: 
    select
        count(*) 
    from
        role r1_0
2025-12-28T16:03:06.829+01:00 DEBUG 157899 --- [smboutique-backend] [           main] o.s.orm.jpa.JpaTransactionManager        : Initiating transaction commit
2025-12-28T16:03:06.829+01:00 DEBUG 157899 --- [smboutique-backend] [           main] o.s.orm.jpa.JpaTransactionManager        : Committing JPA transaction on EntityManager [SessionImpl(195817310<open>)]
2025-12-28T16:03:06.829+01:00 DEBUG 157899 --- [smboutique-backend] [           main] o.s.orm.jpa.JpaTransactionManager        : Closing JPA EntityManager [SessionImpl(195817310<open>)] after transaction
2025-12-28T16:03:06.830+01:00 DEBUG 157899 --- [smboutique-backend] [           main] c.smboutique.api.config.DataInitializer  : Creating role: SUPERADMIN
2025-12-28T16:03:06.834+01:00 DEBUG 157899 --- [smboutique-backend] [           main] tor$SharedEntityManagerInvocationHandler : Creating new EntityManager for shared EntityManager invocation
2025-12-28T16:03:06.844+01:00  WARN 157899 --- [smboutique-backend] [           main] org.hibernate.orm.deprecation            : HHH90000021: Encountered deprecated setting [javax.persistence.query.timeout], use [jakarta.persistence.query.timeout] instead
2025-12-28T16:03:06.901+01:00 DEBUG 157899 --- [smboutique-backend] [           main] org.hibernate.SQL                        : 
    select
        p1_0.id_permission,
        p1_0.description,
        p1_0.name 
    from
        permission p1_0 
    where
        p1_0.name=?
Hibernate: 
    select
        p1_0.id_permission,
        p1_0.description,
        p1_0.name 
    from
        permission p1_0 
    where
        p1_0.name=?
2025-12-28T16:03:06.924+01:00 DEBUG 157899 --- [smboutique-backend] [           main] tor$SharedEntityManagerInvocationHandler : Creating new EntityManager for shared EntityManager invocation
2025-12-28T16:03:06.924+01:00  WARN 157899 --- [smboutique-backend] [           main] org.hibernate.orm.deprecation            : HHH90000021: Encountered deprecated setting [javax.persistence.query.timeout], use [jakarta.persistence.query.timeout] instead
2025-12-28T16:03:06.925+01:00 DEBUG 157899 --- [smboutique-backend] [           main] org.hibernate.SQL                        : 
    select
        p1_0.id_permission,
        p1_0.description,
        p1_0.name 
    from
        permission p1_0 
    where
        p1_0.name=?
Hibernate: 
    select
        p1_0.id_permission,
        p1_0.description,
        p1_0.name 
    from
        permission p1_0 
    where
        p1_0.name=?
2025-12-28T16:03:06.927+01:00 DEBUG 157899 --- [smboutique-backend] [           main] tor$SharedEntityManagerInvocationHandler : Creating new EntityManager for shared EntityManager invocation
2025-12-28T16:03:06.928+01:00  WARN 157899 --- [smboutique-backend] [           main] org.hibernate.orm.deprecation            : HHH90000021: Encountered deprecated setting [javax.persistence.query.timeout], use [jakarta.persistence.query.timeout] instead
2025-12-28T16:03:06.929+01:00 DEBUG 157899 --- [smboutique-backend] [           main] org.hibernate.SQL                        : 
    select
        p1_0.id_permission,
        p1_0.description,
        p1_0.name 
    from
        permission p1_0 
    where
        p1_0.name=?
Hibernate: 
    select
        p1_0.id_permission,
        p1_0.description,
        p1_0.name 
    from
        permission p1_0 
    where
        p1_0.name=?
2025-12-28T16:03:06.931+01:00 DEBUG 157899 --- [smboutique-backend] [           main] tor$SharedEntityManagerInvocationHandler : Creating new EntityManager for shared EntityManager invocation
2025-12-28T16:03:06.932+01:00  WARN 157899 --- [smboutique-backend] [           main] org.hibernate.orm.deprecation            : HHH90000021: Encountered deprecated setting [javax.persistence.query.timeout], use [jakarta.persistence.query.timeout] instead
2025-12-28T16:03:06.933+01:00 DEBUG 157899 --- [smboutique-backend] [           main] org.hibernate.SQL                        : 
    select
        p1_0.id_permission,
        p1_0.description,
        p1_0.name 
    from
        permission p1_0 
    where
        p1_0.name=?
Hibernate: 
    select
        p1_0.id_permission,
        p1_0.description,
        p1_0.name 
    from
        permission p1_0 
    where
        p1_0.name=?
2025-12-28T16:03:06.934+01:00 DEBUG 157899 --- [smboutique-backend] [           main] tor$SharedEntityManagerInvocationHandler : Creating new EntityManager for shared EntityManager invocation
2025-12-28T16:03:06.935+01:00  WARN 157899 --- [smboutique-backend] [           main] org.hibernate.orm.deprecation            : HHH90000021: Encountered deprecated setting [javax.persistence.query.timeout], use [jakarta.persistence.query.timeout] instead
2025-12-28T16:03:06.936+01:00 DEBUG 157899 --- [smboutique-backend] [           main] org.hibernate.SQL                        : 
    select
        p1_0.id_permission,
        p1_0.description,
        p1_0.name 
    from
        permission p1_0 
    where
        p1_0.name=?
Hibernate: 
    select
        p1_0.id_permission,
        p1_0.description,
        p1_0.name 
    from
        permission p1_0 
    where
        p1_0.name=?
2025-12-28T16:03:06.938+01:00 DEBUG 157899 --- [smboutique-backend] [           main] tor$SharedEntityManagerInvocationHandler : Creating new EntityManager for shared EntityManager invocation
2025-12-28T16:03:06.938+01:00  WARN 157899 --- [smboutique-backend] [           main] org.hibernate.orm.deprecation            : HHH90000021: Encountered deprecated setting [javax.persistence.query.timeout], use [jakarta.persistence.query.timeout] instead
2025-12-28T16:03:06.940+01:00 DEBUG 157899 --- [smboutique-backend] [           main] org.hibernate.SQL                        : 
    select
        p1_0.id_permission,
        p1_0.description,
        p1_0.name 
    from
        permission p1_0 
    where
        p1_0.name=?
Hibernate: 
    select
        p1_0.id_permission,
        p1_0.description,
        p1_0.name 
    from
        permission p1_0 
    where
        p1_0.name=?
2025-12-28T16:03:06.941+01:00 DEBUG 157899 --- [smboutique-backend] [           main] tor$SharedEntityManagerInvocationHandler : Creating new EntityManager for shared EntityManager invocation
2025-12-28T16:03:06.942+01:00  WARN 157899 --- [smboutique-backend] [           main] org.hibernate.orm.deprecation            : HHH90000021: Encountered deprecated setting [javax.persistence.query.timeout], use [jakarta.persistence.query.timeout] instead
2025-12-28T16:03:06.943+01:00 DEBUG 157899 --- [smboutique-backend] [           main] org.hibernate.SQL                        : 
    select
        p1_0.id_permission,
        p1_0.description,
        p1_0.name 
    from
        permission p1_0 
    where
        p1_0.name=?
Hibernate: 
    select
        p1_0.id_permission,
        p1_0.description,
        p1_0.name 
    from
        permission p1_0 
    where
        p1_0.name=?
2025-12-28T16:03:06.945+01:00 DEBUG 157899 --- [smboutique-backend] [           main] tor$SharedEntityManagerInvocationHandler : Creating new EntityManager for shared EntityManager invocation
2025-12-28T16:03:06.945+01:00  WARN 157899 --- [smboutique-backend] [           main] org.hibernate.orm.deprecation            : HHH90000021: Encountered deprecated setting [javax.persistence.query.timeout], use [jakarta.persistence.query.timeout] instead
2025-12-28T16:03:06.946+01:00 DEBUG 157899 --- [smboutique-backend] [           main] org.hibernate.SQL                        : 
    select
        p1_0.id_permission,
        p1_0.description,
        p1_0.name 
    from
        permission p1_0 
    where
        p1_0.name=?
Hibernate: 
    select
        p1_0.id_permission,
        p1_0.description,
        p1_0.name 
    from
        permission p1_0 
    where
        p1_0.name=?
2025-12-28T16:03:06.948+01:00 DEBUG 157899 --- [smboutique-backend] [           main] tor$SharedEntityManagerInvocationHandler : Creating new EntityManager for shared EntityManager invocation
2025-12-28T16:03:06.949+01:00  WARN 157899 --- [smboutique-backend] [           main] org.hibernate.orm.deprecation            : HHH90000021: Encountered deprecated setting [javax.persistence.query.timeout], use [jakarta.persistence.query.timeout] instead
2025-12-28T16:03:06.950+01:00 DEBUG 157899 --- [smboutique-backend] [           main] org.hibernate.SQL                        : 
    select
        p1_0.id_permission,
        p1_0.description,
        p1_0.name 
    from
        permission p1_0 
    where
        p1_0.name=?
Hibernate: 
    select
        p1_0.id_permission,
        p1_0.description,
        p1_0.name 
    from
        permission p1_0 
    where
        p1_0.name=?
2025-12-28T16:03:06.952+01:00 DEBUG 157899 --- [smboutique-backend] [           main] tor$SharedEntityManagerInvocationHandler : Creating new EntityManager for shared EntityManager invocation
2025-12-28T16:03:06.952+01:00  WARN 157899 --- [smboutique-backend] [           main] org.hibernate.orm.deprecation            : HHH90000021: Encountered deprecated setting [javax.persistence.query.timeout], use [jakarta.persistence.query.timeout] instead
2025-12-28T16:03:06.953+01:00 DEBUG 157899 --- [smboutique-backend] [           main] org.hibernate.SQL                        : 
    select
        p1_0.id_permission,
        p1_0.description,
        p1_0.name 
    from
        permission p1_0 
    where
        p1_0.name=?
Hibernate: 
    select
        p1_0.id_permission,
        p1_0.description,
        p1_0.name 
    from
        permission p1_0 
    where
        p1_0.name=?
2025-12-28T16:03:06.955+01:00 DEBUG 157899 --- [smboutique-backend] [           main] tor$SharedEntityManagerInvocationHandler : Creating new EntityManager for shared EntityManager invocation
2025-12-28T16:03:06.956+01:00  WARN 157899 --- [smboutique-backend] [           main] org.hibernate.orm.deprecation            : HHH90000021: Encountered deprecated setting [javax.persistence.query.timeout], use [jakarta.persistence.query.timeout] instead
2025-12-28T16:03:06.957+01:00 DEBUG 157899 --- [smboutique-backend] [           main] org.hibernate.SQL                        : 
    select
        p1_0.id_permission,
        p1_0.description,
        p1_0.name 
    from
        permission p1_0 
    where
        p1_0.name=?
Hibernate: 
    select
        p1_0.id_permission,
        p1_0.description,
        p1_0.name 
    from
        permission p1_0 
    where
        p1_0.name=?
2025-12-28T16:03:06.959+01:00 DEBUG 157899 --- [smboutique-backend] [           main] tor$SharedEntityManagerInvocationHandler : Creating new EntityManager for shared EntityManager invocation
2025-12-28T16:03:06.959+01:00  WARN 157899 --- [smboutique-backend] [           main] org.hibernate.orm.deprecation            : HHH90000021: Encountered deprecated setting [javax.persistence.query.timeout], use [jakarta.persistence.query.timeout] instead
2025-12-28T16:03:06.960+01:00 DEBUG 157899 --- [smboutique-backend] [           main] org.hibernate.SQL                        : 
    select
        p1_0.id_permission,
        p1_0.description,
        p1_0.name 
    from
        permission p1_0 
    where
        p1_0.name=?
Hibernate: 
    select
        p1_0.id_permission,
        p1_0.description,
        p1_0.name 
    from
        permission p1_0 
    where
        p1_0.name=?
2025-12-28T16:03:06.962+01:00 DEBUG 157899 --- [smboutique-backend] [           main] tor$SharedEntityManagerInvocationHandler : Creating new EntityManager for shared EntityManager invocation
2025-12-28T16:03:06.963+01:00  WARN 157899 --- [smboutique-backend] [           main] org.hibernate.orm.deprecation            : HHH90000021: Encountered deprecated setting [javax.persistence.query.timeout], use [jakarta.persistence.query.timeout] instead
2025-12-28T16:03:06.964+01:00 DEBUG 157899 --- [smboutique-backend] [           main] org.hibernate.SQL                        : 
    select
        p1_0.id_permission,
        p1_0.description,
        p1_0.name 
    from
        permission p1_0 
    where
        p1_0.name=?
Hibernate: 
    select
        p1_0.id_permission,
        p1_0.description,
        p1_0.name 
    from
        permission p1_0 
    where
        p1_0.name=?
2025-12-28T16:03:06.966+01:00 DEBUG 157899 --- [smboutique-backend] [           main] tor$SharedEntityManagerInvocationHandler : Creating new EntityManager for shared EntityManager invocation
2025-12-28T16:03:06.966+01:00  WARN 157899 --- [smboutique-backend] [           main] org.hibernate.orm.deprecation            : HHH90000021: Encountered deprecated setting [javax.persistence.query.timeout], use [jakarta.persistence.query.timeout] instead
2025-12-28T16:03:06.967+01:00 DEBUG 157899 --- [smboutique-backend] [           main] org.hibernate.SQL                        : 
    select
        p1_0.id_permission,
        p1_0.description,
        p1_0.name 
    from
        permission p1_0 
    where
        p1_0.name=?
Hibernate: 
    select
        p1_0.id_permission,
        p1_0.description,
        p1_0.name 
    from
        permission p1_0 
    where
        p1_0.name=?
2025-12-28T16:03:06.969+01:00 DEBUG 157899 --- [smboutique-backend] [           main] tor$SharedEntityManagerInvocationHandler : Creating new EntityManager for shared EntityManager invocation
2025-12-28T16:03:06.970+01:00  WARN 157899 --- [smboutique-backend] [           main] org.hibernate.orm.deprecation            : HHH90000021: Encountered deprecated setting [javax.persistence.query.timeout], use [jakarta.persistence.query.timeout] instead
2025-12-28T16:03:06.971+01:00 DEBUG 157899 --- [smboutique-backend] [           main] org.hibernate.SQL                        : 
    select
        p1_0.id_permission,
        p1_0.description,
        p1_0.name 
    from
        permission p1_0 
    where
        p1_0.name=?
Hibernate: 
    select
        p1_0.id_permission,
        p1_0.description,
        p1_0.name 
    from
        permission p1_0 
    where
        p1_0.name=?
2025-12-28T16:03:06.973+01:00 DEBUG 157899 --- [smboutique-backend] [           main] tor$SharedEntityManagerInvocationHandler : Creating new EntityManager for shared EntityManager invocation
2025-12-28T16:03:06.974+01:00  WARN 157899 --- [smboutique-backend] [           main] org.hibernate.orm.deprecation            : HHH90000021: Encountered deprecated setting [javax.persistence.query.timeout], use [jakarta.persistence.query.timeout] instead
2025-12-28T16:03:06.975+01:00 DEBUG 157899 --- [smboutique-backend] [           main] org.hibernate.SQL                        : 
    select
        p1_0.id_permission,
        p1_0.description,
        p1_0.name 
    from
        permission p1_0 
    where
        p1_0.name=?
Hibernate: 
    select
        p1_0.id_permission,
        p1_0.description,
        p1_0.name 
    from
        permission p1_0 
    where
        p1_0.name=?
2025-12-28T16:03:06.977+01:00 DEBUG 157899 --- [smboutique-backend] [           main] tor$SharedEntityManagerInvocationHandler : Creating new EntityManager for shared EntityManager invocation
2025-12-28T16:03:06.977+01:00  WARN 157899 --- [smboutique-backend] [           main] org.hibernate.orm.deprecation            : HHH90000021: Encountered deprecated setting [javax.persistence.query.timeout], use [jakarta.persistence.query.timeout] instead
2025-12-28T16:03:06.978+01:00 DEBUG 157899 --- [smboutique-backend] [           main] org.hibernate.SQL                        : 
    select
        p1_0.id_permission,
        p1_0.description,
        p1_0.name 
    from
        permission p1_0 
    where
        p1_0.name=?
Hibernate: 
    select
        p1_0.id_permission,
        p1_0.description,
        p1_0.name 
    from
        permission p1_0 
    where
        p1_0.name=?
2025-12-28T16:03:06.980+01:00 DEBUG 157899 --- [smboutique-backend] [           main] tor$SharedEntityManagerInvocationHandler : Creating new EntityManager for shared EntityManager invocation
2025-12-28T16:03:06.981+01:00  WARN 157899 --- [smboutique-backend] [           main] org.hibernate.orm.deprecation            : HHH90000021: Encountered deprecated setting [javax.persistence.query.timeout], use [jakarta.persistence.query.timeout] instead
2025-12-28T16:03:06.982+01:00 DEBUG 157899 --- [smboutique-backend] [           main] org.hibernate.SQL                        : 
    select
        p1_0.id_permission,
        p1_0.description,
        p1_0.name 
    from
        permission p1_0 
    where
        p1_0.name=?
Hibernate: 
    select
        p1_0.id_permission,
        p1_0.description,
        p1_0.name 
    from
        permission p1_0 
    where
        p1_0.name=?
2025-12-28T16:03:06.984+01:00 DEBUG 157899 --- [smboutique-backend] [           main] tor$SharedEntityManagerInvocationHandler : Creating new EntityManager for shared EntityManager invocation
2025-12-28T16:03:06.984+01:00  WARN 157899 --- [smboutique-backend] [           main] org.hibernate.orm.deprecation            : HHH90000021: Encountered deprecated setting [javax.persistence.query.timeout], use [jakarta.persistence.query.timeout] instead
2025-12-28T16:03:06.985+01:00 DEBUG 157899 --- [smboutique-backend] [           main] org.hibernate.SQL                        : 
    select
        p1_0.id_permission,
        p1_0.description,
        p1_0.name 
    from
        permission p1_0 
    where
        p1_0.name=?
Hibernate: 
    select
        p1_0.id_permission,
        p1_0.description,
        p1_0.name 
    from
        permission p1_0 
    where
        p1_0.name=?
2025-12-28T16:03:06.987+01:00 DEBUG 157899 --- [smboutique-backend] [           main] tor$SharedEntityManagerInvocationHandler : Creating new EntityManager for shared EntityManager invocation
2025-12-28T16:03:06.988+01:00  WARN 157899 --- [smboutique-backend] [           main] org.hibernate.orm.deprecation            : HHH90000021: Encountered deprecated setting [javax.persistence.query.timeout], use [jakarta.persistence.query.timeout] instead
2025-12-28T16:03:06.989+01:00 DEBUG 157899 --- [smboutique-backend] [           main] org.hibernate.SQL                        : 
    select
        p1_0.id_permission,
        p1_0.description,
        p1_0.name 
    from
        permission p1_0 
    where
        p1_0.name=?
Hibernate: 
    select
        p1_0.id_permission,
        p1_0.description,
        p1_0.name 
    from
        permission p1_0 
    where
        p1_0.name=?
2025-12-28T16:03:06.992+01:00 DEBUG 157899 --- [smboutique-backend] [           main] tor$SharedEntityManagerInvocationHandler : Creating new EntityManager for shared EntityManager invocation
2025-12-28T16:03:06.992+01:00  WARN 157899 --- [smboutique-backend] [           main] org.hibernate.orm.deprecation            : HHH90000021: Encountered deprecated setting [javax.persistence.query.timeout], use [jakarta.persistence.query.timeout] instead
2025-12-28T16:03:06.993+01:00 DEBUG 157899 --- [smboutique-backend] [           main] org.hibernate.SQL                        : 
    select
        p1_0.id_permission,
        p1_0.description,
        p1_0.name 
    from
        permission p1_0 
    where
        p1_0.name=?
Hibernate: 
    select
        p1_0.id_permission,
        p1_0.description,
        p1_0.name 
    from
        permission p1_0 
    where
        p1_0.name=?
2025-12-28T16:03:06.995+01:00 DEBUG 157899 --- [smboutique-backend] [           main] tor$SharedEntityManagerInvocationHandler : Creating new EntityManager for shared EntityManager invocation
2025-12-28T16:03:06.995+01:00  WARN 157899 --- [smboutique-backend] [           main] org.hibernate.orm.deprecation            : HHH90000021: Encountered deprecated setting [javax.persistence.query.timeout], use [jakarta.persistence.query.timeout] instead
2025-12-28T16:03:06.996+01:00 DEBUG 157899 --- [smboutique-backend] [           main] org.hibernate.SQL                        : 
    select
        p1_0.id_permission,
        p1_0.description,
        p1_0.name 
    from
        permission p1_0 
    where
        p1_0.name=?
Hibernate: 
    select
        p1_0.id_permission,
        p1_0.description,
        p1_0.name 
    from
        permission p1_0 
    where
        p1_0.name=?
2025-12-28T16:03:06.998+01:00 DEBUG 157899 --- [smboutique-backend] [           main] tor$SharedEntityManagerInvocationHandler : Creating new EntityManager for shared EntityManager invocation
2025-12-28T16:03:06.999+01:00  WARN 157899 --- [smboutique-backend] [           main] org.hibernate.orm.deprecation            : HHH90000021: Encountered deprecated setting [javax.persistence.query.timeout], use [jakarta.persistence.query.timeout] instead
2025-12-28T16:03:07.000+01:00 DEBUG 157899 --- [smboutique-backend] [           main] org.hibernate.SQL                        : 
    select
        p1_0.id_permission,
        p1_0.description,
        p1_0.name 
    from
        permission p1_0 
    where
        p1_0.name=?
Hibernate: 
    select
        p1_0.id_permission,
        p1_0.description,
        p1_0.name 
    from
        permission p1_0 
    where
        p1_0.name=?
2025-12-28T16:03:07.002+01:00 DEBUG 157899 --- [smboutique-backend] [           main] tor$SharedEntityManagerInvocationHandler : Creating new EntityManager for shared EntityManager invocation
2025-12-28T16:03:07.002+01:00  WARN 157899 --- [smboutique-backend] [           main] org.hibernate.orm.deprecation            : HHH90000021: Encountered deprecated setting [javax.persistence.query.timeout], use [jakarta.persistence.query.timeout] instead
2025-12-28T16:03:07.003+01:00 DEBUG 157899 --- [smboutique-backend] [           main] org.hibernate.SQL                        : 
    select
        p1_0.id_permission,
        p1_0.description,
        p1_0.name 
    from
        permission p1_0 
    where
        p1_0.name=?
Hibernate: 
    select
        p1_0.id_permission,
        p1_0.description,
        p1_0.name 
    from
        permission p1_0 
    where
        p1_0.name=?
2025-12-28T16:03:07.005+01:00 DEBUG 157899 --- [smboutique-backend] [           main] tor$SharedEntityManagerInvocationHandler : Creating new EntityManager for shared EntityManager invocation
2025-12-28T16:03:07.005+01:00  WARN 157899 --- [smboutique-backend] [           main] org.hibernate.orm.deprecation            : HHH90000021: Encountered deprecated setting [javax.persistence.query.timeout], use [jakarta.persistence.query.timeout] instead
2025-12-28T16:03:07.006+01:00 DEBUG 157899 --- [smboutique-backend] [           main] org.hibernate.SQL                        : 
    select
        p1_0.id_permission,
        p1_0.description,
        p1_0.name 
    from
        permission p1_0 
    where
        p1_0.name=?
Hibernate: 
    select
        p1_0.id_permission,
        p1_0.description,
        p1_0.name 
    from
        permission p1_0 
    where
        p1_0.name=?
2025-12-28T16:03:07.008+01:00 DEBUG 157899 --- [smboutique-backend] [           main] tor$SharedEntityManagerInvocationHandler : Creating new EntityManager for shared EntityManager invocation
2025-12-28T16:03:07.009+01:00  WARN 157899 --- [smboutique-backend] [           main] org.hibernate.orm.deprecation            : HHH90000021: Encountered deprecated setting [javax.persistence.query.timeout], use [jakarta.persistence.query.timeout] instead
2025-12-28T16:03:07.010+01:00 DEBUG 157899 --- [smboutique-backend] [           main] org.hibernate.SQL                        : 
    select
        p1_0.id_permission,
        p1_0.description,
        p1_0.name 
    from
        permission p1_0 
    where
        p1_0.name=?
Hibernate: 
    select
        p1_0.id_permission,
        p1_0.description,
        p1_0.name 
    from
        permission p1_0 
    where
        p1_0.name=?
2025-12-28T16:03:07.012+01:00 DEBUG 157899 --- [smboutique-backend] [           main] tor$SharedEntityManagerInvocationHandler : Creating new EntityManager for shared EntityManager invocation
2025-12-28T16:03:07.012+01:00  WARN 157899 --- [smboutique-backend] [           main] org.hibernate.orm.deprecation            : HHH90000021: Encountered deprecated setting [javax.persistence.query.timeout], use [jakarta.persistence.query.timeout] instead
2025-12-28T16:03:07.013+01:00 DEBUG 157899 --- [smboutique-backend] [           main] org.hibernate.SQL                        : 
    select
        p1_0.id_permission,
        p1_0.description,
        p1_0.name 
    from
        permission p1_0 
    where
        p1_0.name=?
Hibernate: 
    select
        p1_0.id_permission,
        p1_0.description,
        p1_0.name 
    from
        permission p1_0 
    where
        p1_0.name=?
2025-12-28T16:03:07.015+01:00 DEBUG 157899 --- [smboutique-backend] [           main] tor$SharedEntityManagerInvocationHandler : Creating new EntityManager for shared EntityManager invocation
2025-12-28T16:03:07.016+01:00  WARN 157899 --- [smboutique-backend] [           main] org.hibernate.orm.deprecation            : HHH90000021: Encountered deprecated setting [javax.persistence.query.timeout], use [jakarta.persistence.query.timeout] instead
2025-12-28T16:03:07.017+01:00 DEBUG 157899 --- [smboutique-backend] [           main] org.hibernate.SQL                        : 
    select
        p1_0.id_permission,
        p1_0.description,
        p1_0.name 
    from
        permission p1_0 
    where
        p1_0.name=?
Hibernate: 
    select
        p1_0.id_permission,
        p1_0.description,
        p1_0.name 
    from
        permission p1_0 
    where
        p1_0.name=?
2025-12-28T16:03:07.018+01:00 DEBUG 157899 --- [smboutique-backend] [           main] tor$SharedEntityManagerInvocationHandler : Creating new EntityManager for shared EntityManager invocation
2025-12-28T16:03:07.019+01:00  WARN 157899 --- [smboutique-backend] [           main] org.hibernate.orm.deprecation            : HHH90000021: Encountered deprecated setting [javax.persistence.query.timeout], use [jakarta.persistence.query.timeout] instead
2025-12-28T16:03:07.020+01:00 DEBUG 157899 --- [smboutique-backend] [           main] org.hibernate.SQL                        : 
    select
        p1_0.id_permission,
        p1_0.description,
        p1_0.name 
    from
        permission p1_0 
    where
        p1_0.name=?
Hibernate: 
    select
        p1_0.id_permission,
        p1_0.description,
        p1_0.name 
    from
        permission p1_0 
    where
        p1_0.name=?
2025-12-28T16:03:07.021+01:00 DEBUG 157899 --- [smboutique-backend] [           main] tor$SharedEntityManagerInvocationHandler : Creating new EntityManager for shared EntityManager invocation
2025-12-28T16:03:07.022+01:00  WARN 157899 --- [smboutique-backend] [           main] org.hibernate.orm.deprecation            : HHH90000021: Encountered deprecated setting [javax.persistence.query.timeout], use [jakarta.persistence.query.timeout] instead
2025-12-28T16:03:07.023+01:00 DEBUG 157899 --- [smboutique-backend] [           main] org.hibernate.SQL                        : 
    select
        p1_0.id_permission,
        p1_0.description,
        p1_0.name 
    from
        permission p1_0 
    where
        p1_0.name=?
Hibernate: 
    select
        p1_0.id_permission,
        p1_0.description,
        p1_0.name 
    from
        permission p1_0 
    where
        p1_0.name=?
2025-12-28T16:03:07.025+01:00 DEBUG 157899 --- [smboutique-backend] [           main] tor$SharedEntityManagerInvocationHandler : Creating new EntityManager for shared EntityManager invocation
2025-12-28T16:03:07.025+01:00  WARN 157899 --- [smboutique-backend] [           main] org.hibernate.orm.deprecation            : HHH90000021: Encountered deprecated setting [javax.persistence.query.timeout], use [jakarta.persistence.query.timeout] instead
2025-12-28T16:03:07.026+01:00 DEBUG 157899 --- [smboutique-backend] [           main] org.hibernate.SQL                        : 
    select
        p1_0.id_permission,
        p1_0.description,
        p1_0.name 
    from
        permission p1_0 
    where
        p1_0.name=?
Hibernate: 
    select
        p1_0.id_permission,
        p1_0.description,
        p1_0.name 
    from
        permission p1_0 
    where
        p1_0.name=?
2025-12-28T16:03:07.028+01:00 DEBUG 157899 --- [smboutique-backend] [           main] tor$SharedEntityManagerInvocationHandler : Creating new EntityManager for shared EntityManager invocation
2025-12-28T16:03:07.029+01:00  WARN 157899 --- [smboutique-backend] [           main] org.hibernate.orm.deprecation            : HHH90000021: Encountered deprecated setting [javax.persistence.query.timeout], use [jakarta.persistence.query.timeout] instead
2025-12-28T16:03:07.030+01:00 DEBUG 157899 --- [smboutique-backend] [           main] org.hibernate.SQL                        : 
    select
        p1_0.id_permission,
        p1_0.description,
        p1_0.name 
    from
        permission p1_0 
    where
        p1_0.name=?
Hibernate: 
    select
        p1_0.id_permission,
        p1_0.description,
        p1_0.name 
    from
        permission p1_0 
    where
        p1_0.name=?
2025-12-28T16:03:07.032+01:00 DEBUG 157899 --- [smboutique-backend] [           main] tor$SharedEntityManagerInvocationHandler : Creating new EntityManager for shared EntityManager invocation
2025-12-28T16:03:07.033+01:00  WARN 157899 --- [smboutique-backend] [           main] org.hibernate.orm.deprecation            : HHH90000021: Encountered deprecated setting [javax.persistence.query.timeout], use [jakarta.persistence.query.timeout] instead
2025-12-28T16:03:07.034+01:00 DEBUG 157899 --- [smboutique-backend] [           main] org.hibernate.SQL                        : 
    select
        p1_0.id_permission,
        p1_0.description,
        p1_0.name 
    from
        permission p1_0 
    where
        p1_0.name=?
Hibernate: 
    select
        p1_0.id_permission,
        p1_0.description,
        p1_0.name 
    from
        permission p1_0 
    where
        p1_0.name=?
2025-12-28T16:03:07.035+01:00 DEBUG 157899 --- [smboutique-backend] [           main] tor$SharedEntityManagerInvocationHandler : Creating new EntityManager for shared EntityManager invocation
2025-12-28T16:03:07.036+01:00  WARN 157899 --- [smboutique-backend] [           main] org.hibernate.orm.deprecation            : HHH90000021: Encountered deprecated setting [javax.persistence.query.timeout], use [jakarta.persistence.query.timeout] instead
2025-12-28T16:03:07.037+01:00 DEBUG 157899 --- [smboutique-backend] [           main] org.hibernate.SQL                        : 
    select
        p1_0.id_permission,
        p1_0.description,
        p1_0.name 
    from
        permission p1_0 
    where
        p1_0.name=?
Hibernate: 
    select
        p1_0.id_permission,
        p1_0.description,
        p1_0.name 
    from
        permission p1_0 
    where
        p1_0.name=?
2025-12-28T16:03:07.039+01:00 DEBUG 157899 --- [smboutique-backend] [           main] tor$SharedEntityManagerInvocationHandler : Creating new EntityManager for shared EntityManager invocation
2025-12-28T16:03:07.040+01:00  WARN 157899 --- [smboutique-backend] [           main] org.hibernate.orm.deprecation            : HHH90000021: Encountered deprecated setting [javax.persistence.query.timeout], use [jakarta.persistence.query.timeout] instead
2025-12-28T16:03:07.041+01:00 DEBUG 157899 --- [smboutique-backend] [           main] org.hibernate.SQL                        : 
    select
        p1_0.id_permission,
        p1_0.description,
        p1_0.name 
    from
        permission p1_0 
    where
        p1_0.name=?
Hibernate: 
    select
        p1_0.id_permission,
        p1_0.description,
        p1_0.name 
    from
        permission p1_0 
    where
        p1_0.name=?
2025-12-28T16:03:07.043+01:00 DEBUG 157899 --- [smboutique-backend] [           main] tor$SharedEntityManagerInvocationHandler : Creating new EntityManager for shared EntityManager invocation
2025-12-28T16:03:07.044+01:00  WARN 157899 --- [smboutique-backend] [           main] org.hibernate.orm.deprecation            : HHH90000021: Encountered deprecated setting [javax.persistence.query.timeout], use [jakarta.persistence.query.timeout] instead
2025-12-28T16:03:07.045+01:00 DEBUG 157899 --- [smboutique-backend] [           main] org.hibernate.SQL                        : 
    select
        p1_0.id_permission,
        p1_0.description,
        p1_0.name 
    from
        permission p1_0 
    where
        p1_0.name=?
Hibernate: 
    select
        p1_0.id_permission,
        p1_0.description,
        p1_0.name 
    from
        permission p1_0 
    where
        p1_0.name=?
2025-12-28T16:03:07.047+01:00 DEBUG 157899 --- [smboutique-backend] [           main] tor$SharedEntityManagerInvocationHandler : Creating new EntityManager for shared EntityManager invocation
2025-12-28T16:03:07.047+01:00  WARN 157899 --- [smboutique-backend] [           main] org.hibernate.orm.deprecation            : HHH90000021: Encountered deprecated setting [javax.persistence.query.timeout], use [jakarta.persistence.query.timeout] instead
2025-12-28T16:03:07.048+01:00 DEBUG 157899 --- [smboutique-backend] [           main] org.hibernate.SQL                        : 
    select
        p1_0.id_permission,
        p1_0.description,
        p1_0.name 
    from
        permission p1_0 
    where
        p1_0.name=?
Hibernate: 
    select
        p1_0.id_permission,
        p1_0.description,
        p1_0.name 
    from
        permission p1_0 
    where
        p1_0.name=?
2025-12-28T16:03:07.050+01:00 DEBUG 157899 --- [smboutique-backend] [           main] tor$SharedEntityManagerInvocationHandler : Creating new EntityManager for shared EntityManager invocation
2025-12-28T16:03:07.051+01:00  WARN 157899 --- [smboutique-backend] [           main] org.hibernate.orm.deprecation            : HHH90000021: Encountered deprecated setting [javax.persistence.query.timeout], use [jakarta.persistence.query.timeout] instead
2025-12-28T16:03:07.052+01:00 DEBUG 157899 --- [smboutique-backend] [           main] org.hibernate.SQL                        : 
    select
        p1_0.id_permission,
        p1_0.description,
        p1_0.name 
    from
        permission p1_0 
    where
        p1_0.name=?
Hibernate: 
    select
        p1_0.id_permission,
        p1_0.description,
        p1_0.name 
    from
        permission p1_0 
    where
        p1_0.name=?
2025-12-28T16:03:07.054+01:00 DEBUG 157899 --- [smboutique-backend] [           main] o.s.orm.jpa.JpaTransactionManager        : Creating new transaction with name [org.springframework.data.jpa.repository.support.SimpleJpaRepository.save]: PROPAGATION_REQUIRED,ISOLATION_DEFAULT
2025-12-28T16:03:07.054+01:00 DEBUG 157899 --- [smboutique-backend] [           main] o.s.orm.jpa.JpaTransactionManager        : Opened new EntityManager [SessionImpl(1556888782<open>)] for JPA transaction
2025-12-28T16:03:07.054+01:00 DEBUG 157899 --- [smboutique-backend] [           main] o.s.orm.jpa.JpaTransactionManager        : Exposing JPA transaction as JDBC [org.springframework.orm.jpa.vendor.HibernateJpaDialect$HibernateConnectionHandle@29b93eb5]
2025-12-28T16:03:07.056+01:00 DEBUG 157899 --- [smboutique-backend] [           main] org.hibernate.SQL                        : 
    insert 
    into
        role
        (description, name) 
    values
        (?, ?)
Hibernate: 
    insert 
    into
        role
        (description, name) 
    values
        (?, ?)
2025-12-28T16:03:07.057+01:00 DEBUG 157899 --- [smboutique-backend] [           main] o.s.orm.jpa.JpaTransactionManager        : Initiating transaction commit
2025-12-28T16:03:07.058+01:00 DEBUG 157899 --- [smboutique-backend] [           main] o.s.orm.jpa.JpaTransactionManager        : Committing JPA transaction on EntityManager [SessionImpl(1556888782<open>)]
2025-12-28T16:03:07.070+01:00 DEBUG 157899 --- [smboutique-backend] [           main] org.hibernate.SQL                        : 
    insert 
    into
        role_permissions
        (role_id, permission_id) 
    values
        (?, ?)
Hibernate: 
    insert 
    into
        role_permissions
        (role_id, permission_id) 
    values
        (?, ?)
2025-12-28T16:03:07.071+01:00 DEBUG 157899 --- [smboutique-backend] [           main] org.hibernate.SQL                        : 
    insert 
    into
        role_permissions
        (role_id, permission_id) 
    values
        (?, ?)
Hibernate: 
    insert 
    into
        role_permissions
        (role_id, permission_id) 
    values
        (?, ?)
2025-12-28T16:03:07.071+01:00 DEBUG 157899 --- [smboutique-backend] [           main] org.hibernate.SQL                        : 
    insert 
    into
        role_permissions
        (role_id, permission_id) 
    values
        (?, ?)
Hibernate: 
    insert 
    into
        role_permissions
        (role_id, permission_id) 
    values
        (?, ?)
2025-12-28T16:03:07.072+01:00 DEBUG 157899 --- [smboutique-backend] [           main] org.hibernate.SQL                        : 
    insert 
    into
        role_permissions
        (role_id, permission_id) 
    values
        (?, ?)
Hibernate: 
    insert 
    into
        role_permissions
        (role_id, permission_id) 
    values
        (?, ?)
2025-12-28T16:03:07.072+01:00 DEBUG 157899 --- [smboutique-backend] [           main] org.hibernate.SQL                        : 
    insert 
    into
        role_permissions
        (role_id, permission_id) 
    values
        (?, ?)
Hibernate: 
    insert 
    into
        role_permissions
        (role_id, permission_id) 
    values
        (?, ?)
2025-12-28T16:03:07.072+01:00 DEBUG 157899 --- [smboutique-backend] [           main] org.hibernate.SQL                        : 
    insert 
    into
        role_permissions
        (role_id, permission_id) 
    values
        (?, ?)
Hibernate: 
    insert 
    into
        role_permissions
        (role_id, permission_id) 
    values
        (?, ?)
2025-12-28T16:03:07.072+01:00 DEBUG 157899 --- [smboutique-backend] [           main] org.hibernate.SQL                        : 
    insert 
    into
        role_permissions
        (role_id, permission_id) 
    values
        (?, ?)
Hibernate: 
    insert 
    into
        role_permissions
        (role_id, permission_id) 
    values
        (?, ?)
2025-12-28T16:03:07.073+01:00 DEBUG 157899 --- [smboutique-backend] [           main] org.hibernate.SQL                        : 
    insert 
    into
        role_permissions
        (role_id, permission_id) 
    values
        (?, ?)
Hibernate: 
    insert 
    into
        role_permissions
        (role_id, permission_id) 
    values
        (?, ?)
2025-12-28T16:03:07.073+01:00 DEBUG 157899 --- [smboutique-backend] [           main] org.hibernate.SQL                        : 
    insert 
    into
        role_permissions
        (role_id, permission_id) 
    values
        (?, ?)
Hibernate: 
    insert 
    into
        role_permissions
        (role_id, permission_id) 
    values
        (?, ?)
2025-12-28T16:03:07.073+01:00 DEBUG 157899 --- [smboutique-backend] [           main] org.hibernate.SQL                        : 
    insert 
    into
        role_permissions
        (role_id, permission_id) 
    values
        (?, ?)
Hibernate: 
    insert 
    into
        role_permissions
        (role_id, permission_id) 
    values
        (?, ?)
2025-12-28T16:03:07.074+01:00 DEBUG 157899 --- [smboutique-backend] [           main] org.hibernate.SQL                        : 
    insert 
    into
        role_permissions
        (role_id, permission_id) 
    values
        (?, ?)
Hibernate: 
    insert 
    into
        role_permissions
        (role_id, permission_id) 
    values
        (?, ?)
2025-12-28T16:03:07.074+01:00 DEBUG 157899 --- [smboutique-backend] [           main] org.hibernate.SQL                        : 
    insert 
    into
        role_permissions
        (role_id, permission_id) 
    values
        (?, ?)
Hibernate: 
    insert 
    into
        role_permissions
        (role_id, permission_id) 
    values
        (?, ?)
2025-12-28T16:03:07.074+01:00 DEBUG 157899 --- [smboutique-backend] [           main] org.hibernate.SQL                        : 
    insert 
    into
        role_permissions
        (role_id, permission_id) 
    values
        (?, ?)
Hibernate: 
    insert 
    into
        role_permissions
        (role_id, permission_id) 
    values
        (?, ?)
2025-12-28T16:03:07.074+01:00 DEBUG 157899 --- [smboutique-backend] [           main] org.hibernate.SQL                        : 
    insert 
    into
        role_permissions
        (role_id, permission_id) 
    values
        (?, ?)
Hibernate: 
    insert 
    into
        role_permissions
        (role_id, permission_id) 
    values
        (?, ?)
2025-12-28T16:03:07.074+01:00 DEBUG 157899 --- [smboutique-backend] [           main] org.hibernate.SQL                        : 
    insert 
    into
        role_permissions
        (role_id, permission_id) 
    values
        (?, ?)
Hibernate: 
    insert 
    into
        role_permissions
        (role_id, permission_id) 
    values
        (?, ?)
2025-12-28T16:03:07.075+01:00 DEBUG 157899 --- [smboutique-backend] [           main] org.hibernate.SQL                        : 
    insert 
    into
        role_permissions
        (role_id, permission_id) 
    values
        (?, ?)
Hibernate: 
    insert 
    into
        role_permissions
        (role_id, permission_id) 
    values
        (?, ?)
2025-12-28T16:03:07.075+01:00 DEBUG 157899 --- [smboutique-backend] [           main] org.hibernate.SQL                        : 
    insert 
    into
        role_permissions
        (role_id, permission_id) 
    values
        (?, ?)
Hibernate: 
    insert 
    into
        role_permissions
        (role_id, permission_id) 
    values
        (?, ?)
2025-12-28T16:03:07.075+01:00 DEBUG 157899 --- [smboutique-backend] [           main] org.hibernate.SQL                        : 
    insert 
    into
        role_permissions
        (role_id, permission_id) 
    values
        (?, ?)
Hibernate: 
    insert 
    into
        role_permissions
        (role_id, permission_id) 
    values
        (?, ?)
2025-12-28T16:03:07.075+01:00 DEBUG 157899 --- [smboutique-backend] [           main] org.hibernate.SQL                        : 
    insert 
    into
        role_permissions
        (role_id, permission_id) 
    values
        (?, ?)
Hibernate: 
    insert 
    into
        role_permissions
        (role_id, permission_id) 
    values
        (?, ?)
2025-12-28T16:03:07.076+01:00 DEBUG 157899 --- [smboutique-backend] [           main] org.hibernate.SQL                        : 
    insert 
    into
        role_permissions
        (role_id, permission_id) 
    values
        (?, ?)
Hibernate: 
    insert 
    into
        role_permissions
        (role_id, permission_id) 
    values
        (?, ?)
2025-12-28T16:03:07.084+01:00 DEBUG 157899 --- [smboutique-backend] [           main] org.hibernate.SQL                        : 
    insert 
    into
        role_permissions
        (role_id, permission_id) 
    values
        (?, ?)
Hibernate: 
    insert 
    into
        role_permissions
        (role_id, permission_id) 
    values
        (?, ?)
2025-12-28T16:03:07.084+01:00 DEBUG 157899 --- [smboutique-backend] [           main] org.hibernate.SQL                        : 
    insert 
    into
        role_permissions
        (role_id, permission_id) 
    values
        (?, ?)
Hibernate: 
    insert 
    into
        role_permissions
        (role_id, permission_id) 
    values
        (?, ?)
2025-12-28T16:03:07.084+01:00 DEBUG 157899 --- [smboutique-backend] [           main] org.hibernate.SQL                        : 
    insert 
    into
        role_permissions
        (role_id, permission_id) 
    values
        (?, ?)
Hibernate: 
    insert 
    into
        role_permissions
        (role_id, permission_id) 
    values
        (?, ?)
2025-12-28T16:03:07.085+01:00 DEBUG 157899 --- [smboutique-backend] [           main] org.hibernate.SQL                        : 
    insert 
    into
        role_permissions
        (role_id, permission_id) 
    values
        (?, ?)
Hibernate: 
    insert 
    into
        role_permissions
        (role_id, permission_id) 
    values
        (?, ?)
2025-12-28T16:03:07.085+01:00 DEBUG 157899 --- [smboutique-backend] [           main] org.hibernate.SQL                        : 
    insert 
    into
        role_permissions
        (role_id, permission_id) 
    values
        (?, ?)
Hibernate: 
    insert 
    into
        role_permissions
        (role_id, permission_id) 
    values
        (?, ?)
2025-12-28T16:03:07.085+01:00 DEBUG 157899 --- [smboutique-backend] [           main] org.hibernate.SQL                        : 
    insert 
    into
        role_permissions
        (role_id, permission_id) 
    values
        (?, ?)
Hibernate: 
    insert 
    into
        role_permissions
        (role_id, permission_id) 
    values
        (?, ?)
2025-12-28T16:03:07.085+01:00 DEBUG 157899 --- [smboutique-backend] [           main] org.hibernate.SQL                        : 
    insert 
    into
        role_permissions
        (role_id, permission_id) 
    values
        (?, ?)
Hibernate: 
    insert 
    into
        role_permissions
        (role_id, permission_id) 
    values
        (?, ?)
2025-12-28T16:03:07.086+01:00 DEBUG 157899 --- [smboutique-backend] [           main] org.hibernate.SQL                        : 
    insert 
    into
        role_permissions
        (role_id, permission_id) 
    values
        (?, ?)
Hibernate: 
    insert 
    into
        role_permissions
        (role_id, permission_id) 
    values
        (?, ?)
2025-12-28T16:03:07.086+01:00 DEBUG 157899 --- [smboutique-backend] [           main] org.hibernate.SQL                        : 
    insert 
    into
        role_permissions
        (role_id, permission_id) 
    values
        (?, ?)
Hibernate: 
    insert 
    into
        role_permissions
        (role_id, permission_id) 
    values
        (?, ?)
2025-12-28T16:03:07.086+01:00 DEBUG 157899 --- [smboutique-backend] [           main] org.hibernate.SQL                        : 
    insert 
    into
        role_permissions
        (role_id, permission_id) 
    values
        (?, ?)
Hibernate: 
    insert 
    into
        role_permissions
        (role_id, permission_id) 
    values
        (?, ?)
2025-12-28T16:03:07.087+01:00 DEBUG 157899 --- [smboutique-backend] [           main] org.hibernate.SQL                        : 
    insert 
    into
        role_permissions
        (role_id, permission_id) 
    values
        (?, ?)
Hibernate: 
    insert 
    into
        role_permissions
        (role_id, permission_id) 
    values
        (?, ?)
2025-12-28T16:03:07.087+01:00 DEBUG 157899 --- [smboutique-backend] [           main] org.hibernate.SQL                        : 
    insert 
    into
        role_permissions
        (role_id, permission_id) 
    values
        (?, ?)
Hibernate: 
    insert 
    into
        role_permissions
        (role_id, permission_id) 
    values
        (?, ?)
2025-12-28T16:03:07.087+01:00 DEBUG 157899 --- [smboutique-backend] [           main] org.hibernate.SQL                        : 
    insert 
    into
        role_permissions
        (role_id, permission_id) 
    values
        (?, ?)
Hibernate: 
    insert 
    into
        role_permissions
        (role_id, permission_id) 
    values
        (?, ?)
2025-12-28T16:03:07.087+01:00 DEBUG 157899 --- [smboutique-backend] [           main] org.hibernate.SQL                        : 
    insert 
    into
        role_permissions
        (role_id, permission_id) 
    values
        (?, ?)
Hibernate: 
    insert 
    into
        role_permissions
        (role_id, permission_id) 
    values
        (?, ?)
2025-12-28T16:03:07.088+01:00 DEBUG 157899 --- [smboutique-backend] [           main] org.hibernate.SQL                        : 
    insert 
    into
        role_permissions
        (role_id, permission_id) 
    values
        (?, ?)
Hibernate: 
    insert 
    into
        role_permissions
        (role_id, permission_id) 
    values
        (?, ?)
2025-12-28T16:03:07.088+01:00 DEBUG 157899 --- [smboutique-backend] [           main] org.hibernate.SQL                        : 
    insert 
    into
        role_permissions
        (role_id, permission_id) 
    values
        (?, ?)
Hibernate: 
    insert 
    into
        role_permissions
        (role_id, permission_id) 
    values
        (?, ?)
2025-12-28T16:03:07.088+01:00 DEBUG 157899 --- [smboutique-backend] [           main] org.hibernate.SQL                        : 
    insert 
    into
        role_permissions
        (role_id, permission_id) 
    values
        (?, ?)
Hibernate: 
    insert 
    into
        role_permissions
        (role_id, permission_id) 
    values
        (?, ?)
2025-12-28T16:03:07.088+01:00 DEBUG 157899 --- [smboutique-backend] [           main] org.hibernate.SQL                        : 
    insert 
    into
        role_permissions
        (role_id, permission_id) 
    values
        (?, ?)
Hibernate: 
    insert 
    into
        role_permissions
        (role_id, permission_id) 
    values
        (?, ?)
2025-12-28T16:03:07.097+01:00 DEBUG 157899 --- [smboutique-backend] [           main] o.s.orm.jpa.JpaTransactionManager        : Closing JPA EntityManager [SessionImpl(1556888782<open>)] after transaction
2025-12-28T16:03:07.097+01:00 DEBUG 157899 --- [smboutique-backend] [           main] c.smboutique.api.config.DataInitializer  : Role SUPERADMIN created with 38 permissions
2025-12-28T16:03:07.097+01:00 DEBUG 157899 --- [smboutique-backend] [           main] c.smboutique.api.config.DataInitializer  : Creating role: ADMIN
2025-12-28T16:03:07.097+01:00 DEBUG 157899 --- [smboutique-backend] [           main] tor$SharedEntityManagerInvocationHandler : Creating new EntityManager for shared EntityManager invocation
2025-12-28T16:03:07.098+01:00  WARN 157899 --- [smboutique-backend] [           main] org.hibernate.orm.deprecation            : HHH90000021: Encountered deprecated setting [javax.persistence.query.timeout], use [jakarta.persistence.query.timeout] instead
2025-12-28T16:03:07.098+01:00 DEBUG 157899 --- [smboutique-backend] [           main] org.hibernate.SQL                        : 
    select
        p1_0.id_permission,
        p1_0.description,
        p1_0.name 
    from
        permission p1_0 
    where
        p1_0.name=?
Hibernate: 
    select
        p1_0.id_permission,
        p1_0.description,
        p1_0.name 
    from
        permission p1_0 
    where
        p1_0.name=?
2025-12-28T16:03:07.100+01:00 DEBUG 157899 --- [smboutique-backend] [           main] tor$SharedEntityManagerInvocationHandler : Creating new EntityManager for shared EntityManager invocation
2025-12-28T16:03:07.101+01:00  WARN 157899 --- [smboutique-backend] [           main] org.hibernate.orm.deprecation            : HHH90000021: Encountered deprecated setting [javax.persistence.query.timeout], use [jakarta.persistence.query.timeout] instead
2025-12-28T16:03:07.102+01:00 DEBUG 157899 --- [smboutique-backend] [           main] org.hibernate.SQL                        : 
    select
        p1_0.id_permission,
        p1_0.description,
        p1_0.name 
    from
        permission p1_0 
    where
        p1_0.name=?
Hibernate: 
    select
        p1_0.id_permission,
        p1_0.description,
        p1_0.name 
    from
        permission p1_0 
    where
        p1_0.name=?
2025-12-28T16:03:07.103+01:00 DEBUG 157899 --- [smboutique-backend] [           main] tor$SharedEntityManagerInvocationHandler : Creating new EntityManager for shared EntityManager invocation
2025-12-28T16:03:07.104+01:00  WARN 157899 --- [smboutique-backend] [           main] org.hibernate.orm.deprecation            : HHH90000021: Encountered deprecated setting [javax.persistence.query.timeout], use [jakarta.persistence.query.timeout] instead
2025-12-28T16:03:07.105+01:00 DEBUG 157899 --- [smboutique-backend] [           main] org.hibernate.SQL                        : 
    select
        p1_0.id_permission,
        p1_0.description,
        p1_0.name 
    from
        permission p1_0 
    where
        p1_0.name=?
Hibernate: 
    select
        p1_0.id_permission,
        p1_0.description,
        p1_0.name 
    from
        permission p1_0 
    where
        p1_0.name=?
2025-12-28T16:03:07.107+01:00 DEBUG 157899 --- [smboutique-backend] [           main] tor$SharedEntityManagerInvocationHandler : Creating new EntityManager for shared EntityManager invocation
2025-12-28T16:03:07.108+01:00  WARN 157899 --- [smboutique-backend] [           main] org.hibernate.orm.deprecation            : HHH90000021: Encountered deprecated setting [javax.persistence.query.timeout], use [jakarta.persistence.query.timeout] instead
2025-12-28T16:03:07.109+01:00 DEBUG 157899 --- [smboutique-backend] [           main] org.hibernate.SQL                        : 
    select
        p1_0.id_permission,
        p1_0.description,
        p1_0.name 
    from
        permission p1_0 
    where
        p1_0.name=?
Hibernate: 
    select
        p1_0.id_permission,
        p1_0.description,
        p1_0.name 
    from
        permission p1_0 
    where
        p1_0.name=?
2025-12-28T16:03:07.112+01:00 DEBUG 157899 --- [smboutique-backend] [           main] tor$SharedEntityManagerInvocationHandler : Creating new EntityManager for shared EntityManager invocation
2025-12-28T16:03:07.112+01:00  WARN 157899 --- [smboutique-backend] [           main] org.hibernate.orm.deprecation            : HHH90000021: Encountered deprecated setting [javax.persistence.query.timeout], use [jakarta.persistence.query.timeout] instead
2025-12-28T16:03:07.114+01:00 DEBUG 157899 --- [smboutique-backend] [           main] org.hibernate.SQL                        : 
    select
        p1_0.id_permission,
        p1_0.description,
        p1_0.name 
    from
        permission p1_0 
    where
        p1_0.name=?
Hibernate: 
    select
        p1_0.id_permission,
        p1_0.description,
        p1_0.name 
    from
        permission p1_0 
    where
        p1_0.name=?
2025-12-28T16:03:07.117+01:00 DEBUG 157899 --- [smboutique-backend] [           main] tor$SharedEntityManagerInvocationHandler : Creating new EntityManager for shared EntityManager invocation
2025-12-28T16:03:07.117+01:00  WARN 157899 --- [smboutique-backend] [           main] org.hibernate.orm.deprecation            : HHH90000021: Encountered deprecated setting [javax.persistence.query.timeout], use [jakarta.persistence.query.timeout] instead
2025-12-28T16:03:07.118+01:00 DEBUG 157899 --- [smboutique-backend] [           main] org.hibernate.SQL                        : 
    select
        p1_0.id_permission,
        p1_0.description,
        p1_0.name 
    from
        permission p1_0 
    where
        p1_0.name=?
Hibernate: 
    select
        p1_0.id_permission,
        p1_0.description,
        p1_0.name 
    from
        permission p1_0 
    where
        p1_0.name=?
2025-12-28T16:03:07.120+01:00 DEBUG 157899 --- [smboutique-backend] [           main] tor$SharedEntityManagerInvocationHandler : Creating new EntityManager for shared EntityManager invocation
2025-12-28T16:03:07.121+01:00  WARN 157899 --- [smboutique-backend] [           main] org.hibernate.orm.deprecation            : HHH90000021: Encountered deprecated setting [javax.persistence.query.timeout], use [jakarta.persistence.query.timeout] instead
2025-12-28T16:03:07.122+01:00 DEBUG 157899 --- [smboutique-backend] [           main] org.hibernate.SQL                        : 
    select
        p1_0.id_permission,
        p1_0.description,
        p1_0.name 
    from
        permission p1_0 
    where
        p1_0.name=?
Hibernate: 
    select
        p1_0.id_permission,
        p1_0.description,
        p1_0.name 
    from
        permission p1_0 
    where
        p1_0.name=?
2025-12-28T16:03:07.124+01:00 DEBUG 157899 --- [smboutique-backend] [           main] tor$SharedEntityManagerInvocationHandler : Creating new EntityManager for shared EntityManager invocation
2025-12-28T16:03:07.124+01:00  WARN 157899 --- [smboutique-backend] [           main] org.hibernate.orm.deprecation            : HHH90000021: Encountered deprecated setting [javax.persistence.query.timeout], use [jakarta.persistence.query.timeout] instead
2025-12-28T16:03:07.125+01:00 DEBUG 157899 --- [smboutique-backend] [           main] org.hibernate.SQL                        : 
    select
        p1_0.id_permission,
        p1_0.description,
        p1_0.name 
    from
        permission p1_0 
    where
        p1_0.name=?
Hibernate: 
    select
        p1_0.id_permission,
        p1_0.description,
        p1_0.name 
    from
        permission p1_0 
    where
        p1_0.name=?
2025-12-28T16:03:07.127+01:00 DEBUG 157899 --- [smboutique-backend] [           main] tor$SharedEntityManagerInvocationHandler : Creating new EntityManager for shared EntityManager invocation
2025-12-28T16:03:07.127+01:00  WARN 157899 --- [smboutique-backend] [           main] org.hibernate.orm.deprecation            : HHH90000021: Encountered deprecated setting [javax.persistence.query.timeout], use [jakarta.persistence.query.timeout] instead
2025-12-28T16:03:07.129+01:00 DEBUG 157899 --- [smboutique-backend] [           main] org.hibernate.SQL                        : 
    select
        p1_0.id_permission,
        p1_0.description,
        p1_0.name 
    from
        permission p1_0 
    where
        p1_0.name=?
Hibernate: 
    select
        p1_0.id_permission,
        p1_0.description,
        p1_0.name 
    from
        permission p1_0 
    where
        p1_0.name=?
2025-12-28T16:03:07.130+01:00 DEBUG 157899 --- [smboutique-backend] [           main] tor$SharedEntityManagerInvocationHandler : Creating new EntityManager for shared EntityManager invocation
2025-12-28T16:03:07.131+01:00  WARN 157899 --- [smboutique-backend] [           main] org.hibernate.orm.deprecation            : HHH90000021: Encountered deprecated setting [javax.persistence.query.timeout], use [jakarta.persistence.query.timeout] instead
2025-12-28T16:03:07.132+01:00 DEBUG 157899 --- [smboutique-backend] [           main] org.hibernate.SQL                        : 
    select
        p1_0.id_permission,
        p1_0.description,
        p1_0.name 
    from
        permission p1_0 
    where
        p1_0.name=?
Hibernate: 
    select
        p1_0.id_permission,
        p1_0.description,
        p1_0.name 
    from
        permission p1_0 
    where
        p1_0.name=?
2025-12-28T16:03:07.134+01:00 DEBUG 157899 --- [smboutique-backend] [           main] tor$SharedEntityManagerInvocationHandler : Creating new EntityManager for shared EntityManager invocation
2025-12-28T16:03:07.135+01:00  WARN 157899 --- [smboutique-backend] [           main] org.hibernate.orm.deprecation            : HHH90000021: Encountered deprecated setting [javax.persistence.query.timeout], use [jakarta.persistence.query.timeout] instead
2025-12-28T16:03:07.136+01:00 DEBUG 157899 --- [smboutique-backend] [           main] org.hibernate.SQL                        : 
    select
        p1_0.id_permission,
        p1_0.description,
        p1_0.name 
    from
        permission p1_0 
    where
        p1_0.name=?
Hibernate: 
    select
        p1_0.id_permission,
        p1_0.description,
        p1_0.name 
    from
        permission p1_0 
    where
        p1_0.name=?
2025-12-28T16:03:07.139+01:00 DEBUG 157899 --- [smboutique-backend] [           main] tor$SharedEntityManagerInvocationHandler : Creating new EntityManager for shared EntityManager invocation
2025-12-28T16:03:07.139+01:00  WARN 157899 --- [smboutique-backend] [           main] org.hibernate.orm.deprecation            : HHH90000021: Encountered deprecated setting [javax.persistence.query.timeout], use [jakarta.persistence.query.timeout] instead
2025-12-28T16:03:07.141+01:00 DEBUG 157899 --- [smboutique-backend] [           main] org.hibernate.SQL                        : 
    select
        p1_0.id_permission,
        p1_0.description,
        p1_0.name 
    from
        permission p1_0 
    where
        p1_0.name=?
Hibernate: 
    select
        p1_0.id_permission,
        p1_0.description,
        p1_0.name 
    from
        permission p1_0 
    where
        p1_0.name=?
2025-12-28T16:03:07.143+01:00 DEBUG 157899 --- [smboutique-backend] [           main] tor$SharedEntityManagerInvocationHandler : Creating new EntityManager for shared EntityManager invocation
2025-12-28T16:03:07.143+01:00  WARN 157899 --- [smboutique-backend] [           main] org.hibernate.orm.deprecation            : HHH90000021: Encountered deprecated setting [javax.persistence.query.timeout], use [jakarta.persistence.query.timeout] instead
2025-12-28T16:03:07.144+01:00 DEBUG 157899 --- [smboutique-backend] [           main] org.hibernate.SQL                        : 
    select
        p1_0.id_permission,
        p1_0.description,
        p1_0.name 
    from
        permission p1_0 
    where
        p1_0.name=?
Hibernate: 
    select
        p1_0.id_permission,
        p1_0.description,
        p1_0.name 
    from
        permission p1_0 
    where
        p1_0.name=?
2025-12-28T16:03:07.146+01:00 DEBUG 157899 --- [smboutique-backend] [           main] tor$SharedEntityManagerInvocationHandler : Creating new EntityManager for shared EntityManager invocation
2025-12-28T16:03:07.147+01:00  WARN 157899 --- [smboutique-backend] [           main] org.hibernate.orm.deprecation            : HHH90000021: Encountered deprecated setting [javax.persistence.query.timeout], use [jakarta.persistence.query.timeout] instead
2025-12-28T16:03:07.148+01:00 DEBUG 157899 --- [smboutique-backend] [           main] org.hibernate.SQL                        : 
    select
        p1_0.id_permission,
        p1_0.description,
        p1_0.name 
    from
        permission p1_0 
    where
        p1_0.name=?
Hibernate: 
    select
        p1_0.id_permission,
        p1_0.description,
        p1_0.name 
    from
        permission p1_0 
    where
        p1_0.name=?
2025-12-28T16:03:07.150+01:00 DEBUG 157899 --- [smboutique-backend] [           main] tor$SharedEntityManagerInvocationHandler : Creating new EntityManager for shared EntityManager invocation
2025-12-28T16:03:07.150+01:00  WARN 157899 --- [smboutique-backend] [           main] org.hibernate.orm.deprecation            : HHH90000021: Encountered deprecated setting [javax.persistence.query.timeout], use [jakarta.persistence.query.timeout] instead
2025-12-28T16:03:07.151+01:00 DEBUG 157899 --- [smboutique-backend] [           main] org.hibernate.SQL                        : 
    select
        p1_0.id_permission,
        p1_0.description,
        p1_0.name 
    from
        permission p1_0 
    where
        p1_0.name=?
Hibernate: 
    select
        p1_0.id_permission,
        p1_0.description,
        p1_0.name 
    from
        permission p1_0 
    where
        p1_0.name=?
2025-12-28T16:03:07.153+01:00 DEBUG 157899 --- [smboutique-backend] [           main] tor$SharedEntityManagerInvocationHandler : Creating new EntityManager for shared EntityManager invocation
2025-12-28T16:03:07.154+01:00  WARN 157899 --- [smboutique-backend] [           main] org.hibernate.orm.deprecation            : HHH90000021: Encountered deprecated setting [javax.persistence.query.timeout], use [jakarta.persistence.query.timeout] instead
2025-12-28T16:03:07.155+01:00 DEBUG 157899 --- [smboutique-backend] [           main] org.hibernate.SQL                        : 
    select
        p1_0.id_permission,
        p1_0.description,
        p1_0.name 
    from
        permission p1_0 
    where
        p1_0.name=?
Hibernate: 
    select
        p1_0.id_permission,
        p1_0.description,
        p1_0.name 
    from
        permission p1_0 
    where
        p1_0.name=?
2025-12-28T16:03:07.157+01:00 DEBUG 157899 --- [smboutique-backend] [           main] tor$SharedEntityManagerInvocationHandler : Creating new EntityManager for shared EntityManager invocation
2025-12-28T16:03:07.158+01:00  WARN 157899 --- [smboutique-backend] [           main] org.hibernate.orm.deprecation            : HHH90000021: Encountered deprecated setting [javax.persistence.query.timeout], use [jakarta.persistence.query.timeout] instead
2025-12-28T16:03:07.159+01:00 DEBUG 157899 --- [smboutique-backend] [           main] org.hibernate.SQL                        : 
    select
        p1_0.id_permission,
        p1_0.description,
        p1_0.name 
    from
        permission p1_0 
    where
        p1_0.name=?
Hibernate: 
    select
        p1_0.id_permission,
        p1_0.description,
        p1_0.name 
    from
        permission p1_0 
    where
        p1_0.name=?
2025-12-28T16:03:07.161+01:00 DEBUG 157899 --- [smboutique-backend] [           main] tor$SharedEntityManagerInvocationHandler : Creating new EntityManager for shared EntityManager invocation
2025-12-28T16:03:07.161+01:00  WARN 157899 --- [smboutique-backend] [           main] org.hibernate.orm.deprecation            : HHH90000021: Encountered deprecated setting [javax.persistence.query.timeout], use [jakarta.persistence.query.timeout] instead
2025-12-28T16:03:07.163+01:00 DEBUG 157899 --- [smboutique-backend] [           main] org.hibernate.SQL                        : 
    select
        p1_0.id_permission,
        p1_0.description,
        p1_0.name 
    from
        permission p1_0 
    where
        p1_0.name=?
Hibernate: 
    select
        p1_0.id_permission,
        p1_0.description,
        p1_0.name 
    from
        permission p1_0 
    where
        p1_0.name=?
2025-12-28T16:03:07.165+01:00 DEBUG 157899 --- [smboutique-backend] [           main] tor$SharedEntityManagerInvocationHandler : Creating new EntityManager for shared EntityManager invocation
2025-12-28T16:03:07.165+01:00  WARN 157899 --- [smboutique-backend] [           main] org.hibernate.orm.deprecation            : HHH90000021: Encountered deprecated setting [javax.persistence.query.timeout], use [jakarta.persistence.query.timeout] instead
2025-12-28T16:03:07.166+01:00 DEBUG 157899 --- [smboutique-backend] [           main] org.hibernate.SQL                        : 
    select
        p1_0.id_permission,
        p1_0.description,
        p1_0.name 
    from
        permission p1_0 
    where
        p1_0.name=?
Hibernate: 
    select
        p1_0.id_permission,
        p1_0.description,
        p1_0.name 
    from
        permission p1_0 
    where
        p1_0.name=?
2025-12-28T16:03:07.168+01:00 DEBUG 157899 --- [smboutique-backend] [           main] tor$SharedEntityManagerInvocationHandler : Creating new EntityManager for shared EntityManager invocation
2025-12-28T16:03:07.168+01:00  WARN 157899 --- [smboutique-backend] [           main] org.hibernate.orm.deprecation            : HHH90000021: Encountered deprecated setting [javax.persistence.query.timeout], use [jakarta.persistence.query.timeout] instead
2025-12-28T16:03:07.169+01:00 DEBUG 157899 --- [smboutique-backend] [           main] org.hibernate.SQL                        : 
    select
        p1_0.id_permission,
        p1_0.description,
        p1_0.name 
    from
        permission p1_0 
    where
        p1_0.name=?
Hibernate: 
    select
        p1_0.id_permission,
        p1_0.description,
        p1_0.name 
    from
        permission p1_0 
    where
        p1_0.name=?
2025-12-28T16:03:07.171+01:00 DEBUG 157899 --- [smboutique-backend] [           main] tor$SharedEntityManagerInvocationHandler : Creating new EntityManager for shared EntityManager invocation
2025-12-28T16:03:07.172+01:00  WARN 157899 --- [smboutique-backend] [           main] org.hibernate.orm.deprecation            : HHH90000021: Encountered deprecated setting [javax.persistence.query.timeout], use [jakarta.persistence.query.timeout] instead
2025-12-28T16:03:07.173+01:00 DEBUG 157899 --- [smboutique-backend] [           main] org.hibernate.SQL                        : 
    select
        p1_0.id_permission,
        p1_0.description,
        p1_0.name 
    from
        permission p1_0 
    where
        p1_0.name=?
Hibernate: 
    select
        p1_0.id_permission,
        p1_0.description,
        p1_0.name 
    from
        permission p1_0 
    where
        p1_0.name=?
2025-12-28T16:03:07.175+01:00 DEBUG 157899 --- [smboutique-backend] [           main] tor$SharedEntityManagerInvocationHandler : Creating new EntityManager for shared EntityManager invocation
2025-12-28T16:03:07.175+01:00  WARN 157899 --- [smboutique-backend] [           main] org.hibernate.orm.deprecation            : HHH90000021: Encountered deprecated setting [javax.persistence.query.timeout], use [jakarta.persistence.query.timeout] instead
2025-12-28T16:03:07.176+01:00 DEBUG 157899 --- [smboutique-backend] [           main] org.hibernate.SQL                        : 
    select
        p1_0.id_permission,
        p1_0.description,
        p1_0.name 
    from
        permission p1_0 
    where
        p1_0.name=?
Hibernate: 
    select
        p1_0.id_permission,
        p1_0.description,
        p1_0.name 
    from
        permission p1_0 
    where
        p1_0.name=?
2025-12-28T16:03:07.178+01:00 DEBUG 157899 --- [smboutique-backend] [           main] tor$SharedEntityManagerInvocationHandler : Creating new EntityManager for shared EntityManager invocation
2025-12-28T16:03:07.179+01:00  WARN 157899 --- [smboutique-backend] [           main] org.hibernate.orm.deprecation            : HHH90000021: Encountered deprecated setting [javax.persistence.query.timeout], use [jakarta.persistence.query.timeout] instead
2025-12-28T16:03:07.180+01:00 DEBUG 157899 --- [smboutique-backend] [           main] org.hibernate.SQL                        : 
    select
        p1_0.id_permission,
        p1_0.description,
        p1_0.name 
    from
        permission p1_0 
    where
        p1_0.name=?
Hibernate: 
    select
        p1_0.id_permission,
        p1_0.description,
        p1_0.name 
    from
        permission p1_0 
    where
        p1_0.name=?
2025-12-28T16:03:07.182+01:00 DEBUG 157899 --- [smboutique-backend] [           main] tor$SharedEntityManagerInvocationHandler : Creating new EntityManager for shared EntityManager invocation
2025-12-28T16:03:07.182+01:00  WARN 157899 --- [smboutique-backend] [           main] org.hibernate.orm.deprecation            : HHH90000021: Encountered deprecated setting [javax.persistence.query.timeout], use [jakarta.persistence.query.timeout] instead
2025-12-28T16:03:07.183+01:00 DEBUG 157899 --- [smboutique-backend] [           main] org.hibernate.SQL                        : 
    select
        p1_0.id_permission,
        p1_0.description,
        p1_0.name 
    from
        permission p1_0 
    where
        p1_0.name=?
Hibernate: 
    select
        p1_0.id_permission,
        p1_0.description,
        p1_0.name 
    from
        permission p1_0 
    where
        p1_0.name=?
2025-12-28T16:03:07.185+01:00 DEBUG 157899 --- [smboutique-backend] [           main] tor$SharedEntityManagerInvocationHandler : Creating new EntityManager for shared EntityManager invocation
2025-12-28T16:03:07.186+01:00  WARN 157899 --- [smboutique-backend] [           main] org.hibernate.orm.deprecation            : HHH90000021: Encountered deprecated setting [javax.persistence.query.timeout], use [jakarta.persistence.query.timeout] instead
2025-12-28T16:03:07.187+01:00 DEBUG 157899 --- [smboutique-backend] [           main] org.hibernate.SQL                        : 
    select
        p1_0.id_permission,
        p1_0.description,
        p1_0.name 
    from
        permission p1_0 
    where
        p1_0.name=?
Hibernate: 
    select
        p1_0.id_permission,
        p1_0.description,
        p1_0.name 
    from
        permission p1_0 
    where
        p1_0.name=?
2025-12-28T16:03:07.189+01:00 DEBUG 157899 --- [smboutique-backend] [           main] tor$SharedEntityManagerInvocationHandler : Creating new EntityManager for shared EntityManager invocation
2025-12-28T16:03:07.190+01:00  WARN 157899 --- [smboutique-backend] [           main] org.hibernate.orm.deprecation            : HHH90000021: Encountered deprecated setting [javax.persistence.query.timeout], use [jakarta.persistence.query.timeout] instead
2025-12-28T16:03:07.191+01:00 DEBUG 157899 --- [smboutique-backend] [           main] org.hibernate.SQL                        : 
    select
        p1_0.id_permission,
        p1_0.description,
        p1_0.name 
    from
        permission p1_0 
    where
        p1_0.name=?
Hibernate: 
    select
        p1_0.id_permission,
        p1_0.description,
        p1_0.name 
    from
        permission p1_0 
    where
        p1_0.name=?
2025-12-28T16:03:07.194+01:00 DEBUG 157899 --- [smboutique-backend] [           main] tor$SharedEntityManagerInvocationHandler : Creating new EntityManager for shared EntityManager invocation
2025-12-28T16:03:07.194+01:00  WARN 157899 --- [smboutique-backend] [           main] org.hibernate.orm.deprecation            : HHH90000021: Encountered deprecated setting [javax.persistence.query.timeout], use [jakarta.persistence.query.timeout] instead
2025-12-28T16:03:07.196+01:00 DEBUG 157899 --- [smboutique-backend] [           main] org.hibernate.SQL                        : 
    select
        p1_0.id_permission,
        p1_0.description,
        p1_0.name 
    from
        permission p1_0 
    where
        p1_0.name=?
Hibernate: 
    select
        p1_0.id_permission,
        p1_0.description,
        p1_0.name 
    from
        permission p1_0 
    where
        p1_0.name=?
2025-12-28T16:03:07.198+01:00 DEBUG 157899 --- [smboutique-backend] [           main] tor$SharedEntityManagerInvocationHandler : Creating new EntityManager for shared EntityManager invocation
2025-12-28T16:03:07.198+01:00  WARN 157899 --- [smboutique-backend] [           main] org.hibernate.orm.deprecation            : HHH90000021: Encountered deprecated setting [javax.persistence.query.timeout], use [jakarta.persistence.query.timeout] instead
2025-12-28T16:03:07.199+01:00 DEBUG 157899 --- [smboutique-backend] [           main] org.hibernate.SQL                        : 
    select
        p1_0.id_permission,
        p1_0.description,
        p1_0.name 
    from
        permission p1_0 
    where
        p1_0.name=?
Hibernate: 
    select
        p1_0.id_permission,
        p1_0.description,
        p1_0.name 
    from
        permission p1_0 
    where
        p1_0.name=?
2025-12-28T16:03:07.201+01:00 DEBUG 157899 --- [smboutique-backend] [           main] o.s.orm.jpa.JpaTransactionManager        : Creating new transaction with name [org.springframework.data.jpa.repository.support.SimpleJpaRepository.save]: PROPAGATION_REQUIRED,ISOLATION_DEFAULT
2025-12-28T16:03:07.201+01:00 DEBUG 157899 --- [smboutique-backend] [           main] o.s.orm.jpa.JpaTransactionManager        : Opened new EntityManager [SessionImpl(1740507881<open>)] for JPA transaction
2025-12-28T16:03:07.202+01:00 DEBUG 157899 --- [smboutique-backend] [           main] o.s.orm.jpa.JpaTransactionManager        : Exposing JPA transaction as JDBC [org.springframework.orm.jpa.vendor.HibernateJpaDialect$HibernateConnectionHandle@8d70fd]
2025-12-28T16:03:07.202+01:00 DEBUG 157899 --- [smboutique-backend] [           main] org.hibernate.SQL                        : 
    insert 
    into
        role
        (description, name) 
    values
        (?, ?)
Hibernate: 
    insert 
    into
        role
        (description, name) 
    values
        (?, ?)
2025-12-28T16:03:07.204+01:00 DEBUG 157899 --- [smboutique-backend] [           main] o.s.orm.jpa.JpaTransactionManager        : Initiating transaction commit
2025-12-28T16:03:07.204+01:00 DEBUG 157899 --- [smboutique-backend] [           main] o.s.orm.jpa.JpaTransactionManager        : Committing JPA transaction on EntityManager [SessionImpl(1740507881<open>)]
2025-12-28T16:03:07.205+01:00 DEBUG 157899 --- [smboutique-backend] [           main] org.hibernate.SQL                        : 
    insert 
    into
        role_permissions
        (role_id, permission_id) 
    values
        (?, ?)
Hibernate: 
    insert 
    into
        role_permissions
        (role_id, permission_id) 
    values
        (?, ?)
2025-12-28T16:03:07.205+01:00 DEBUG 157899 --- [smboutique-backend] [           main] org.hibernate.SQL                        : 
    insert 
    into
        role_permissions
        (role_id, permission_id) 
    values
        (?, ?)
Hibernate: 
    insert 
    into
        role_permissions
        (role_id, permission_id) 
    values
        (?, ?)
2025-12-28T16:03:07.206+01:00 DEBUG 157899 --- [smboutique-backend] [           main] org.hibernate.SQL                        : 
    insert 
    into
        role_permissions
        (role_id, permission_id) 
    values
        (?, ?)
Hibernate: 
    insert 
    into
        role_permissions
        (role_id, permission_id) 
    values
        (?, ?)
2025-12-28T16:03:07.206+01:00 DEBUG 157899 --- [smboutique-backend] [           main] org.hibernate.SQL                        : 
    insert 
    into
        role_permissions
        (role_id, permission_id) 
    values
        (?, ?)
Hibernate: 
    insert 
    into
        role_permissions
        (role_id, permission_id) 
    values
        (?, ?)
2025-12-28T16:03:07.206+01:00 DEBUG 157899 --- [smboutique-backend] [           main] org.hibernate.SQL                        : 
    insert 
    into
        role_permissions
        (role_id, permission_id) 
    values
        (?, ?)
Hibernate: 
    insert 
    into
        role_permissions
        (role_id, permission_id) 
    values
        (?, ?)
2025-12-28T16:03:07.207+01:00 DEBUG 157899 --- [smboutique-backend] [           main] org.hibernate.SQL                        : 
    insert 
    into
        role_permissions
        (role_id, permission_id) 
    values
        (?, ?)
Hibernate: 
    insert 
    into
        role_permissions
        (role_id, permission_id) 
    values
        (?, ?)
2025-12-28T16:03:07.207+01:00 DEBUG 157899 --- [smboutique-backend] [           main] org.hibernate.SQL                        : 
    insert 
    into
        role_permissions
        (role_id, permission_id) 
    values
        (?, ?)
Hibernate: 
    insert 
    into
        role_permissions
        (role_id, permission_id) 
    values
        (?, ?)
2025-12-28T16:03:07.207+01:00 DEBUG 157899 --- [smboutique-backend] [           main] org.hibernate.SQL                        : 
    insert 
    into
        role_permissions
        (role_id, permission_id) 
    values
        (?, ?)
Hibernate: 
    insert 
    into
        role_permissions
        (role_id, permission_id) 
    values
        (?, ?)
2025-12-28T16:03:07.208+01:00 DEBUG 157899 --- [smboutique-backend] [           main] org.hibernate.SQL                        : 
    insert 
    into
        role_permissions
        (role_id, permission_id) 
    values
        (?, ?)
Hibernate: 
    insert 
    into
        role_permissions
        (role_id, permission_id) 
    values
        (?, ?)
2025-12-28T16:03:07.208+01:00 DEBUG 157899 --- [smboutique-backend] [           main] org.hibernate.SQL                        : 
    insert 
    into
        role_permissions
        (role_id, permission_id) 
    values
        (?, ?)
Hibernate: 
    insert 
    into
        role_permissions
        (role_id, permission_id) 
    values
        (?, ?)
2025-12-28T16:03:07.208+01:00 DEBUG 157899 --- [smboutique-backend] [           main] org.hibernate.SQL                        : 
    insert 
    into
        role_permissions
        (role_id, permission_id) 
    values
        (?, ?)
Hibernate: 
    insert 
    into
        role_permissions
        (role_id, permission_id) 
    values
        (?, ?)
2025-12-28T16:03:07.209+01:00 DEBUG 157899 --- [smboutique-backend] [           main] org.hibernate.SQL                        : 
    insert 
    into
        role_permissions
        (role_id, permission_id) 
    values
        (?, ?)
Hibernate: 
    insert 
    into
        role_permissions
        (role_id, permission_id) 
    values
        (?, ?)
2025-12-28T16:03:07.209+01:00 DEBUG 157899 --- [smboutique-backend] [           main] org.hibernate.SQL                        : 
    insert 
    into
        role_permissions
        (role_id, permission_id) 
    values
        (?, ?)
Hibernate: 
    insert 
    into
        role_permissions
        (role_id, permission_id) 
    values
        (?, ?)
2025-12-28T16:03:07.209+01:00 DEBUG 157899 --- [smboutique-backend] [           main] org.hibernate.SQL                        : 
    insert 
    into
        role_permissions
        (role_id, permission_id) 
    values
        (?, ?)
Hibernate: 
    insert 
    into
        role_permissions
        (role_id, permission_id) 
    values
        (?, ?)
2025-12-28T16:03:07.210+01:00 DEBUG 157899 --- [smboutique-backend] [           main] org.hibernate.SQL                        : 
    insert 
    into
        role_permissions
        (role_id, permission_id) 
    values
        (?, ?)
Hibernate: 
    insert 
    into
        role_permissions
        (role_id, permission_id) 
    values
        (?, ?)
2025-12-28T16:03:07.210+01:00 DEBUG 157899 --- [smboutique-backend] [           main] org.hibernate.SQL                        : 
    insert 
    into
        role_permissions
        (role_id, permission_id) 
    values
        (?, ?)
Hibernate: 
    insert 
    into
        role_permissions
        (role_id, permission_id) 
    values
        (?, ?)
2025-12-28T16:03:07.210+01:00 DEBUG 157899 --- [smboutique-backend] [           main] org.hibernate.SQL                        : 
    insert 
    into
        role_permissions
        (role_id, permission_id) 
    values
        (?, ?)
Hibernate: 
    insert 
    into
        role_permissions
        (role_id, permission_id) 
    values
        (?, ?)
2025-12-28T16:03:07.211+01:00 DEBUG 157899 --- [smboutique-backend] [           main] org.hibernate.SQL                        : 
    insert 
    into
        role_permissions
        (role_id, permission_id) 
    values
        (?, ?)
Hibernate: 
    insert 
    into
        role_permissions
        (role_id, permission_id) 
    values
        (?, ?)
2025-12-28T16:03:07.211+01:00 DEBUG 157899 --- [smboutique-backend] [           main] org.hibernate.SQL                        : 
    insert 
    into
        role_permissions
        (role_id, permission_id) 
    values
        (?, ?)
Hibernate: 
    insert 
    into
        role_permissions
        (role_id, permission_id) 
    values
        (?, ?)
2025-12-28T16:03:07.211+01:00 DEBUG 157899 --- [smboutique-backend] [           main] org.hibernate.SQL                        : 
    insert 
    into
        role_permissions
        (role_id, permission_id) 
    values
        (?, ?)
Hibernate: 
    insert 
    into
        role_permissions
        (role_id, permission_id) 
    values
        (?, ?)
2025-12-28T16:03:07.221+01:00 DEBUG 157899 --- [smboutique-backend] [           main] org.hibernate.SQL                        : 
    insert 
    into
        role_permissions
        (role_id, permission_id) 
    values
        (?, ?)
Hibernate: 
    insert 
    into
        role_permissions
        (role_id, permission_id) 
    values
        (?, ?)
2025-12-28T16:03:07.221+01:00 DEBUG 157899 --- [smboutique-backend] [           main] org.hibernate.SQL                        : 
    insert 
    into
        role_permissions
        (role_id, permission_id) 
    values
        (?, ?)
Hibernate: 
    insert 
    into
        role_permissions
        (role_id, permission_id) 
    values
        (?, ?)
2025-12-28T16:03:07.222+01:00 DEBUG 157899 --- [smboutique-backend] [           main] org.hibernate.SQL                        : 
    insert 
    into
        role_permissions
        (role_id, permission_id) 
    values
        (?, ?)
Hibernate: 
    insert 
    into
        role_permissions
        (role_id, permission_id) 
    values
        (?, ?)
2025-12-28T16:03:07.222+01:00 DEBUG 157899 --- [smboutique-backend] [           main] org.hibernate.SQL                        : 
    insert 
    into
        role_permissions
        (role_id, permission_id) 
    values
        (?, ?)
Hibernate: 
    insert 
    into
        role_permissions
        (role_id, permission_id) 
    values
        (?, ?)
2025-12-28T16:03:07.222+01:00 DEBUG 157899 --- [smboutique-backend] [           main] org.hibernate.SQL                        : 
    insert 
    into
        role_permissions
        (role_id, permission_id) 
    values
        (?, ?)
Hibernate: 
    insert 
    into
        role_permissions
        (role_id, permission_id) 
    values
        (?, ?)
2025-12-28T16:03:07.223+01:00 DEBUG 157899 --- [smboutique-backend] [           main] org.hibernate.SQL                        : 
    insert 
    into
        role_permissions
        (role_id, permission_id) 
    values
        (?, ?)
Hibernate: 
    insert 
    into
        role_permissions
        (role_id, permission_id) 
    values
        (?, ?)
2025-12-28T16:03:07.223+01:00 DEBUG 157899 --- [smboutique-backend] [           main] org.hibernate.SQL                        : 
    insert 
    into
        role_permissions
        (role_id, permission_id) 
    values
        (?, ?)
Hibernate: 
    insert 
    into
        role_permissions
        (role_id, permission_id) 
    values
        (?, ?)
2025-12-28T16:03:07.223+01:00 DEBUG 157899 --- [smboutique-backend] [           main] org.hibernate.SQL                        : 
    insert 
    into
        role_permissions
        (role_id, permission_id) 
    values
        (?, ?)
Hibernate: 
    insert 
    into
        role_permissions
        (role_id, permission_id) 
    values
        (?, ?)
2025-12-28T16:03:07.227+01:00 DEBUG 157899 --- [smboutique-backend] [           main] o.s.orm.jpa.JpaTransactionManager        : Closing JPA EntityManager [SessionImpl(1740507881<open>)] after transaction
2025-12-28T16:03:07.227+01:00 DEBUG 157899 --- [smboutique-backend] [           main] c.smboutique.api.config.DataInitializer  : Role ADMIN created with 28 permissions
2025-12-28T16:03:07.227+01:00 DEBUG 157899 --- [smboutique-backend] [           main] c.smboutique.api.config.DataInitializer  : Creating role: MANAGER
2025-12-28T16:03:07.227+01:00 DEBUG 157899 --- [smboutique-backend] [           main] tor$SharedEntityManagerInvocationHandler : Creating new EntityManager for shared EntityManager invocation
2025-12-28T16:03:07.228+01:00  WARN 157899 --- [smboutique-backend] [           main] org.hibernate.orm.deprecation            : HHH90000021: Encountered deprecated setting [javax.persistence.query.timeout], use [jakarta.persistence.query.timeout] instead
2025-12-28T16:03:07.229+01:00 DEBUG 157899 --- [smboutique-backend] [           main] org.hibernate.SQL                        : 
    select
        p1_0.id_permission,
        p1_0.description,
        p1_0.name 
    from
        permission p1_0 
    where
        p1_0.name=?
Hibernate: 
    select
        p1_0.id_permission,
        p1_0.description,
        p1_0.name 
    from
        permission p1_0 
    where
        p1_0.name=?
2025-12-28T16:03:07.231+01:00 DEBUG 157899 --- [smboutique-backend] [           main] tor$SharedEntityManagerInvocationHandler : Creating new EntityManager for shared EntityManager invocation
2025-12-28T16:03:07.231+01:00  WARN 157899 --- [smboutique-backend] [           main] org.hibernate.orm.deprecation            : HHH90000021: Encountered deprecated setting [javax.persistence.query.timeout], use [jakarta.persistence.query.timeout] instead
2025-12-28T16:03:07.232+01:00 DEBUG 157899 --- [smboutique-backend] [           main] org.hibernate.SQL                        : 
    select
        p1_0.id_permission,
        p1_0.description,
        p1_0.name 
    from
        permission p1_0 
    where
        p1_0.name=?
Hibernate: 
    select
        p1_0.id_permission,
        p1_0.description,
        p1_0.name 
    from
        permission p1_0 
    where
        p1_0.name=?
2025-12-28T16:03:07.234+01:00 DEBUG 157899 --- [smboutique-backend] [           main] tor$SharedEntityManagerInvocationHandler : Creating new EntityManager for shared EntityManager invocation
2025-12-28T16:03:07.234+01:00  WARN 157899 --- [smboutique-backend] [           main] org.hibernate.orm.deprecation            : HHH90000021: Encountered deprecated setting [javax.persistence.query.timeout], use [jakarta.persistence.query.timeout] instead
2025-12-28T16:03:07.235+01:00 DEBUG 157899 --- [smboutique-backend] [           main] org.hibernate.SQL                        : 
    select
        p1_0.id_permission,
        p1_0.description,
        p1_0.name 
    from
        permission p1_0 
    where
        p1_0.name=?
Hibernate: 
    select
        p1_0.id_permission,
        p1_0.description,
        p1_0.name 
    from
        permission p1_0 
    where
        p1_0.name=?
2025-12-28T16:03:07.237+01:00 DEBUG 157899 --- [smboutique-backend] [           main] tor$SharedEntityManagerInvocationHandler : Creating new EntityManager for shared EntityManager invocation
2025-12-28T16:03:07.238+01:00  WARN 157899 --- [smboutique-backend] [           main] org.hibernate.orm.deprecation            : HHH90000021: Encountered deprecated setting [javax.persistence.query.timeout], use [jakarta.persistence.query.timeout] instead
2025-12-28T16:03:07.239+01:00 DEBUG 157899 --- [smboutique-backend] [           main] org.hibernate.SQL                        : 
    select
        p1_0.id_permission,
        p1_0.description,
        p1_0.name 
    from
        permission p1_0 
    where
        p1_0.name=?
Hibernate: 
    select
        p1_0.id_permission,
        p1_0.description,
        p1_0.name 
    from
        permission p1_0 
    where
        p1_0.name=?
2025-12-28T16:03:07.241+01:00 DEBUG 157899 --- [smboutique-backend] [           main] tor$SharedEntityManagerInvocationHandler : Creating new EntityManager for shared EntityManager invocation
2025-12-28T16:03:07.241+01:00  WARN 157899 --- [smboutique-backend] [           main] org.hibernate.orm.deprecation            : HHH90000021: Encountered deprecated setting [javax.persistence.query.timeout], use [jakarta.persistence.query.timeout] instead
2025-12-28T16:03:07.242+01:00 DEBUG 157899 --- [smboutique-backend] [           main] org.hibernate.SQL                        : 
    select
        p1_0.id_permission,
        p1_0.description,
        p1_0.name 
    from
        permission p1_0 
    where
        p1_0.name=?
Hibernate: 
    select
        p1_0.id_permission,
        p1_0.description,
        p1_0.name 
    from
        permission p1_0 
    where
        p1_0.name=?
2025-12-28T16:03:07.244+01:00 DEBUG 157899 --- [smboutique-backend] [           main] tor$SharedEntityManagerInvocationHandler : Creating new EntityManager for shared EntityManager invocation
2025-12-28T16:03:07.245+01:00  WARN 157899 --- [smboutique-backend] [           main] org.hibernate.orm.deprecation            : HHH90000021: Encountered deprecated setting [javax.persistence.query.timeout], use [jakarta.persistence.query.timeout] instead
2025-12-28T16:03:07.246+01:00 DEBUG 157899 --- [smboutique-backend] [           main] org.hibernate.SQL                        : 
    select
        p1_0.id_permission,
        p1_0.description,
        p1_0.name 
    from
        permission p1_0 
    where
        p1_0.name=?
Hibernate: 
    select
        p1_0.id_permission,
        p1_0.description,
        p1_0.name 
    from
        permission p1_0 
    where
        p1_0.name=?
2025-12-28T16:03:07.248+01:00 DEBUG 157899 --- [smboutique-backend] [           main] tor$SharedEntityManagerInvocationHandler : Creating new EntityManager for shared EntityManager invocation
2025-12-28T16:03:07.249+01:00  WARN 157899 --- [smboutique-backend] [           main] org.hibernate.orm.deprecation            : HHH90000021: Encountered deprecated setting [javax.persistence.query.timeout], use [jakarta.persistence.query.timeout] instead
2025-12-28T16:03:07.250+01:00 DEBUG 157899 --- [smboutique-backend] [           main] org.hibernate.SQL                        : 
    select
        p1_0.id_permission,
        p1_0.description,
        p1_0.name 
    from
        permission p1_0 
    where
        p1_0.name=?
Hibernate: 
    select
        p1_0.id_permission,
        p1_0.description,
        p1_0.name 
    from
        permission p1_0 
    where
        p1_0.name=?
2025-12-28T16:03:07.252+01:00 DEBUG 157899 --- [smboutique-backend] [           main] tor$SharedEntityManagerInvocationHandler : Creating new EntityManager for shared EntityManager invocation
2025-12-28T16:03:07.253+01:00  WARN 157899 --- [smboutique-backend] [           main] org.hibernate.orm.deprecation            : HHH90000021: Encountered deprecated setting [javax.persistence.query.timeout], use [jakarta.persistence.query.timeout] instead
2025-12-28T16:03:07.254+01:00 DEBUG 157899 --- [smboutique-backend] [           main] org.hibernate.SQL                        : 
    select
        p1_0.id_permission,
        p1_0.description,
        p1_0.name 
    from
        permission p1_0 
    where
        p1_0.name=?
Hibernate: 
    select
        p1_0.id_permission,
        p1_0.description,
        p1_0.name 
    from
        permission p1_0 
    where
        p1_0.name=?
2025-12-28T16:03:07.256+01:00 DEBUG 157899 --- [smboutique-backend] [           main] tor$SharedEntityManagerInvocationHandler : Creating new EntityManager for shared EntityManager invocation
2025-12-28T16:03:07.257+01:00  WARN 157899 --- [smboutique-backend] [           main] org.hibernate.orm.deprecation            : HHH90000021: Encountered deprecated setting [javax.persistence.query.timeout], use [jakarta.persistence.query.timeout] instead
2025-12-28T16:03:07.258+01:00 DEBUG 157899 --- [smboutique-backend] [           main] org.hibernate.SQL                        : 
    select
        p1_0.id_permission,
        p1_0.description,
        p1_0.name 
    from
        permission p1_0 
    where
        p1_0.name=?
Hibernate: 
    select
        p1_0.id_permission,
        p1_0.description,
        p1_0.name 
    from
        permission p1_0 
    where
        p1_0.name=?
2025-12-28T16:03:07.260+01:00 DEBUG 157899 --- [smboutique-backend] [           main] tor$SharedEntityManagerInvocationHandler : Creating new EntityManager for shared EntityManager invocation
2025-12-28T16:03:07.261+01:00  WARN 157899 --- [smboutique-backend] [           main] org.hibernate.orm.deprecation            : HHH90000021: Encountered deprecated setting [javax.persistence.query.timeout], use [jakarta.persistence.query.timeout] instead
2025-12-28T16:03:07.262+01:00 DEBUG 157899 --- [smboutique-backend] [           main] org.hibernate.SQL                        : 
    select
        p1_0.id_permission,
        p1_0.description,
        p1_0.name 
    from
        permission p1_0 
    where
        p1_0.name=?
Hibernate: 
    select
        p1_0.id_permission,
        p1_0.description,
        p1_0.name 
    from
        permission p1_0 
    where
        p1_0.name=?
2025-12-28T16:03:07.264+01:00 DEBUG 157899 --- [smboutique-backend] [           main] tor$SharedEntityManagerInvocationHandler : Creating new EntityManager for shared EntityManager invocation
2025-12-28T16:03:07.264+01:00  WARN 157899 --- [smboutique-backend] [           main] org.hibernate.orm.deprecation            : HHH90000021: Encountered deprecated setting [javax.persistence.query.timeout], use [jakarta.persistence.query.timeout] instead
2025-12-28T16:03:07.265+01:00 DEBUG 157899 --- [smboutique-backend] [           main] org.hibernate.SQL                        : 
    select
        p1_0.id_permission,
        p1_0.description,
        p1_0.name 
    from
        permission p1_0 
    where
        p1_0.name=?
Hibernate: 
    select
        p1_0.id_permission,
        p1_0.description,
        p1_0.name 
    from
        permission p1_0 
    where
        p1_0.name=?
2025-12-28T16:03:07.267+01:00 DEBUG 157899 --- [smboutique-backend] [           main] tor$SharedEntityManagerInvocationHandler : Creating new EntityManager for shared EntityManager invocation
2025-12-28T16:03:07.268+01:00  WARN 157899 --- [smboutique-backend] [           main] org.hibernate.orm.deprecation            : HHH90000021: Encountered deprecated setting [javax.persistence.query.timeout], use [jakarta.persistence.query.timeout] instead
2025-12-28T16:03:07.269+01:00 DEBUG 157899 --- [smboutique-backend] [           main] org.hibernate.SQL                        : 
    select
        p1_0.id_permission,
        p1_0.description,
        p1_0.name 
    from
        permission p1_0 
    where
        p1_0.name=?
Hibernate: 
    select
        p1_0.id_permission,
        p1_0.description,
        p1_0.name 
    from
        permission p1_0 
    where
        p1_0.name=?
2025-12-28T16:03:07.271+01:00 DEBUG 157899 --- [smboutique-backend] [           main] tor$SharedEntityManagerInvocationHandler : Creating new EntityManager for shared EntityManager invocation
2025-12-28T16:03:07.272+01:00  WARN 157899 --- [smboutique-backend] [           main] org.hibernate.orm.deprecation            : HHH90000021: Encountered deprecated setting [javax.persistence.query.timeout], use [jakarta.persistence.query.timeout] instead
2025-12-28T16:03:07.273+01:00 DEBUG 157899 --- [smboutique-backend] [           main] org.hibernate.SQL                        : 
    select
        p1_0.id_permission,
        p1_0.description,
        p1_0.name 
    from
        permission p1_0 
    where
        p1_0.name=?
Hibernate: 
    select
        p1_0.id_permission,
        p1_0.description,
        p1_0.name 
    from
        permission p1_0 
    where
        p1_0.name=?
2025-12-28T16:03:07.275+01:00 DEBUG 157899 --- [smboutique-backend] [           main] tor$SharedEntityManagerInvocationHandler : Creating new EntityManager for shared EntityManager invocation
2025-12-28T16:03:07.275+01:00  WARN 157899 --- [smboutique-backend] [           main] org.hibernate.orm.deprecation            : HHH90000021: Encountered deprecated setting [javax.persistence.query.timeout], use [jakarta.persistence.query.timeout] instead
2025-12-28T16:03:07.276+01:00 DEBUG 157899 --- [smboutique-backend] [           main] org.hibernate.SQL                        : 
    select
        p1_0.id_permission,
        p1_0.description,
        p1_0.name 
    from
        permission p1_0 
    where
        p1_0.name=?
Hibernate: 
    select
        p1_0.id_permission,
        p1_0.description,
        p1_0.name 
    from
        permission p1_0 
    where
        p1_0.name=?
2025-12-28T16:03:07.278+01:00 DEBUG 157899 --- [smboutique-backend] [           main] tor$SharedEntityManagerInvocationHandler : Creating new EntityManager for shared EntityManager invocation
2025-12-28T16:03:07.278+01:00  WARN 157899 --- [smboutique-backend] [           main] org.hibernate.orm.deprecation            : HHH90000021: Encountered deprecated setting [javax.persistence.query.timeout], use [jakarta.persistence.query.timeout] instead
2025-12-28T16:03:07.280+01:00 DEBUG 157899 --- [smboutique-backend] [           main] org.hibernate.SQL                        : 
    select
        p1_0.id_permission,
        p1_0.description,
        p1_0.name 
    from
        permission p1_0 
    where
        p1_0.name=?
Hibernate: 
    select
        p1_0.id_permission,
        p1_0.description,
        p1_0.name 
    from
        permission p1_0 
    where
        p1_0.name=?
2025-12-28T16:03:07.282+01:00 DEBUG 157899 --- [smboutique-backend] [           main] tor$SharedEntityManagerInvocationHandler : Creating new EntityManager for shared EntityManager invocation
2025-12-28T16:03:07.282+01:00  WARN 157899 --- [smboutique-backend] [           main] org.hibernate.orm.deprecation            : HHH90000021: Encountered deprecated setting [javax.persistence.query.timeout], use [jakarta.persistence.query.timeout] instead
2025-12-28T16:03:07.283+01:00 DEBUG 157899 --- [smboutique-backend] [           main] org.hibernate.SQL                        : 
    select
        p1_0.id_permission,
        p1_0.description,
        p1_0.name 
    from
        permission p1_0 
    where
        p1_0.name=?
Hibernate: 
    select
        p1_0.id_permission,
        p1_0.description,
        p1_0.name 
    from
        permission p1_0 
    where
        p1_0.name=?
2025-12-28T16:03:07.285+01:00 DEBUG 157899 --- [smboutique-backend] [           main] o.s.orm.jpa.JpaTransactionManager        : Creating new transaction with name [org.springframework.data.jpa.repository.support.SimpleJpaRepository.save]: PROPAGATION_REQUIRED,ISOLATION_DEFAULT
2025-12-28T16:03:07.286+01:00 DEBUG 157899 --- [smboutique-backend] [           main] o.s.orm.jpa.JpaTransactionManager        : Opened new EntityManager [SessionImpl(1026182168<open>)] for JPA transaction
2025-12-28T16:03:07.286+01:00 DEBUG 157899 --- [smboutique-backend] [           main] o.s.orm.jpa.JpaTransactionManager        : Exposing JPA transaction as JDBC [org.springframework.orm.jpa.vendor.HibernateJpaDialect$HibernateConnectionHandle@f6f5188]
2025-12-28T16:03:07.287+01:00 DEBUG 157899 --- [smboutique-backend] [           main] org.hibernate.SQL                        : 
    insert 
    into
        role
        (description, name) 
    values
        (?, ?)
Hibernate: 
    insert 
    into
        role
        (description, name) 
    values
        (?, ?)
2025-12-28T16:03:07.288+01:00 DEBUG 157899 --- [smboutique-backend] [           main] o.s.orm.jpa.JpaTransactionManager        : Initiating transaction commit
2025-12-28T16:03:07.288+01:00 DEBUG 157899 --- [smboutique-backend] [           main] o.s.orm.jpa.JpaTransactionManager        : Committing JPA transaction on EntityManager [SessionImpl(1026182168<open>)]
2025-12-28T16:03:07.289+01:00 DEBUG 157899 --- [smboutique-backend] [           main] org.hibernate.SQL                        : 
    insert 
    into
        role_permissions
        (role_id, permission_id) 
    values
        (?, ?)
Hibernate: 
    insert 
    into
        role_permissions
        (role_id, permission_id) 
    values
        (?, ?)
2025-12-28T16:03:07.289+01:00 DEBUG 157899 --- [smboutique-backend] [           main] org.hibernate.SQL                        : 
    insert 
    into
        role_permissions
        (role_id, permission_id) 
    values
        (?, ?)
Hibernate: 
    insert 
    into
        role_permissions
        (role_id, permission_id) 
    values
        (?, ?)
2025-12-28T16:03:07.289+01:00 DEBUG 157899 --- [smboutique-backend] [           main] org.hibernate.SQL                        : 
    insert 
    into
        role_permissions
        (role_id, permission_id) 
    values
        (?, ?)
Hibernate: 
    insert 
    into
        role_permissions
        (role_id, permission_id) 
    values
        (?, ?)
2025-12-28T16:03:07.290+01:00 DEBUG 157899 --- [smboutique-backend] [           main] org.hibernate.SQL                        : 
    insert 
    into
        role_permissions
        (role_id, permission_id) 
    values
        (?, ?)
Hibernate: 
    insert 
    into
        role_permissions
        (role_id, permission_id) 
    values
        (?, ?)
2025-12-28T16:03:07.290+01:00 DEBUG 157899 --- [smboutique-backend] [           main] org.hibernate.SQL                        : 
    insert 
    into
        role_permissions
        (role_id, permission_id) 
    values
        (?, ?)
Hibernate: 
    insert 
    into
        role_permissions
        (role_id, permission_id) 
    values
        (?, ?)
2025-12-28T16:03:07.290+01:00 DEBUG 157899 --- [smboutique-backend] [           main] org.hibernate.SQL                        : 
    insert 
    into
        role_permissions
        (role_id, permission_id) 
    values
        (?, ?)
Hibernate: 
    insert 
    into
        role_permissions
        (role_id, permission_id) 
    values
        (?, ?)
2025-12-28T16:03:07.290+01:00 DEBUG 157899 --- [smboutique-backend] [           main] org.hibernate.SQL                        : 
    insert 
    into
        role_permissions
        (role_id, permission_id) 
    values
        (?, ?)
Hibernate: 
    insert 
    into
        role_permissions
        (role_id, permission_id) 
    values
        (?, ?)
2025-12-28T16:03:07.290+01:00 DEBUG 157899 --- [smboutique-backend] [           main] org.hibernate.SQL                        : 
    insert 
    into
        role_permissions
        (role_id, permission_id) 
    values
        (?, ?)
Hibernate: 
    insert 
    into
        role_permissions
        (role_id, permission_id) 
    values
        (?, ?)
2025-12-28T16:03:07.290+01:00 DEBUG 157899 --- [smboutique-backend] [           main] org.hibernate.SQL                        : 
    insert 
    into
        role_permissions
        (role_id, permission_id) 
    values
        (?, ?)
Hibernate: 
    insert 
    into
        role_permissions
        (role_id, permission_id) 
    values
        (?, ?)
2025-12-28T16:03:07.291+01:00 DEBUG 157899 --- [smboutique-backend] [           main] org.hibernate.SQL                        : 
    insert 
    into
        role_permissions
        (role_id, permission_id) 
    values
        (?, ?)
Hibernate: 
    insert 
    into
        role_permissions
        (role_id, permission_id) 
    values
        (?, ?)
2025-12-28T16:03:07.291+01:00 DEBUG 157899 --- [smboutique-backend] [           main] org.hibernate.SQL                        : 
    insert 
    into
        role_permissions
        (role_id, permission_id) 
    values
        (?, ?)
Hibernate: 
    insert 
    into
        role_permissions
        (role_id, permission_id) 
    values
        (?, ?)
2025-12-28T16:03:07.291+01:00 DEBUG 157899 --- [smboutique-backend] [           main] org.hibernate.SQL                        : 
    insert 
    into
        role_permissions
        (role_id, permission_id) 
    values
        (?, ?)
Hibernate: 
    insert 
    into
        role_permissions
        (role_id, permission_id) 
    values
        (?, ?)
2025-12-28T16:03:07.291+01:00 DEBUG 157899 --- [smboutique-backend] [           main] org.hibernate.SQL                        : 
    insert 
    into
        role_permissions
        (role_id, permission_id) 
    values
        (?, ?)
Hibernate: 
    insert 
    into
        role_permissions
        (role_id, permission_id) 
    values
        (?, ?)
2025-12-28T16:03:07.291+01:00 DEBUG 157899 --- [smboutique-backend] [           main] org.hibernate.SQL                        : 
    insert 
    into
        role_permissions
        (role_id, permission_id) 
    values
        (?, ?)
Hibernate: 
    insert 
    into
        role_permissions
        (role_id, permission_id) 
    values
        (?, ?)
2025-12-28T16:03:07.292+01:00 DEBUG 157899 --- [smboutique-backend] [           main] org.hibernate.SQL                        : 
    insert 
    into
        role_permissions
        (role_id, permission_id) 
    values
        (?, ?)
Hibernate: 
    insert 
    into
        role_permissions
        (role_id, permission_id) 
    values
        (?, ?)
2025-12-28T16:03:07.292+01:00 DEBUG 157899 --- [smboutique-backend] [           main] org.hibernate.SQL                        : 
    insert 
    into
        role_permissions
        (role_id, permission_id) 
    values
        (?, ?)
Hibernate: 
    insert 
    into
        role_permissions
        (role_id, permission_id) 
    values
        (?, ?)
2025-12-28T16:03:07.299+01:00 DEBUG 157899 --- [smboutique-backend] [           main] o.s.orm.jpa.JpaTransactionManager        : Closing JPA EntityManager [SessionImpl(1026182168<open>)] after transaction
2025-12-28T16:03:07.299+01:00 DEBUG 157899 --- [smboutique-backend] [           main] c.smboutique.api.config.DataInitializer  : Role MANAGER created with 16 permissions
2025-12-28T16:03:07.299+01:00 DEBUG 157899 --- [smboutique-backend] [           main] c.smboutique.api.config.DataInitializer  : Creating role: STOREKEEPER
2025-12-28T16:03:07.300+01:00 DEBUG 157899 --- [smboutique-backend] [           main] tor$SharedEntityManagerInvocationHandler : Creating new EntityManager for shared EntityManager invocation
2025-12-28T16:03:07.300+01:00  WARN 157899 --- [smboutique-backend] [           main] org.hibernate.orm.deprecation            : HHH90000021: Encountered deprecated setting [javax.persistence.query.timeout], use [jakarta.persistence.query.timeout] instead
2025-12-28T16:03:07.301+01:00 DEBUG 157899 --- [smboutique-backend] [           main] org.hibernate.SQL                        : 
    select
        p1_0.id_permission,
        p1_0.description,
        p1_0.name 
    from
        permission p1_0 
    where
        p1_0.name=?
Hibernate: 
    select
        p1_0.id_permission,
        p1_0.description,
        p1_0.name 
    from
        permission p1_0 
    where
        p1_0.name=?
2025-12-28T16:03:07.303+01:00 DEBUG 157899 --- [smboutique-backend] [           main] tor$SharedEntityManagerInvocationHandler : Creating new EntityManager for shared EntityManager invocation
2025-12-28T16:03:07.303+01:00  WARN 157899 --- [smboutique-backend] [           main] org.hibernate.orm.deprecation            : HHH90000021: Encountered deprecated setting [javax.persistence.query.timeout], use [jakarta.persistence.query.timeout] instead
2025-12-28T16:03:07.304+01:00 DEBUG 157899 --- [smboutique-backend] [           main] org.hibernate.SQL                        : 
    select
        p1_0.id_permission,
        p1_0.description,
        p1_0.name 
    from
        permission p1_0 
    where
        p1_0.name=?
Hibernate: 
    select
        p1_0.id_permission,
        p1_0.description,
        p1_0.name 
    from
        permission p1_0 
    where
        p1_0.name=?
2025-12-28T16:03:07.306+01:00 DEBUG 157899 --- [smboutique-backend] [           main] tor$SharedEntityManagerInvocationHandler : Creating new EntityManager for shared EntityManager invocation
2025-12-28T16:03:07.307+01:00  WARN 157899 --- [smboutique-backend] [           main] org.hibernate.orm.deprecation            : HHH90000021: Encountered deprecated setting [javax.persistence.query.timeout], use [jakarta.persistence.query.timeout] instead
2025-12-28T16:03:07.307+01:00 DEBUG 157899 --- [smboutique-backend] [           main] org.hibernate.SQL                        : 
    select
        p1_0.id_permission,
        p1_0.description,
        p1_0.name 
    from
        permission p1_0 
    where
        p1_0.name=?
Hibernate: 
    select
        p1_0.id_permission,
        p1_0.description,
        p1_0.name 
    from
        permission p1_0 
    where
        p1_0.name=?
2025-12-28T16:03:07.309+01:00 DEBUG 157899 --- [smboutique-backend] [           main] tor$SharedEntityManagerInvocationHandler : Creating new EntityManager for shared EntityManager invocation
2025-12-28T16:03:07.310+01:00  WARN 157899 --- [smboutique-backend] [           main] org.hibernate.orm.deprecation            : HHH90000021: Encountered deprecated setting [javax.persistence.query.timeout], use [jakarta.persistence.query.timeout] instead
2025-12-28T16:03:07.311+01:00 DEBUG 157899 --- [smboutique-backend] [           main] org.hibernate.SQL                        : 
    select
        p1_0.id_permission,
        p1_0.description,
        p1_0.name 
    from
        permission p1_0 
    where
        p1_0.name=?
Hibernate: 
    select
        p1_0.id_permission,
        p1_0.description,
        p1_0.name 
    from
        permission p1_0 
    where
        p1_0.name=?
2025-12-28T16:03:07.313+01:00 DEBUG 157899 --- [smboutique-backend] [           main] tor$SharedEntityManagerInvocationHandler : Creating new EntityManager for shared EntityManager invocation
2025-12-28T16:03:07.313+01:00  WARN 157899 --- [smboutique-backend] [           main] org.hibernate.orm.deprecation            : HHH90000021: Encountered deprecated setting [javax.persistence.query.timeout], use [jakarta.persistence.query.timeout] instead
2025-12-28T16:03:07.314+01:00 DEBUG 157899 --- [smboutique-backend] [           main] org.hibernate.SQL                        : 
    select
        p1_0.id_permission,
        p1_0.description,
        p1_0.name 
    from
        permission p1_0 
    where
        p1_0.name=?
Hibernate: 
    select
        p1_0.id_permission,
        p1_0.description,
        p1_0.name 
    from
        permission p1_0 
    where
        p1_0.name=?
2025-12-28T16:03:07.317+01:00 DEBUG 157899 --- [smboutique-backend] [           main] tor$SharedEntityManagerInvocationHandler : Creating new EntityManager for shared EntityManager invocation
2025-12-28T16:03:07.317+01:00  WARN 157899 --- [smboutique-backend] [           main] org.hibernate.orm.deprecation            : HHH90000021: Encountered deprecated setting [javax.persistence.query.timeout], use [jakarta.persistence.query.timeout] instead
2025-12-28T16:03:07.318+01:00 DEBUG 157899 --- [smboutique-backend] [           main] org.hibernate.SQL                        : 
    select
        p1_0.id_permission,
        p1_0.description,
        p1_0.name 
    from
        permission p1_0 
    where
        p1_0.name=?
Hibernate: 
    select
        p1_0.id_permission,
        p1_0.description,
        p1_0.name 
    from
        permission p1_0 
    where
        p1_0.name=?
2025-12-28T16:03:07.320+01:00 DEBUG 157899 --- [smboutique-backend] [           main] o.s.orm.jpa.JpaTransactionManager        : Creating new transaction with name [org.springframework.data.jpa.repository.support.SimpleJpaRepository.save]: PROPAGATION_REQUIRED,ISOLATION_DEFAULT
2025-12-28T16:03:07.321+01:00 DEBUG 157899 --- [smboutique-backend] [           main] o.s.orm.jpa.JpaTransactionManager        : Opened new EntityManager [SessionImpl(1500960120<open>)] for JPA transaction
2025-12-28T16:03:07.321+01:00 DEBUG 157899 --- [smboutique-backend] [           main] o.s.orm.jpa.JpaTransactionManager        : Exposing JPA transaction as JDBC [org.springframework.orm.jpa.vendor.HibernateJpaDialect$HibernateConnectionHandle@574dfb11]
2025-12-28T16:03:07.322+01:00 DEBUG 157899 --- [smboutique-backend] [           main] org.hibernate.SQL                        : 
    insert 
    into
        role
        (description, name) 
    values
        (?, ?)
Hibernate: 
    insert 
    into
        role
        (description, name) 
    values
        (?, ?)
2025-12-28T16:03:07.323+01:00 DEBUG 157899 --- [smboutique-backend] [           main] o.s.orm.jpa.JpaTransactionManager        : Initiating transaction commit
2025-12-28T16:03:07.323+01:00 DEBUG 157899 --- [smboutique-backend] [           main] o.s.orm.jpa.JpaTransactionManager        : Committing JPA transaction on EntityManager [SessionImpl(1500960120<open>)]
2025-12-28T16:03:07.324+01:00 DEBUG 157899 --- [smboutique-backend] [           main] org.hibernate.SQL                        : 
    insert 
    into
        role_permissions
        (role_id, permission_id) 
    values
        (?, ?)
Hibernate: 
    insert 
    into
        role_permissions
        (role_id, permission_id) 
    values
        (?, ?)
2025-12-28T16:03:07.324+01:00 DEBUG 157899 --- [smboutique-backend] [           main] org.hibernate.SQL                        : 
    insert 
    into
        role_permissions
        (role_id, permission_id) 
    values
        (?, ?)
Hibernate: 
    insert 
    into
        role_permissions
        (role_id, permission_id) 
    values
        (?, ?)
2025-12-28T16:03:07.324+01:00 DEBUG 157899 --- [smboutique-backend] [           main] org.hibernate.SQL                        : 
    insert 
    into
        role_permissions
        (role_id, permission_id) 
    values
        (?, ?)
Hibernate: 
    insert 
    into
        role_permissions
        (role_id, permission_id) 
    values
        (?, ?)
2025-12-28T16:03:07.324+01:00 DEBUG 157899 --- [smboutique-backend] [           main] org.hibernate.SQL                        : 
    insert 
    into
        role_permissions
        (role_id, permission_id) 
    values
        (?, ?)
Hibernate: 
    insert 
    into
        role_permissions
        (role_id, permission_id) 
    values
        (?, ?)
2025-12-28T16:03:07.324+01:00 DEBUG 157899 --- [smboutique-backend] [           main] org.hibernate.SQL                        : 
    insert 
    into
        role_permissions
        (role_id, permission_id) 
    values
        (?, ?)
Hibernate: 
    insert 
    into
        role_permissions
        (role_id, permission_id) 
    values
        (?, ?)
2025-12-28T16:03:07.325+01:00 DEBUG 157899 --- [smboutique-backend] [           main] org.hibernate.SQL                        : 
    insert 
    into
        role_permissions
        (role_id, permission_id) 
    values
        (?, ?)
Hibernate: 
    insert 
    into
        role_permissions
        (role_id, permission_id) 
    values
        (?, ?)
2025-12-28T16:03:07.328+01:00 DEBUG 157899 --- [smboutique-backend] [           main] o.s.orm.jpa.JpaTransactionManager        : Closing JPA EntityManager [SessionImpl(1500960120<open>)] after transaction
2025-12-28T16:03:07.329+01:00 DEBUG 157899 --- [smboutique-backend] [           main] c.smboutique.api.config.DataInitializer  : Role STOREKEEPER created with 6 permissions
2025-12-28T16:03:07.329+01:00 DEBUG 157899 --- [smboutique-backend] [           main] c.smboutique.api.config.DataInitializer  : Creating role: CASHIER
2025-12-28T16:03:07.329+01:00 DEBUG 157899 --- [smboutique-backend] [           main] tor$SharedEntityManagerInvocationHandler : Creating new EntityManager for shared EntityManager invocation
2025-12-28T16:03:07.329+01:00  WARN 157899 --- [smboutique-backend] [           main] org.hibernate.orm.deprecation            : HHH90000021: Encountered deprecated setting [javax.persistence.query.timeout], use [jakarta.persistence.query.timeout] instead
2025-12-28T16:03:07.331+01:00 DEBUG 157899 --- [smboutique-backend] [           main] org.hibernate.SQL                        : 
    select
        p1_0.id_permission,
        p1_0.description,
        p1_0.name 
    from
        permission p1_0 
    where
        p1_0.name=?
Hibernate: 
    select
        p1_0.id_permission,
        p1_0.description,
        p1_0.name 
    from
        permission p1_0 
    where
        p1_0.name=?
2025-12-28T16:03:07.333+01:00 DEBUG 157899 --- [smboutique-backend] [           main] tor$SharedEntityManagerInvocationHandler : Creating new EntityManager for shared EntityManager invocation
2025-12-28T16:03:07.333+01:00  WARN 157899 --- [smboutique-backend] [           main] org.hibernate.orm.deprecation            : HHH90000021: Encountered deprecated setting [javax.persistence.query.timeout], use [jakarta.persistence.query.timeout] instead
2025-12-28T16:03:07.334+01:00 DEBUG 157899 --- [smboutique-backend] [           main] org.hibernate.SQL                        : 
    select
        p1_0.id_permission,
        p1_0.description,
        p1_0.name 
    from
        permission p1_0 
    where
        p1_0.name=?
Hibernate: 
    select
        p1_0.id_permission,
        p1_0.description,
        p1_0.name 
    from
        permission p1_0 
    where
        p1_0.name=?
2025-12-28T16:03:07.336+01:00 DEBUG 157899 --- [smboutique-backend] [           main] tor$SharedEntityManagerInvocationHandler : Creating new EntityManager for shared EntityManager invocation
2025-12-28T16:03:07.336+01:00  WARN 157899 --- [smboutique-backend] [           main] org.hibernate.orm.deprecation            : HHH90000021: Encountered deprecated setting [javax.persistence.query.timeout], use [jakarta.persistence.query.timeout] instead
2025-12-28T16:03:07.337+01:00 DEBUG 157899 --- [smboutique-backend] [           main] org.hibernate.SQL                        : 
    select
        p1_0.id_permission,
        p1_0.description,
        p1_0.name 
    from
        permission p1_0 
    where
        p1_0.name=?
Hibernate: 
    select
        p1_0.id_permission,
        p1_0.description,
        p1_0.name 
    from
        permission p1_0 
    where
        p1_0.name=?
2025-12-28T16:03:07.339+01:00 DEBUG 157899 --- [smboutique-backend] [           main] tor$SharedEntityManagerInvocationHandler : Creating new EntityManager for shared EntityManager invocation
2025-12-28T16:03:07.340+01:00  WARN 157899 --- [smboutique-backend] [           main] org.hibernate.orm.deprecation            : HHH90000021: Encountered deprecated setting [javax.persistence.query.timeout], use [jakarta.persistence.query.timeout] instead
2025-12-28T16:03:07.341+01:00 DEBUG 157899 --- [smboutique-backend] [           main] org.hibernate.SQL                        : 
    select
        p1_0.id_permission,
        p1_0.description,
        p1_0.name 
    from
        permission p1_0 
    where
        p1_0.name=?
Hibernate: 
    select
        p1_0.id_permission,
        p1_0.description,
        p1_0.name 
    from
        permission p1_0 
    where
        p1_0.name=?
2025-12-28T16:03:07.343+01:00 DEBUG 157899 --- [smboutique-backend] [           main] tor$SharedEntityManagerInvocationHandler : Creating new EntityManager for shared EntityManager invocation
2025-12-28T16:03:07.343+01:00  WARN 157899 --- [smboutique-backend] [           main] org.hibernate.orm.deprecation            : HHH90000021: Encountered deprecated setting [javax.persistence.query.timeout], use [jakarta.persistence.query.timeout] instead
2025-12-28T16:03:07.345+01:00 DEBUG 157899 --- [smboutique-backend] [           main] org.hibernate.SQL                        : 
    select
        p1_0.id_permission,
        p1_0.description,
        p1_0.name 
    from
        permission p1_0 
    where
        p1_0.name=?
Hibernate: 
    select
        p1_0.id_permission,
        p1_0.description,
        p1_0.name 
    from
        permission p1_0 
    where
        p1_0.name=?
2025-12-28T16:03:07.347+01:00 DEBUG 157899 --- [smboutique-backend] [           main] tor$SharedEntityManagerInvocationHandler : Creating new EntityManager for shared EntityManager invocation
2025-12-28T16:03:07.347+01:00  WARN 157899 --- [smboutique-backend] [           main] org.hibernate.orm.deprecation            : HHH90000021: Encountered deprecated setting [javax.persistence.query.timeout], use [jakarta.persistence.query.timeout] instead
2025-12-28T16:03:07.348+01:00 DEBUG 157899 --- [smboutique-backend] [           main] org.hibernate.SQL                        : 
    select
        p1_0.id_permission,
        p1_0.description,
        p1_0.name 
    from
        permission p1_0 
    where
        p1_0.name=?
Hibernate: 
    select
        p1_0.id_permission,
        p1_0.description,
        p1_0.name 
    from
        permission p1_0 
    where
        p1_0.name=?
2025-12-28T16:03:07.350+01:00 DEBUG 157899 --- [smboutique-backend] [           main] tor$SharedEntityManagerInvocationHandler : Creating new EntityManager for shared EntityManager invocation
2025-12-28T16:03:07.350+01:00  WARN 157899 --- [smboutique-backend] [           main] org.hibernate.orm.deprecation            : HHH90000021: Encountered deprecated setting [javax.persistence.query.timeout], use [jakarta.persistence.query.timeout] instead
2025-12-28T16:03:07.351+01:00 DEBUG 157899 --- [smboutique-backend] [           main] org.hibernate.SQL                        : 
    select
        p1_0.id_permission,
        p1_0.description,
        p1_0.name 
    from
        permission p1_0 
    where
        p1_0.name=?
Hibernate: 
    select
        p1_0.id_permission,
        p1_0.description,
        p1_0.name 
    from
        permission p1_0 
    where
        p1_0.name=?
2025-12-28T16:03:07.353+01:00 DEBUG 157899 --- [smboutique-backend] [           main] tor$SharedEntityManagerInvocationHandler : Creating new EntityManager for shared EntityManager invocation
2025-12-28T16:03:07.354+01:00  WARN 157899 --- [smboutique-backend] [           main] org.hibernate.orm.deprecation            : HHH90000021: Encountered deprecated setting [javax.persistence.query.timeout], use [jakarta.persistence.query.timeout] instead
2025-12-28T16:03:07.354+01:00 DEBUG 157899 --- [smboutique-backend] [           main] org.hibernate.SQL                        : 
    select
        p1_0.id_permission,
        p1_0.description,
        p1_0.name 
    from
        permission p1_0 
    where
        p1_0.name=?
Hibernate: 
    select
        p1_0.id_permission,
        p1_0.description,
        p1_0.name 
    from
        permission p1_0 
    where
        p1_0.name=?
2025-12-28T16:03:07.356+01:00 DEBUG 157899 --- [smboutique-backend] [           main] o.s.orm.jpa.JpaTransactionManager        : Creating new transaction with name [org.springframework.data.jpa.repository.support.SimpleJpaRepository.save]: PROPAGATION_REQUIRED,ISOLATION_DEFAULT
2025-12-28T16:03:07.357+01:00 DEBUG 157899 --- [smboutique-backend] [           main] o.s.orm.jpa.JpaTransactionManager        : Opened new EntityManager [SessionImpl(438765436<open>)] for JPA transaction
2025-12-28T16:03:07.357+01:00 DEBUG 157899 --- [smboutique-backend] [           main] o.s.orm.jpa.JpaTransactionManager        : Exposing JPA transaction as JDBC [org.springframework.orm.jpa.vendor.HibernateJpaDialect$HibernateConnectionHandle@62f5d080]
2025-12-28T16:03:07.358+01:00 DEBUG 157899 --- [smboutique-backend] [           main] org.hibernate.SQL                        : 
    insert 
    into
        role
        (description, name) 
    values
        (?, ?)
Hibernate: 
    insert 
    into
        role
        (description, name) 
    values
        (?, ?)
2025-12-28T16:03:07.359+01:00 DEBUG 157899 --- [smboutique-backend] [           main] o.s.orm.jpa.JpaTransactionManager        : Initiating transaction commit
2025-12-28T16:03:07.359+01:00 DEBUG 157899 --- [smboutique-backend] [           main] o.s.orm.jpa.JpaTransactionManager        : Committing JPA transaction on EntityManager [SessionImpl(438765436<open>)]
2025-12-28T16:03:07.360+01:00 DEBUG 157899 --- [smboutique-backend] [           main] org.hibernate.SQL                        : 
    insert 
    into
        role_permissions
        (role_id, permission_id) 
    values
        (?, ?)
Hibernate: 
    insert 
    into
        role_permissions
        (role_id, permission_id) 
    values
        (?, ?)
2025-12-28T16:03:07.361+01:00 DEBUG 157899 --- [smboutique-backend] [           main] org.hibernate.SQL                        : 
    insert 
    into
        role_permissions
        (role_id, permission_id) 
    values
        (?, ?)
Hibernate: 
    insert 
    into
        role_permissions
        (role_id, permission_id) 
    values
        (?, ?)
2025-12-28T16:03:07.361+01:00 DEBUG 157899 --- [smboutique-backend] [           main] org.hibernate.SQL                        : 
    insert 
    into
        role_permissions
        (role_id, permission_id) 
    values
        (?, ?)
Hibernate: 
    insert 
    into
        role_permissions
        (role_id, permission_id) 
    values
        (?, ?)
2025-12-28T16:03:07.361+01:00 DEBUG 157899 --- [smboutique-backend] [           main] org.hibernate.SQL                        : 
    insert 
    into
        role_permissions
        (role_id, permission_id) 
    values
        (?, ?)
Hibernate: 
    insert 
    into
        role_permissions
        (role_id, permission_id) 
    values
        (?, ?)
2025-12-28T16:03:07.362+01:00 DEBUG 157899 --- [smboutique-backend] [           main] org.hibernate.SQL                        : 
    insert 
    into
        role_permissions
        (role_id, permission_id) 
    values
        (?, ?)
Hibernate: 
    insert 
    into
        role_permissions
        (role_id, permission_id) 
    values
        (?, ?)
2025-12-28T16:03:07.362+01:00 DEBUG 157899 --- [smboutique-backend] [           main] org.hibernate.SQL                        : 
    insert 
    into
        role_permissions
        (role_id, permission_id) 
    values
        (?, ?)
Hibernate: 
    insert 
    into
        role_permissions
        (role_id, permission_id) 
    values
        (?, ?)
2025-12-28T16:03:07.362+01:00 DEBUG 157899 --- [smboutique-backend] [           main] org.hibernate.SQL                        : 
    insert 
    into
        role_permissions
        (role_id, permission_id) 
    values
        (?, ?)
Hibernate: 
    insert 
    into
        role_permissions
        (role_id, permission_id) 
    values
        (?, ?)
2025-12-28T16:03:07.363+01:00 DEBUG 157899 --- [smboutique-backend] [           main] org.hibernate.SQL                        : 
    insert 
    into
        role_permissions
        (role_id, permission_id) 
    values
        (?, ?)
Hibernate: 
    insert 
    into
        role_permissions
        (role_id, permission_id) 
    values
        (?, ?)
2025-12-28T16:03:07.370+01:00 DEBUG 157899 --- [smboutique-backend] [           main] o.s.orm.jpa.JpaTransactionManager        : Closing JPA EntityManager [SessionImpl(438765436<open>)] after transaction
2025-12-28T16:03:07.370+01:00 DEBUG 157899 --- [smboutique-backend] [           main] c.smboutique.api.config.DataInitializer  : Role CASHIER created with 8 permissions
2025-12-28T16:03:07.370+01:00  INFO 157899 --- [smboutique-backend] [           main] c.smboutique.api.config.DataInitializer  : Created 5 roles with permissions
2025-12-28T16:03:07.371+01:00  INFO 157899 --- [smboutique-backend] [           main] c.smboutique.api.config.DataInitializer  : Initializing boutique...
2025-12-28T16:03:07.371+01:00 DEBUG 157899 --- [smboutique-backend] [           main] o.s.orm.jpa.JpaTransactionManager        : Creating new transaction with name [org.springframework.data.jpa.repository.support.SimpleJpaRepository.count]: PROPAGATION_REQUIRED,ISOLATION_DEFAULT,readOnly
2025-12-28T16:03:07.372+01:00 DEBUG 157899 --- [smboutique-backend] [           main] o.s.orm.jpa.JpaTransactionManager        : Opened new EntityManager [SessionImpl(93450700<open>)] for JPA transaction
2025-12-28T16:03:07.372+01:00 DEBUG 157899 --- [smboutique-backend] [           main] o.s.orm.jpa.JpaTransactionManager        : Exposing JPA transaction as JDBC [org.springframework.orm.jpa.vendor.HibernateJpaDialect$HibernateConnectionHandle@3483bb28]
2025-12-28T16:03:07.374+01:00  WARN 157899 --- [smboutique-backend] [           main] org.hibernate.orm.deprecation            : HHH90000021: Encountered deprecated setting [javax.persistence.query.timeout], use [jakarta.persistence.query.timeout] instead
2025-12-28T16:03:07.375+01:00 DEBUG 157899 --- [smboutique-backend] [           main] org.hibernate.SQL                        : 
    select
        count(*) 
    from
        boutique b1_0
Hibernate: 
    select
        count(*) 
    from
        boutique b1_0
2025-12-28T16:03:07.377+01:00 DEBUG 157899 --- [smboutique-backend] [           main] o.s.orm.jpa.JpaTransactionManager        : Initiating transaction commit
2025-12-28T16:03:07.377+01:00 DEBUG 157899 --- [smboutique-backend] [           main] o.s.orm.jpa.JpaTransactionManager        : Committing JPA transaction on EntityManager [SessionImpl(93450700<open>)]
2025-12-28T16:03:07.378+01:00 DEBUG 157899 --- [smboutique-backend] [           main] o.s.orm.jpa.JpaTransactionManager        : Closing JPA EntityManager [SessionImpl(93450700<open>)] after transaction
2025-12-28T16:03:07.379+01:00 DEBUG 157899 --- [smboutique-backend] [           main] o.s.orm.jpa.JpaTransactionManager        : Creating new transaction with name [org.springframework.data.jpa.repository.support.SimpleJpaRepository.save]: PROPAGATION_REQUIRED,ISOLATION_DEFAULT
2025-12-28T16:03:07.379+01:00 DEBUG 157899 --- [smboutique-backend] [           main] o.s.orm.jpa.JpaTransactionManager        : Opened new EntityManager [SessionImpl(1010621670<open>)] for JPA transaction
2025-12-28T16:03:07.380+01:00 DEBUG 157899 --- [smboutique-backend] [           main] o.s.orm.jpa.JpaTransactionManager        : Exposing JPA transaction as JDBC [org.springframework.orm.jpa.vendor.HibernateJpaDialect$HibernateConnectionHandle@35453dc]
2025-12-28T16:03:07.381+01:00 DEBUG 157899 --- [smboutique-backend] [           main] org.hibernate.SQL                        : 
    insert 
    into
        boutique
        (adresse, logo, nom, quartier, telephone) 
    values
        (?, ?, ?, ?, ?)
Hibernate: 
    insert 
    into
        boutique
        (adresse, logo, nom, quartier, telephone) 
    values
        (?, ?, ?, ?, ?)
2025-12-28T16:03:07.385+01:00 DEBUG 157899 --- [smboutique-backend] [           main] o.s.orm.jpa.JpaTransactionManager        : Initiating transaction commit
2025-12-28T16:03:07.385+01:00 DEBUG 157899 --- [smboutique-backend] [           main] o.s.orm.jpa.JpaTransactionManager        : Committing JPA transaction on EntityManager [SessionImpl(1010621670<open>)]
2025-12-28T16:03:07.387+01:00 DEBUG 157899 --- [smboutique-backend] [           main] o.s.orm.jpa.JpaTransactionManager        : Closing JPA EntityManager [SessionImpl(1010621670<open>)] after transaction
2025-12-28T16:03:07.387+01:00  INFO 157899 --- [smboutique-backend] [           main] c.smboutique.api.config.DataInitializer  : Default boutique created
2025-12-28T16:03:07.387+01:00  INFO 157899 --- [smboutique-backend] [           main] c.smboutique.api.config.DataInitializer  : Initializing superadmin...
2025-12-28T16:03:07.388+01:00 DEBUG 157899 --- [smboutique-backend] [           main] tor$SharedEntityManagerInvocationHandler : Creating new EntityManager for shared EntityManager invocation
2025-12-28T16:03:07.390+01:00  WARN 157899 --- [smboutique-backend] [           main] org.hibernate.orm.deprecation            : HHH90000021: Encountered deprecated setting [javax.persistence.query.timeout], use [jakarta.persistence.query.timeout] instead
2025-12-28T16:03:07.392+01:00 DEBUG 157899 --- [smboutique-backend] [           main] org.hibernate.SQL                        : 
    select
        u1_0.id_utilisateur,
        u1_0.adresse,
        u1_0.avatar,
        u1_0.boutique_id,
        u1_0.contact_utilisateur,
        u1_0.email,
        u1_0.mot_de_passe_utilisateur,
        u1_0.nom_utilisateur,
        u1_0.prenom_utilisateur,
        u1_0.psedeau_utilisateur,
        u1_0.reset_token,
        u1_0.reset_token_expire,
        u1_0.statut,
        u1_0.type_utilisateur 
    from
        utilisateur u1_0 
    where
        upper(u1_0.email)=upper(?)
Hibernate: 
    select
        u1_0.id_utilisateur,
        u1_0.adresse,
        u1_0.avatar,
        u1_0.boutique_id,
        u1_0.contact_utilisateur,
        u1_0.email,
        u1_0.mot_de_passe_utilisateur,
        u1_0.nom_utilisateur,
        u1_0.prenom_utilisateur,
        u1_0.psedeau_utilisateur,
        u1_0.reset_token,
        u1_0.reset_token_expire,
        u1_0.statut,
        u1_0.type_utilisateur 
    from
        utilisateur u1_0 
    where
        upper(u1_0.email)=upper(?)
2025-12-28T16:03:07.399+01:00  INFO 157899 --- [smboutique-backend] [           main] c.smboutique.api.config.DataInitializer  : Superadmin not found, creating...
2025-12-28T16:03:07.399+01:00 DEBUG 157899 --- [smboutique-backend] [           main] o.s.orm.jpa.JpaTransactionManager        : Creating new transaction with name [org.springframework.data.jpa.repository.support.SimpleJpaRepository.findAll]: PROPAGATION_REQUIRED,ISOLATION_DEFAULT,readOnly
2025-12-28T16:03:07.400+01:00 DEBUG 157899 --- [smboutique-backend] [           main] o.s.orm.jpa.JpaTransactionManager        : Opened new EntityManager [SessionImpl(462439480<open>)] for JPA transaction
2025-12-28T16:03:07.400+01:00 DEBUG 157899 --- [smboutique-backend] [           main] o.s.orm.jpa.JpaTransactionManager        : Exposing JPA transaction as JDBC [org.springframework.orm.jpa.vendor.HibernateJpaDialect$HibernateConnectionHandle@28ad61c1]
2025-12-28T16:03:07.401+01:00  WARN 157899 --- [smboutique-backend] [           main] org.hibernate.orm.deprecation            : HHH90000021: Encountered deprecated setting [javax.persistence.query.timeout], use [jakarta.persistence.query.timeout] instead
2025-12-28T16:03:07.404+01:00 DEBUG 157899 --- [smboutique-backend] [           main] org.hibernate.SQL                        : 
    select
        b1_0.id_boutique,
        b1_0.adresse,
        b1_0.logo,
        b1_0.nom,
        b1_0.quartier,
        b1_0.telephone 
    from
        boutique b1_0
Hibernate: 
    select
        b1_0.id_boutique,
        b1_0.adresse,
        b1_0.logo,
        b1_0.nom,
        b1_0.quartier,
        b1_0.telephone 
    from
        boutique b1_0
2025-12-28T16:03:07.407+01:00 DEBUG 157899 --- [smboutique-backend] [           main] o.s.orm.jpa.JpaTransactionManager        : Initiating transaction commit
2025-12-28T16:03:07.407+01:00 DEBUG 157899 --- [smboutique-backend] [           main] o.s.orm.jpa.JpaTransactionManager        : Committing JPA transaction on EntityManager [SessionImpl(462439480<open>)]
2025-12-28T16:03:07.408+01:00 DEBUG 157899 --- [smboutique-backend] [           main] o.s.orm.jpa.JpaTransactionManager        : Closing JPA EntityManager [SessionImpl(462439480<open>)] after transaction
2025-12-28T16:03:07.408+01:00 DEBUG 157899 --- [smboutique-backend] [           main] c.smboutique.api.config.DataInitializer  : Retrieved boutique: Boutique Principale
2025-12-28T16:03:07.409+01:00 DEBUG 157899 --- [smboutique-backend] [           main] tor$SharedEntityManagerInvocationHandler : Creating new EntityManager for shared EntityManager invocation
2025-12-28T16:03:07.409+01:00  WARN 157899 --- [smboutique-backend] [           main] org.hibernate.orm.deprecation            : HHH90000021: Encountered deprecated setting [javax.persistence.query.timeout], use [jakarta.persistence.query.timeout] instead
2025-12-28T16:03:07.411+01:00 DEBUG 157899 --- [smboutique-backend] [           main] org.hibernate.SQL                        : 
    select
        r1_0.id_role,
        r1_0.description,
        r1_0.name 
    from
        role r1_0 
    where
        r1_0.name=?
Hibernate: 
    select
        r1_0.id_role,
        r1_0.description,
        r1_0.name 
    from
        role r1_0 
    where
        r1_0.name=?
2025-12-28T16:03:07.415+01:00 DEBUG 157899 --- [smboutique-backend] [           main] org.hibernate.SQL                        : 
    select
        p1_0.role_id,
        p1_1.id_permission,
        p1_1.description,
        p1_1.name 
    from
        role_permissions p1_0 
    join
        permission p1_1 
            on p1_1.id_permission=p1_0.permission_id 
    where
        p1_0.role_id=?
Hibernate: 
    select
        p1_0.role_id,
        p1_1.id_permission,
        p1_1.description,
        p1_1.name 
    from
        role_permissions p1_0 
    join
        permission p1_1 
            on p1_1.id_permission=p1_0.permission_id 
    where
        p1_0.role_id=?
2025-12-28T16:03:07.435+01:00 DEBUG 157899 --- [smboutique-backend] [           main] c.smboutique.api.config.DataInitializer  : Retrieved SUPERADMIN role with 38 permissions
2025-12-28T16:03:07.587+01:00  INFO 157899 --- [smboutique-backend] [           main] c.smboutique.api.config.DataInitializer  : Saving superadmin user...
2025-12-28T16:03:07.587+01:00 DEBUG 157899 --- [smboutique-backend] [           main] o.s.orm.jpa.JpaTransactionManager        : Creating new transaction with name [org.springframework.data.jpa.repository.support.SimpleJpaRepository.save]: PROPAGATION_REQUIRED,ISOLATION_DEFAULT
2025-12-28T16:03:07.587+01:00 DEBUG 157899 --- [smboutique-backend] [           main] o.s.orm.jpa.JpaTransactionManager        : Opened new EntityManager [SessionImpl(20131634<open>)] for JPA transaction
2025-12-28T16:03:07.588+01:00 DEBUG 157899 --- [smboutique-backend] [           main] o.s.orm.jpa.JpaTransactionManager        : Exposing JPA transaction as JDBC [org.springframework.orm.jpa.vendor.HibernateJpaDialect$HibernateConnectionHandle@7e14c05]
2025-12-28T16:03:07.589+01:00 DEBUG 157899 --- [smboutique-backend] [           main] org.hibernate.SQL                        : 
    insert 
    into
        utilisateur
        (adresse, avatar, boutique_id, contact_utilisateur, email, mot_de_passe_utilisateur, nom_utilisateur, prenom_utilisateur, psedeau_utilisateur, reset_token, reset_token_expire, statut, type_utilisateur) 
    values
        (?, ?, ?, ?, ?, ?, ?, ?, ?, ?, ?, ?, ?)
Hibernate: 
    insert 
    into
        utilisateur
        (adresse, avatar, boutique_id, contact_utilisateur, email, mot_de_passe_utilisateur, nom_utilisateur, prenom_utilisateur, psedeau_utilisateur, reset_token, reset_token_expire, statut, type_utilisateur) 
    values
        (?, ?, ?, ?, ?, ?, ?, ?, ?, ?, ?, ?, ?)
2025-12-28T16:03:07.590+01:00 DEBUG 157899 --- [smboutique-backend] [           main] o.s.orm.jpa.JpaTransactionManager        : Initiating transaction commit
2025-12-28T16:03:07.590+01:00 DEBUG 157899 --- [smboutique-backend] [           main] o.s.orm.jpa.JpaTransactionManager        : Committing JPA transaction on EntityManager [SessionImpl(20131634<open>)]
2025-12-28T16:03:07.591+01:00 DEBUG 157899 --- [smboutique-backend] [           main] org.hibernate.SQL                        : 
    insert 
    into
        utilisateur_roles
        (utilisateur_id, role_id) 
    values
        (?, ?)
Hibernate: 
    insert 
    into
        utilisateur_roles
        (utilisateur_id, role_id) 
    values
        (?, ?)
2025-12-28T16:03:07.648+01:00 DEBUG 157899 --- [smboutique-backend] [           main] o.s.orm.jpa.JpaTransactionManager        : Closing JPA EntityManager [SessionImpl(20131634<open>)] after transaction
2025-12-28T16:03:07.648+01:00  INFO 157899 --- [smboutique-backend] [           main] c.smboutique.api.config.DataInitializer  : Superadmin user created successfully with email: barrymoustapha908@gmail.com
2025-12-28T16:03:07.648+01:00  INFO 157899 --- [smboutique-backend] [           main] c.smboutique.api.config.DataInitializer  : Data initialization completed.
2025-12-28T16:14:10.542+01:00  INFO 157899 --- [smboutique-backend] [ionShutdownHook] o.s.b.w.e.tomcat.GracefulShutdown        : Commencing graceful shutdown. Waiting for active requests to complete
2025-12-28T16:14:10.550+01:00  INFO 157899 --- [smboutique-backend] [tomcat-shutdown] o.s.b.w.e.tomcat.GracefulShutdown        : Graceful shutdown complete
2025-12-28T16:14:10.566+01:00  INFO 157899 --- [smboutique-backend] [ionShutdownHook] j.LocalContainerEntityManagerFactoryBean : Closing JPA EntityManagerFactory for persistence unit 'default'
2025-12-28T16:14:10.568+01:00  INFO 157899 --- [smboutique-backend] [ionShutdownHook] com.zaxxer.hikari.HikariDataSource       : HikariPool-1 - Shutdown initiated...
2025-12-28T16:14:10.578+01:00  INFO 157899 --- [smboutique-backend] [ionShutdownHook] com.zaxxer.hikari.HikariDataSource       : HikariPool-1 - Shutdown completed.
